0.04748 0.303632	-0.0250993	0.642542	0.303632	-0.0250993	0.642542	0.303632	-0.0250993	0.642542	0.303632	-0.0250993	0.642542	-0	-0	-0	-0	-0	-0	0	0	0	0	0	0	
0.00413 0.303632	-0.0250993	0.642542	0.303632	-0.0250993	0.642542	0.303632	-0.0250993	0.642542	0.303632	-0.0250993	0.642542	-3.33067e-15	3.9968e-15	3.21965e-15	-1.11022e-15	3.19189e-16	-1.38778e-17	-2.22045e-15	1.26565e-14	-1.43219e-14	-1.82299	0.784543	0.247384	
0.00216 0.303632	-0.0250993	0.642542	0.303633	-0.0250998	0.642536	0.303632	-0.0250993	0.642542	0.303633	-0.0250998	0.642536	-0.0962016	0.075048	-0.0802375	0.0217606	0.00952941	0.00867018	0.0961209	-0.0754	0.080678	-1.84474	0.775029	0.238723	
0.01381 0.303632	-0.0250993	0.642542	0.303636	-0.0250984	0.642535	0.303632	-0.0250993	0.642542	0.303636	-0.0250984	0.642535	-0.240619	0.232327	-0.0154901	0.0426941	0.0360679	0.0209348	0.240198	-0.23282	0.0158948	-1.86567	0.748506	0.226459	
0.00268 0.303632	-0.0250993	0.642542	0.303636	-0.0250998	0.642534	0.303632	-0.0250993	0.642542	0.303636	-0.0250998	0.642534	-0.239596	0.235366	-0.0183285	0.0429297	0.0359225	0.0207742	0.239213	-0.235847	0.0189177	-1.86591	0.748647	0.226624	
0.0022 0.303632	-0.0250993	0.642542	0.303636	-0.0250999	0.642535	0.303632	-0.0250993	0.642542	0.303636	-0.0250999	0.642535	-0.241203	0.240126	-0.0215385	0.0433628	0.0360056	0.020603	0.240833	-0.240543	0.0220779	-1.86634	0.748564	0.226792	
0.00116 0.303632	-0.0250993	0.642542	0.303636	-0.0251005	0.642534	0.303632	-0.0250993	0.642542	0.303637	-0.0251005	0.642534	-0.243337	0.244785	-0.023807	0.043797	0.0361518	0.0204764	0.24289	-0.245227	0.0244651	-1.86677	0.748419	0.226922	
0.00136 0.303632	-0.0250993	0.642542	0.303636	-0.0251002	0.642535	0.303632	-0.0250993	0.642542	0.303636	-0.0251003	0.642535	-0.244456	0.248254	-0.0247267	0.0440747	0.0362468	0.020449	0.244047	-0.248668	0.0253132	-1.86705	0.748324	0.226944	
0.00133 0.303632	-0.0250993	0.642542	0.303637	-0.0251004	0.642534	0.303632	-0.0250993	0.642542	0.303637	-0.0251004	0.642534	-0.244597	0.251049	-0.0248881	0.044265	0.0362618	0.0204848	0.244069	-0.251484	0.0255218	-1.86724	0.748308	0.226912	
0.00476 0.303632	-0.0250993	0.642542	0.303637	-0.0251003	0.642535	0.303632	-0.0250993	0.642542	0.303637	-0.0251004	0.642535	-0.244766	0.253006	-0.0259613	0.0443751	0.0362065	0.0205229	0.244307	-0.253383	0.0265211	-1.86735	0.748367	0.226871	
0.00446 0.303632	-0.0250993	0.642542	0.303638	-0.0250996	0.642534	0.303632	-0.0250993	0.642542	0.303638	-0.0250997	0.642534	-0.246087	0.253655	-0.0290336	0.0443221	0.0361635	0.0205926	0.245468	-0.254148	0.0296249	-1.8673	0.748409	0.226805	
0.00258 0.303632	-0.0250993	0.642542	0.303636	-0.0251012	0.642534	0.303632	-0.0250993	0.642542	0.303636	-0.0251012	0.642535	-0.24977	0.25476	-0.0320207	0.044304	0.0363661	0.0207256	0.249349	-0.255109	0.0326757	-1.86728	0.748203	0.226668	
0.00166 0.303632	-0.0250993	0.642542	0.303636	-0.0251008	0.642535	0.303632	-0.0250993	0.642542	0.303636	-0.0251009	0.642535	-0.256798	0.257952	-0.0313576	0.0445732	0.0370543	0.0208948	0.256377	-0.258283	0.0319449	-1.86755	0.747516	0.226496	
0.00285 0.303632	-0.0250993	0.642542	0.303637	-0.0251022	0.642531	0.303632	-0.0250993	0.642542	0.303638	-0.0251023	0.642531	-0.26129	0.258057	-0.0248059	0.0446085	0.037671	0.0210338	0.260743	-0.25854	0.0257557	-1.86758	0.746903	0.226371	
0.0021 0.303632	-0.0250993	0.642542	0.303638	-0.0251007	0.642531	0.303632	-0.0250993	0.642542	0.303638	-0.0251008	0.642531	-0.258218	0.252657	-0.0128632	0.044135	0.0376636	0.0210748	0.257632	-0.25328	0.0137419	-1.86711	0.746912	0.22633	
0.0052 0.303632	-0.0250993	0.642542	0.303637	-0.0251004	0.642533	0.303632	-0.0250993	0.642542	0.303637	-0.0251005	0.642533	-0.250079	0.250598	-0.000208184	0.0440499	0.0371479	0.0209622	0.249542	-0.251128	0.000946949	-1.86702	0.747426	0.226437	
0.00412 0.303632	-0.0250993	0.642542	0.303637	-0.0251005	0.642533	0.303632	-0.0250993	0.642542	0.303637	-0.0251006	0.642533	-0.233646	0.260399	0.0101638	0.0451894	0.035717	0.0206998	0.233151	-0.260881	-0.00946273	-1.86817	0.748853	0.2267	
0.00309 0.303632	-0.0250993	0.642542	0.303636	-0.0251015	0.642535	0.303632	-0.0250993	0.642542	0.303636	-0.0251016	0.642535	-0.20841	0.281796	0.0196974	0.047467	0.0334342	0.020462	0.208009	-0.282088	-0.0190564	-1.87044	0.751134	0.226934	
0.00222 0.303632	-0.0250993	0.642542	0.303636	-0.0251015	0.642535	0.303632	-0.0250993	0.642542	0.303636	-0.0251016	0.642535	-0.182608	0.306348	0.0325701	0.0500872	0.0312935	0.020379	0.182242	-0.306649	-0.0319271	-1.87306	0.753275	0.227017	
0.00465 0.303632	-0.0250993	0.642542	0.303637	-0.025102	0.642533	0.303632	-0.0250993	0.642542	0.303637	-0.0251021	0.642534	-0.162841	0.326032	0.0500987	0.0522669	0.0299576	0.0204589	0.162361	-0.326395	-0.049312	-1.87524	0.754613	0.226939	
0.00609 0.303632	-0.0250993	0.642542	0.303636	-0.025103	0.642534	0.303632	-0.0250993	0.642542	0.303636	-0.0251031	0.642534	-0.155396	0.343349	0.0664413	0.0541583	0.0298469	0.020655	0.155026	-0.343603	-0.0656287	-1.87714	0.75472	0.226741	
0.00312 0.303632	-0.0250993	0.642542	0.303636	-0.0251003	0.642531	0.303632	-0.0250993	0.642542	0.303636	-0.0251005	0.642532	-0.163864	0.363028	0.0759729	0.0561695	0.031119	0.0208618	0.163455	-0.363643	-0.0751602	-1.87914	0.753453	0.226539	
0.00388 0.303632	-0.0250993	0.642542	0.303637	-0.0250997	0.642528	0.303632	-0.0250993	0.642542	0.303637	-0.0250999	0.642529	-0.18464	0.382308	0.0785459	0.0580423	0.0333524	0.0209849	0.184098	-0.383176	-0.0775542	-1.88102	0.751224	0.226423	
0.00356 0.303632	-0.0250993	0.642542	0.303638	-0.0251008	0.642529	0.303632	-0.0250993	0.642542	0.303638	-0.025101	0.642529	-0.205977	0.390983	0.0792769	0.0587993	0.0354823	0.0210099	0.205383	-0.391742	-0.0782438	-1.88177	0.749094	0.226396	
0.00528 0.303632	-0.0250993	0.642542	0.303638	-0.025102	0.642531	0.303632	-0.0250993	0.642542	0.303639	-0.0251023	0.642531	-0.215169	0.376781	0.0837443	0.0572083	0.0364065	0.0210164	0.214515	-0.377302	-0.0827775	-1.88018	0.74817	0.22639	
0.00459 0.303632	-0.0250993	0.642542	0.303637	-0.0251018	0.642534	0.303632	-0.0250993	0.642542	0.303637	-0.025102	0.642534	-0.205049	0.335086	0.0934504	0.0527715	0.0354659	0.0210594	0.20456	-0.335409	-0.0927292	-1.87575	0.749107	0.22634	
0.00254 0.303632	-0.0250993	0.642542	0.303635	-0.0251017	0.642535	0.303632	-0.0250993	0.642542	0.303636	-0.0251019	0.642535	-0.178024	0.274774	0.106852	0.0463851	0.0328653	0.0211672	0.177702	-0.275054	-0.106203	-1.86936	0.751704	0.226228	
0.0014 0.303632	-0.0250993	0.642542	0.303634	-0.0251021	0.642536	0.303632	-0.0250993	0.642542	0.303635	-0.0251024	0.642537	-0.153602	0.219455	0.116812	0.0404776	0.0304114	0.0213298	0.153367	-0.21962	-0.116227	-1.86346	0.754149	0.226065	
0.00374 0.303632	-0.0250993	0.642542	0.303634	-0.0250989	0.642534	0.303632	-0.0250993	0.642542	0.303634	-0.0250992	0.642534	-0.149487	0.186071	0.118189	0.0368586	0.0297573	0.0213952	0.149267	-0.186616	-0.117666	-1.85984	0.754804	0.226004	
0.00517 0.303632	-0.0250993	0.642542	0.303637	-0.0250982	0.64253	0.303632	-0.0250993	0.642542	0.303637	-0.0250985	0.64253	-0.159246	0.171653	0.114322	0.0353254	0.0302359	0.0211339	0.158771	-0.172536	-0.113532	-1.8583	0.75433	0.22627	
0.002341 0.303632	-0.0250993	0.642542	0.303639	-0.0251011	0.642528	0.303632	-0.0250993	0.642542	0.30364	-0.0251014	0.642528	-0.162924	0.166874	0.105807	0.0348031	0.0296919	0.020467	0.162171	-0.16768	-0.104667	-1.85778	0.75488	0.226945	
0.00181 0.303632	-0.0250993	0.642542	0.30364	-0.0251009	0.642524	0.303632	-0.0250993	0.642542	0.30364	-0.0251012	0.642525	-0.151655	0.163563	0.0886477	0.0341976	0.0270921	0.0195862	0.150818	-0.164609	-0.0872851	-1.85717	0.757488	0.227834	
0.00181 0.303632	-0.0250993	0.642542	0.303643	-0.0251037	0.642521	0.303632	-0.0250993	0.642542	0.303644	-0.0251041	0.642521	-0.132326	0.157464	0.0637025	0.0330151	0.0233132	0.0187921	0.131167	-0.15851	-0.0619157	-1.85598	0.761276	0.228635	
0.00193 0.303632	-0.0250993	0.642542	0.303647	-0.0251012	0.642521	0.303632	-0.0250993	0.642542	0.303647	-0.0251015	0.642522	-0.110122	0.142318	0.0369374	0.0307142	0.0192477	0.0182887	0.108597	-0.14352	-0.0353433	-1.85368	0.765348	0.229139	
0.00523 0.303632	-0.0250993	0.642542	0.303647	-0.0251019	0.642523	0.303632	-0.0250993	0.642542	0.303647	-0.0251022	0.642524	-0.0817868	0.109159	0.0147827	0.0264814	0.0148923	0.0181295	0.0802931	-0.110182	-0.0132754	-1.84945	0.769699	0.229293	
0.00242 0.303632	-0.0250993	0.642542	0.303646	-0.0251031	0.642525	0.303632	-0.0250993	0.642542	0.303646	-0.0251034	0.642525	-0.046857	0.0610752	0.00107722	0.0206884	0.0104762	0.0182895	0.0454683	-0.06192	0.000410975	-1.84366	0.774108	0.229132	
0.00176 0.303632	-0.0250993	0.642542	0.303643	-0.0251003	0.642529	0.303632	-0.0250993	0.642542	0.303644	-0.0251006	0.64253	-0.0116148	0.00971167	-0.00476681	0.0145704	0.00672185	0.0186679	0.0104803	-0.010449	0.00572552	-1.83754	0.777851	0.228748	
0.00306 0.303632	-0.0250993	0.642542	0.303638	-0.0251006	0.642533	0.303632	-0.0250993	0.642542	0.303639	-0.0251009	0.642533	0.0135874	-0.0334534	-0.00521547	0.00945525	0.00454455	0.0190452	-0.0142297	0.0329461	0.0059632	-1.83243	0.780017	0.228363	
0.0027 0.303632	-0.0250993	0.642542	0.303635	-0.0251033	0.642532	0.303632	-0.0250993	0.642542	0.303635	-0.0251036	0.642533	0.0159412	-0.0495563	-0.0029224	0.00751513	0.00501696	0.019193	-0.0162297	0.0492155	0.00387019	-1.8305	0.779534	0.228217	
0.00525 0.303632	-0.0250993	0.642542	0.303633	-0.0251042	0.642531	0.303632	-0.0250993	0.642542	0.303634	-0.0251045	0.642531	-0.0122096	-0.0251989	0.000811174	0.0102664	0.00871909	0.0190688	0.0120856	0.0247891	0.000327315	-1.83325	0.775831	0.228344	
0.00499 0.303632	-0.0250993	0.642542	0.303632	-0.0251062	0.64253	0.303632	-0.0250993	0.642542	0.303633	-0.0251065	0.64253	-0.069277	0.0323758	0.00471126	0.0168864	0.0152772	0.0188467	0.0692271	-0.0327083	-0.00336687	-1.83987	0.769277	0.228568	
0.00223 0.303632	-0.0250993	0.642542	0.303637	-0.0251069	0.642524	0.303632	-0.0250993	0.642542	0.303637	-0.0251073	0.642524	-0.141233	0.103253	0.00281099	0.0249926	0.0228541	0.0186767	0.1407	-0.103921	-0.00098764	-1.84797	0.761713	0.22875	
0.00132 0.303632	-0.0250993	0.642542	0.303645	-0.0251052	0.642515	0.303632	-0.0250993	0.642542	0.303646	-0.0251055	0.642515	-0.206327	0.158428	-0.0108229	0.0311004	0.0288807	0.0187284	0.204922	-0.159803	0.0131721	-1.85406	0.755706	0.228715	
0.00102 0.303632	-0.0250993	0.642542	0.303659	-0.025105	0.642505	0.303632	-0.0250993	0.642542	0.303659	-0.0251053	0.642505	-0.243857	0.170876	-0.0349873	0.0319899	0.0313152	0.0191938	0.241069	-0.172892	0.0380342	-1.85494	0.753293	0.228278	
0.00098 0.303632	-0.0250993	0.642542	0.303674	-0.0251017	0.642497	0.303632	-0.0250993	0.642542	0.303674	-0.0251021	0.642497	-0.231288	0.127065	-0.0652825	0.0260795	0.0280544	0.0199427	0.226949	-0.129812	0.0686928	-1.84902	0.756567	0.227557	
0.00358 0.303632	-0.0250993	0.642542	0.30369	-0.0251012	0.642485	0.303632	-0.0250993	0.642542	0.30369	-0.0251016	0.642486	-0.154854	0.0244392	-0.0982696	0.0131749	0.0178318	0.0206581	0.148884	-0.0279102	0.102433	-1.8361	0.766804	0.226882	
0.00362 0.303632	-0.0250993	0.642542	0.303703	-0.0250975	0.642477	0.303632	-0.0250993	0.642542	0.303704	-0.0250979	0.642477	-0.0206277	-0.129613	-0.128104	-0.0056673	0.00155459	0.021176	0.0132869	0.125358	0.132613	-1.81725	0.783089	0.226392	
0.00332 0.303632	-0.0250993	0.642542	0.303708	-0.0250979	0.642474	0.303632	-0.0250993	0.642542	0.303708	-0.0250983	0.642474	0.14847	-0.314556	-0.147276	-0.0278726	-0.0180171	0.0215255	-0.156254	0.310132	0.152038	-1.79505	0.802658	0.226059	
0.00253 0.303632	-0.0250993	0.642542	0.303707	-0.0250986	0.642472	0.303632	-0.0250993	0.642542	0.303707	-0.0250989	0.642473	0.319412	-0.497494	-0.14736	-0.0495135	-0.0370041	0.0218177	-0.327123	0.493012	0.152274	-1.77341	0.821642	0.225769	
0.00213 0.303632	-0.0250993	0.642542	0.303702	-0.0251033	0.642471	0.303632	-0.0250993	0.642542	0.303702	-0.0251036	0.642471	0.45934	-0.641552	-0.123558	-0.0662738	-0.0517257	0.0220164	-0.466532	0.637268	0.128921	-1.75665	0.836354	0.225575	
0.00196 0.303632	-0.0250993	0.642542	0.303691	-0.0251052	0.642471	0.303632	-0.0250993	0.642542	0.303692	-0.0251055	0.642471	0.541992	-0.715276	-0.0819529	-0.0746246	-0.0595886	0.0220047	-0.548158	0.711109	0.0874261	-1.7483	0.84421	0.22558	
0.00602 0.303632	-0.0250993	0.642542	0.303657	-0.0251027	0.642472	0.303632	-0.0250993	0.642542	0.303657	-0.025103	0.642473	0.274956	-0.388976	0.0418367	-0.0367239	-0.0280241	0.0204176	-0.277671	0.384558	-0.0366125	-1.78622	0.812625	0.227126	
0.00538 0.303632	-0.0250993	0.642542	0.303656	-0.0251028	0.64247	0.303632	-0.0250993	0.642542	0.303656	-0.025103	0.64247	0.0445088	-0.146879	0.0609864	-0.00934892	-0.00337557	0.0197094	-0.0471189	0.142275	-0.0555634	-1.81359	0.78798	0.227838	
0.0034 0.303632	-0.0250993	0.642542	0.30366	-0.0250997	0.642462	0.303632	-0.0250993	0.642542	0.30366	-0.0251	0.642463	-0.188423	0.0912527	0.0623857	0.0170989	0.0207929	0.019295	0.185386	-0.096568	-0.0566502	-1.84003	0.763824	0.228264	
0.00497 0.303632	-0.0250993	0.642542	0.303669	-0.0250997	0.642452	0.303632	-0.0250993	0.642542	0.30367	-0.0251	0.642452	-0.37169	0.2738	0.0520208	0.0369348	0.0390234	0.0192084	0.367655	-0.279806	-0.045519	-1.85986	0.745611	0.22838	
0.00304 0.303632	-0.0250993	0.642542	0.303686	-0.0251005	0.642437	0.303632	-0.0250993	0.642542	0.303686	-0.0251008	0.642438	-0.464139	0.364666	0.0339166	0.0461555	0.0469529	0.0193306	0.458396	-0.371519	-0.0263358	-1.86906	0.737704	0.228298	
0.00498 0.303632	-0.0250993	0.642542	0.303705	-0.0250999	0.642419	0.303632	-0.0250993	0.642542	0.303706	-0.0251003	0.642419	-0.448129	0.350339	0.00544118	0.0430387	0.0425784	0.0196004	0.440366	-0.358405	0.00341314	-1.86593	0.742103	0.228079	
0.00181 0.303632	-0.0250993	0.642542	0.303726	-0.0250997	0.642398	0.303632	-0.0250993	0.642542	0.303727	-0.0251	0.642399	-0.330754	0.235741	-0.0367695	0.0278482	0.0266048	0.0200609	0.320804	-0.24516	0.0470931	-1.85072	0.7581	0.227674	
0.00301 0.303632	-0.0250993	0.642542	0.303748	-0.0250976	0.64238	0.303632	-0.0250993	0.642542	0.303748	-0.025098	0.64238	-0.130088	0.0405587	-0.0946966	0.00263625	0.000979247	0.0206214	0.117937	-0.0512875	0.106193	-1.82549	0.783742	0.227168	
0.0014 0.303632	-0.0250993	0.642542	0.303765	-0.0250978	0.642364	0.303632	-0.0250993	0.642542	0.303766	-0.0250981	0.642364	0.130083	-0.203932	-0.164052	-0.0289474	-0.0315129	0.0210417	-0.144063	0.192161	0.176737	-1.7939	0.816249	0.226797	
0.00493 0.303632	-0.0250993	0.642542	0.303778	-0.0250943	0.642347	0.303632	-0.0250993	0.642542	0.303779	-0.0250947	0.642347	0.420838	-0.469191	-0.233925	-0.0632689	-0.0673307	0.02118	-0.436192	0.456077	0.247573	-1.75956	0.852078	0.226709	
0.0048 0.303632	-0.0250993	0.642542	0.303785	-0.025092	0.642341	0.303632	-0.0250993	0.642542	0.303785	-0.0250923	0.642341	0.703626	-0.726979	-0.298417	-0.0967133	-0.102124	0.0210374	-0.719666	0.713302	0.312347	-1.72612	0.886875	0.226871	
0.00555 0.303632	-0.0250993	0.642542	0.303786	-0.0250929	0.642331	0.303632	-0.0250993	0.642542	0.303786	-0.0250932	0.642331	0.936201	-0.943116	-0.350982	-0.125051	-0.131061	0.0207531	-0.952398	0.928816	0.3657	-1.69777	0.915819	0.227184	
0.00279 0.303632	-0.0250993	0.642542	0.303785	-0.0250915	0.642328	0.303632	-0.0250993	0.642542	0.303785	-0.0250918	0.642328	1.0881	-1.08886	-0.383072	-0.144682	-0.150473	0.0204817	-1.10419	1.07427	0.397892	-1.67814	0.935228	0.22746	
0.0039 0.303632	-0.0250993	0.642542	0.303786	-0.0250905	0.642316	0.303632	-0.0250993	0.642542	0.303786	-0.0250907	0.642317	1.14895	-1.15284	-0.393124	-0.154043	-0.159147	0.020192	-1.16521	1.13739	0.408701	-1.66877	0.943913	0.227772	
0.00305 0.303632	-0.0250993	0.642542	0.30379	-0.0250895	0.642305	0.303632	-0.0250993	0.642542	0.30379	-0.0250897	0.642305	1.12796	-1.14223	-0.381071	-0.153781	-0.158012	0.0198361	-1.1446	1.12596	0.397383	-1.66902	0.942795	0.228158	
0.00247 0.303632	-0.0250993	0.642542	0.3038	-0.0250905	0.64229	0.303632	-0.0250993	0.642542	0.3038	-0.0250906	0.64229	1.0523	-1.07967	-0.348361	-0.146489	-0.149949	0.0194343	-1.07001	1.06244	0.365863	-1.6763	0.934755	0.228597	
0.0052 0.303632	-0.0250993	0.642542	0.303815	-0.0250888	0.642272	0.303632	-0.0250993	0.642542	0.303815	-0.0250889	0.642272	0.955895	-0.999574	-0.303358	-0.13633	-0.138837	0.0190717	-0.975226	0.981053	0.322039	-1.68644	0.923667	0.229007	
0.00475 0.303632	-0.0250993	0.642542	0.303862	-0.0250876	0.642228	0.303632	-0.0250993	0.642542	0.303861	-0.0250877	0.642228	0.830921	-0.915265	-0.208244	-0.123416	-0.122605	0.0188548	-0.855049	0.893854	0.229989	-1.69932	0.907489	0.229353	
0.00487 0.303632	-0.0250993	0.642542	0.303886	-0.0250858	0.642206	0.303632	-0.0250993	0.642542	0.303886	-0.0250859	0.642206	0.872312	-0.941868	-0.167938	-0.125038	-0.125557	0.018864	-0.899012	0.918934	0.191122	-1.69768	0.910461	0.229408	
0.00238 0.303632	-0.0250993	0.642542	0.303913	-0.0250861	0.642182	0.303632	-0.0250993	0.642542	0.303913	-0.0250861	0.642182	0.988935	-1.01754	-0.139665	-0.132836	-0.137139	0.0187983	-1.01835	0.993126	0.164564	-1.68986	0.922066	0.22954	
0.00261 0.303632	-0.0250993	0.642542	0.303939	-0.0250855	0.642155	0.303632	-0.0250993	0.642542	0.303938	-0.0250856	0.642155	1.16014	-1.13651	-0.124902	-0.146229	-0.155485	0.0186001	-1.19226	1.11033	0.151692	-1.67645	0.940434	0.229807	
0.00232 0.303632	-0.0250993	0.642542	0.30396	-0.0250839	0.642131	0.303632	-0.0250993	0.642542	0.303959	-0.0250839	0.642131	1.36236	-1.28185	-0.120739	-0.163247	-0.178177	0.0181431	-1.39665	1.25398	0.149155	-1.65941	0.963143	0.230328	
0.0012 0.303632	-0.0250993	0.642542	0.303977	-0.0250829	0.642107	0.303632	-0.0250993	0.642542	0.303976	-0.0250829	0.642107	1.56505	-1.42589	-0.121377	-0.180634	-0.201799	0.0173009	-1.60117	1.39637	0.151462	-1.64201	0.986787	0.231235	
0.00102 0.303632	-0.0250993	0.642542	0.303994	-0.0250842	0.642083	0.303632	-0.0250993	0.642542	0.303993	-0.0250842	0.642082	1.73368	-1.54004	-0.123759	-0.195177	-0.222466	0.0161554	-1.77154	1.509	0.155689	-1.62744	1.00748	0.232445	
0.00163 0.303632	-0.0250993	0.642542	0.304008	-0.0250835	0.642057	0.303632	-0.0250993	0.642542	0.304007	-0.0250834	0.642057	1.84442	-1.60556	-0.129213	-0.204796	-0.23759	0.014806	-1.8838	1.57276	0.162948	-1.61781	1.02263	0.233861	
0.00123 0.303632	-0.0250993	0.642542	0.304021	-0.0250815	0.642037	0.303632	-0.0250993	0.642542	0.304021	-0.0250813	0.642037	1.88875	-1.61644	-0.141548	-0.208816	-0.246303	0.0133112	-1.92957	1.58219	0.176571	-1.61377	1.03136	0.235405	
0.00536 0.303632	-0.0250993	0.642542	0.304036	-0.025078	0.642014	0.303632	-0.0250993	0.642542	0.304035	-0.0250778	0.642014	1.86624	-1.57602	-0.164348	-0.207588	-0.248522	0.01184	-1.9086	1.54003	0.20077	-1.61498	1.0336	0.236927	
0.00323 0.303632	-0.0250993	0.642542	0.304055	-0.0250753	0.641986	0.303632	-0.0250993	0.642542	0.304054	-0.0250751	0.641985	1.78814	-1.49598	-0.200364	-0.202318	-0.245389	0.0105139	-1.83251	1.45791	0.238658	-1.62023	1.0305	0.238328	
0.00287 0.303632	-0.0250993	0.642542	0.304075	-0.0250736	0.641959	0.303632	-0.0250993	0.642542	0.304074	-0.0250734	0.641958	1.67547	-1.39251	-0.251463	-0.194653	-0.239116	0.00928719	-1.72196	1.35255	0.291587	-1.62787	1.02425	0.239625	
0.00482 0.303632	-0.0250993	0.642542	0.304097	-0.0250752	0.64193	0.303632	-0.0250993	0.642542	0.304096	-0.0250749	0.64193	1.5518	-1.28213	-0.313619	-0.186234	-0.231957	0.00813766	-1.6006	1.24044	0.355884	-1.63627	1.01713	0.240852	
0.00337 0.303632	-0.0250993	0.642542	0.304122	-0.0250742	0.641899	0.303632	-0.0250993	0.642542	0.30412	-0.0250739	0.641899	1.44199	-1.18384	-0.379766	-0.179017	-0.226192	0.00708694	-1.49335	1.14005	0.424193	-1.64346	1.01139	0.241985	
0.00533 0.303632	-0.0250993	0.642542	0.304146	-0.0250755	0.641872	0.303632	-0.0250993	0.642542	0.304145	-0.0250752	0.641871	1.36666	-1.11516	-0.445149	-0.174876	-0.223765	0.00617309	-1.42057	1.06967	0.491672	-1.64758	1.009	0.24298	
0.00254 0.303632	-0.0250993	0.642542	0.304174	-0.0250714	0.64184	0.303632	-0.0250993	0.642542	0.304172	-0.0250711	0.641839	1.33018	-1.08059	-0.508547	-0.174277	-0.22506	0.0054059	-1.38695	1.03273	0.557094	-1.64815	1.01033	0.243829	
0.00191 0.303632	-0.0250993	0.642542	0.304199	-0.0250708	0.64181	0.303632	-0.0250993	0.642542	0.304197	-0.0250704	0.641809	1.32093	-1.07189	-0.571798	-0.176274	-0.228926	0.00472894	-1.38034	1.02207	0.622426	-1.64613	1.01422	0.244588	
0.0032 0.303632	-0.0250993	0.642542	0.304222	-0.02507	0.64178	0.303632	-0.0250993	0.642542	0.304221	-0.0250696	0.641779	1.32306	-1.07514	-0.63505	-0.179358	-0.233672	0.00417762	-1.38492	1.02331	0.687774	-1.64302	1.019	0.245222	
0.00198 0.303632	-0.0250993	0.642542	0.304244	-0.0250685	0.641753	0.303632	-0.0250993	0.642542	0.304242	-0.0250681	0.641752	1.32154	-1.07491	-0.696114	-0.181833	-0.23763	0.00377676	-1.38564	1.02118	0.750712	-1.64052	1.02298	0.245695	
0.00175 0.303632	-0.0250993	0.642542	0.304264	-0.0250664	0.641724	0.303632	-0.0250993	0.642542	0.304262	-0.025066	0.641724	1.30173	-1.05746	-0.75109	-0.182103	-0.239143	0.0034714	-1.36798	1.00172	0.807596	-1.64023	1.02452	0.246073	
0.00145 0.303632	-0.0250993	0.642542	0.304279	-0.0250657	0.641702	0.303632	-0.0250993	0.642542	0.304277	-0.0250652	0.641701	1.24794	-1.00865	-0.797785	-0.178576	-0.236463	0.00323537	-1.31574	0.951369	0.855863	-1.64374	1.02187	0.246362	
0.00133 0.303632	-0.0250993	0.642542	0.304295	-0.0250625	0.641676	0.303632	-0.0250993	0.642542	0.304293	-0.025062	0.641675	1.14799	-0.917269	-0.837726	-0.170039	-0.228343	0.00304346	-1.21752	0.858042	0.897468	-1.65226	1.01377	0.246617	
0.00101 0.303632	-0.0250993	0.642542	0.30431	-0.0250618	0.641651	0.303632	-0.0250993	0.642542	0.304307	-0.0250612	0.64165	1.00211	-0.783821	-0.871424	-0.15653	-0.21484	0.00282274	-1.07314	0.722884	0.932925	-1.66575	1.0003	0.2469	
0.00104 0.303632	-0.0250993	0.642542	0.304324	-0.0250619	0.641626	0.303632	-0.0250993	0.642542	0.304322	-0.0250613	0.641625	0.817618	-0.61286	-0.899106	-0.13853	-0.196743	0.00250554	-0.890186	0.550286	0.962409	-1.68373	0.982222	0.247276	
0.001 0.303632	-0.0250993	0.642542	0.304339	-0.0250588	0.641602	0.303632	-0.0250993	0.642542	0.304337	-0.0250582	0.641601	0.601045	-0.4087	-0.921903	-0.116564	-0.174749	0.00212392	-0.67519	0.344334	0.986703	-1.70568	0.960252	0.247717	
0.00099 0.303632	-0.0250993	0.642542	0.304358	-0.0250584	0.641571	0.303632	-0.0250993	0.642542	0.304355	-0.0250578	0.64157	0.372524	-0.192	-0.938051	-0.0929128	-0.150954	0.0017491	-0.448667	0.125521	1.00511	-1.72931	0.936482	0.248171	
0.00207 0.303632	-0.0250993	0.642542	0.304376	-0.025054	0.641542	0.303632	-0.0250993	0.642542	0.304373	-0.0250534	0.641542	0.15851	0.00958123	-0.944941	-0.0705822	-0.128171	0.0013879	-0.236539	-0.0782441	1.01373	-1.75162	0.913728	0.248602	
0.00472 0.303632	-0.0250993	0.642542	0.304395	-0.0250509	0.641514	0.303632	-0.0250993	0.642542	0.304393	-0.0250503	0.641514	-0.0269407	0.179059	-0.942344	-0.0514558	-0.107964	0.0010759	-0.0531877	-0.249774	1.01293	-1.77072	0.893551	0.248981	
0.00535 0.303632	-0.0250993	0.642542	0.304415	-0.0250479	0.641484	0.303632	-0.0250993	0.642542	0.304413	-0.0250473	0.641483	-0.177922	0.310651	-0.932325	-0.0362572	-0.0910952	0.000811476	0.0957182	-0.383617	1.00493	-1.78589	0.876713	0.249323	
0.00427 0.303632	-0.0250993	0.642542	0.304435	-0.0250472	0.64145	0.303632	-0.0250993	0.642542	0.304432	-0.0250466	0.64145	-0.298095	0.412521	-0.917052	-0.0242059	-0.0772922	0.000567858	0.213807	-0.487745	0.992017	-1.79792	0.862938	0.249653	
0.00448 0.303632	-0.0250993	0.642542	0.304454	-0.0250415	0.641419	0.303632	-0.0250993	0.642542	0.304452	-0.025041	0.641419	-0.399381	0.498335	-0.898162	-0.0139228	-0.0653544	0.000380991	0.313026	-0.576006	0.974973	-1.80818	0.851035	0.249906	
0.010121 0.303632	-0.0250993	0.642542	0.30447	-0.0250406	0.641391	0.303632	-0.0250993	0.642542	0.304467	-0.0250401	0.641391	-0.499779	0.584633	-0.880413	-0.0037071	-0.053564	0.00024665	0.411787	-0.664224	0.959188	-1.81838	0.839272	0.250111	
0.0046 0.303632	-0.0250993	0.642542	0.304485	-0.0250373	0.641362	0.303632	-0.0250993	0.642542	0.304483	-0.0250368	0.641361	-0.611295	0.684983	-0.867954	0.00782376	-0.040816	0.000143125	0.521631	-0.76678	0.948635	-1.82989	0.826549	0.250283	
0.00202 0.303632	-0.0250993	0.642542	0.304498	-0.0250323	0.641332	0.303632	-0.0250993	0.642542	0.304496	-0.0250319	0.641332	-0.73415	0.795109	-0.85986	0.020212	-0.0271191	6.3232e-05	0.643075	-0.879226	0.942314	-1.84225	0.812881	0.250427	
0.00145 0.303632	-0.0250993	0.642542	0.304514	-0.0250212	0.641263	0.303632	-0.0250993	0.642542	0.304512	-0.0250208	0.641263	-1.235	1.19088	-0.859599	0.0632764	0.0266052	0.00046784	1.14203	-1.28049	0.946289	-1.88527	0.759216	0.250155	
0.00111 0.303632	-0.0250993	0.642542	0.304509	-0.0250192	0.64125	0.303632	-0.0250993	0.642542	0.304507	-0.0250189	0.64125	-1.48591	1.40128	-0.882293	0.0854797	0.0528128	0.000975337	1.3934	-1.49198	0.969813	-1.90747	0.733018	0.249666	
0.00101 0.303632	-0.0250993	0.642542	0.304501	-0.0250159	0.641238	0.303632	-0.0250993	0.642542	0.304499	-0.0250156	0.641238	-1.79395	1.66915	-0.920439	0.113691	0.0848191	0.00165598	1.70226	-1.76097	1.00861	-1.93568	0.701022	0.248994	
0.00098 0.303632	-0.0250993	0.642542	0.304469	-0.0250099	0.641228	0.303632	-0.0250993	0.642542	0.304468	-0.0250097	0.641228	-2.57286	2.35761	-1.0225	0.186916	0.166401	0.0035555	2.48422	-2.45071	1.11099	-2.0089	0.619449	0.247085	
0.00098 0.303632	-0.0250993	0.642542	0.30445	-0.0250028	0.641227	0.303632	-0.0250993	0.642542	0.304448	-0.0250027	0.641228	-3.03265	2.76757	-1.07856	0.23112	0.215205	0.00474205	2.94594	-2.86129	1.1666	-2.05311	0.570643	0.245875	
0.00159 0.303632	-0.0250993	0.642542	0.304429	-0.0250009	0.641233	0.303632	-0.0250993	0.642542	0.304427	-0.0250008	0.641233	-3.52527	3.2045	-1.13445	0.278742	0.267955	0.00604055	3.44066	-3.2981	1.22197	-2.10074	0.517886	0.244544	
0.00445 0.303632	-0.0250993	0.642542	0.304407	-0.0249979	0.641236	0.303632	-0.0250993	0.642542	0.304405	-0.0249979	0.641237	-4.041	3.6589	-1.18884	0.328739	0.32366	0.00746933	3.95861	-3.75259	1.27592	-2.15074	0.462177	0.243085	
0.00343 0.303632	-0.0250993	0.642542	0.304383	-0.0249945	0.641242	0.303632	-0.0250993	0.642542	0.304381	-0.0249945	0.641242	-4.56721	4.12584	-1.24164	0.380498	0.380945	0.00892154	4.48724	-4.21952	1.32809	-2.20251	0.404883	0.241592	
0.00518 0.303632	-0.0250993	0.642542	0.304358	-0.0249929	0.641247	0.303632	-0.0250993	0.642542	0.304358	-0.0249931	0.641248	-5.08337	4.59336	-1.2906	0.432633	0.437675	0.0103205	5.00583	-4.68691	1.37658	-2.25465	0.348143	0.240157	
0.00516 0.303632	-0.0250993	0.642542	0.30433	-0.0249905	0.641257	0.303632	-0.0250993	0.642542	0.30433	-0.0249908	0.641258	-5.56905	5.04822	-1.33077	0.483579	0.491888	0.0118098	5.49433	-5.14137	1.41584	-2.30561	0.293921	0.238616	
0.00576 0.303632	-0.0250993	0.642542	0.304302	-0.0249858	0.641268	0.303632	-0.0250993	0.642542	0.304302	-0.0249863	0.64127	-6.01523	5.47982	-1.35715	0.532155	0.542785	0.0135105	5.94338	-5.57266	1.44108	-2.3542	0.243013	0.236858	
0.005191 0.303632	-0.0250993	0.642542	0.304272	-0.0249844	0.64128	0.303632	-0.0250993	0.642542	0.304272	-0.024985	0.641281	-6.42237	5.87969	-1.3678	0.577617	0.59029	0.0152198	6.35355	-5.97201	1.45083	-2.39967	0.19549	0.235093	
0.00281 0.303632	-0.0250993	0.642542	0.304241	-0.0249837	0.641295	0.303632	-0.0250993	0.642542	0.304242	-0.0249844	0.641297	-6.78929	6.24554	-1.36629	0.619799	0.633949	0.016611	6.72358	-6.33698	1.44814	-2.44187	0.151815	0.233637	
0.0029 0.303632	-0.0250993	0.642542	0.304211	-0.0249824	0.641309	0.303632	-0.0250993	0.642542	0.304212	-0.0249833	0.641311	-7.1114	6.5756	-1.35811	0.658399	0.672987	0.0175028	7.04875	-6.66634	1.43889	-2.48049	0.112755	0.232689	
0.00164 0.303632	-0.0250993	0.642542	0.304181	-0.0249782	0.641323	0.303632	-0.0250993	0.642542	0.304182	-0.0249792	0.641326	-7.3807	6.86562	-1.34245	0.692945	0.706526	0.0177781	7.32107	-6.9558	1.42189	-2.51505	0.0791951	0.232349	
0.00414 0.303632	-0.0250993	0.642542	0.30415	-0.0249769	0.641339	0.303632	-0.0250993	0.642542	0.304152	-0.0249782	0.641342	-7.59127	7.1126	-1.31421	0.72318	0.734117	0.0174519	7.53474	-7.20195	1.39246	-2.54531	0.0515795	0.232611	
0.00213 0.303632	-0.0250993	0.642542	0.30412	-0.0249745	0.641357	0.303632	-0.0250993	0.642542	0.304122	-0.0249759	0.64136	-7.74741	7.31354	-1.27346	0.74871	0.756304	0.0167891	7.69396	-7.40199	1.35026	-2.57086	0.0293647	0.233209	
0.001421 0.303632	-0.0250993	0.642542	0.304092	-0.0249719	0.641373	0.303632	-0.0250993	0.642542	0.304094	-0.0249736	0.641377	-7.85395	7.46466	-1.22551	0.768942	0.773464	0.0160757	7.80339	-7.55228	1.30094	-2.59111	0.0121815	0.233858	
0.00109 0.303632	-0.0250993	0.642542	0.304064	-0.0249696	0.641388	0.303632	-0.0250993	0.642542	0.304068	-0.0249714	0.641392	-7.9121	7.56416	-1.17286	0.783615	0.785633	0.0154195	7.8643	-7.65108	1.24708	-2.6058	-1.07797e-05	0.234453	
0.00596 0.303632	-0.0250993	0.642542	0.30404	-0.0249683	0.641402	0.303632	-0.0250993	0.642542	0.304044	-0.0249703	0.641406	-7.92209	7.61165	-1.1147	0.792781	0.792897	0.0148048	7.87676	-7.69782	1.18783	-2.61498	-0.00729528	0.235016	
0.00193 0.303632	-0.0250993	0.642542	0.303961	-0.0249596	0.641454	0.303632	-0.0250993	0.642542	0.303965	-0.0249618	0.641459	-7.36548	7.15371	-0.804236	0.761185	0.761661	0.0133268	7.32821	-7.23727	0.873008	-2.58344	0.0238766	0.236297	
0.00138 0.303632	-0.0250993	0.642542	0.303943	-0.0249607	0.641468	0.303632	-0.0250993	0.642542	0.303948	-0.0249631	0.641473	-7.11134	6.90375	-0.711294	0.739023	0.74211	0.0131781	7.07587	-6.98635	0.779129	-2.56129	0.043411	0.2364	
0.00115 0.303632	-0.0250993	0.642542	0.303926	-0.024958	0.641484	0.303632	-0.0250993	0.642542	0.30393	-0.0249606	0.641489	-6.82278	6.61474	-0.615989	0.712569	0.718882	0.0131162	6.78914	-6.69656	0.682532	-2.53485	0.0666189	0.236413	
0.005381 0.303632	-0.0250993	0.642542	0.303909	-0.0249585	0.641496	0.303632	-0.0250993	0.642542	0.303914	-0.0249612	0.641502	-6.50089	6.29255	-0.523676	0.682178	0.6919	0.013211	6.46897	-6.37356	0.589355	-2.50448	0.0935857	0.23628	
0.00242 0.303632	-0.0250993	0.642542	0.303893	-0.0249595	0.641511	0.303632	-0.0250993	0.642542	0.303899	-0.0249625	0.641517	-6.15354	5.94758	-0.437191	0.648859	0.661859	0.0134566	6.12325	-6.02757	0.501881	-2.47117	0.123612	0.235989	
0.00218 0.303632	-0.0250993	0.642542	0.303876	-0.0249639	0.641527	0.303632	-0.0250993	0.642542	0.303882	-0.024967	0.641532	-5.79044	5.59087	-0.357304	0.613768	0.629732	0.0138603	5.76186	-5.66955	0.421177	-2.43609	0.155717	0.235543	
0.00244 0.303632	-0.0250993	0.642542	0.303862	-0.0249628	0.641544	0.303632	-0.0250993	0.642542	0.303868	-0.0249661	0.64155	-5.42027	5.22892	-0.286648	0.577555	0.596322	0.0144361	5.39318	-5.30654	0.349184	-2.39989	0.189109	0.234918	
0.00172 0.303632	-0.0250993	0.642542	0.303849	-0.0249626	0.641557	0.303632	-0.0250993	0.642542	0.303855	-0.0249661	0.641563	-5.04334	4.85871	-0.228104	0.539838	0.561516	0.0151979	5.01763	-4.93551	0.289693	-2.36219	0.223898	0.234119	
0.00123 0.303632	-0.0250993	0.642542	0.303835	-0.024966	0.641573	0.303632	-0.0250993	0.642542	0.303842	-0.0249696	0.64158	-4.65632	4.47908	-0.184391	0.500492	0.524789	0.0160611	4.63204	-4.55459	0.24506	-2.32286	0.260604	0.233216	
0.00164 0.303632	-0.0250993	0.642542	0.303824	-0.0249683	0.641591	0.303632	-0.0250993	0.642542	0.303832	-0.024972	0.641597	-4.26356	4.09971	-0.16217	0.460541	0.486305	0.0168704	4.24041	-4.1739	0.221733	-2.28292	0.299068	0.232364	
0.0012 0.303632	-0.0250993	0.642542	0.303813	-0.0249714	0.641605	0.303632	-0.0250993	0.642542	0.303821	-0.0249752	0.641612	-3.86947	3.72586	-0.161648	0.420607	0.446544	0.0176023	3.84749	-3.7989	0.220411	-2.243	0.338812	0.231596	
0.00109 0.303632	-0.0250993	0.642542	0.303805	-0.0249746	0.64162	0.303632	-0.0250993	0.642542	0.303813	-0.0249785	0.641627	-3.47139	3.3538	-0.173799	0.38048	0.405557	0.01826	3.45027	-3.4256	0.23169	-2.20288	0.379781	0.230906	
0.001 0.303632	-0.0250993	0.642542	0.303796	-0.0249765	0.641637	0.303632	-0.0250993	0.642542	0.303804	-0.0249804	0.641644	-3.06877	2.98136	-0.19044	0.340108	0.363604	0.0188359	3.04866	-3.0519	0.247231	-2.16253	0.421718	0.23029	
0.00357 0.303632	-0.0250993	0.642542	0.30379	-0.0249796	0.64165	0.303632	-0.0250993	0.642542	0.303798	-0.0249836	0.641657	-2.66804	2.61052	-0.203961	0.299875	0.321673	0.0193688	2.64857	-2.67999	0.26005	-2.1223	0.463633	0.229733	
0.00427 0.303632	-0.0250993	0.642542	0.303772	-0.0249914	0.641709	0.303632	-0.0250993	0.642542	0.30378	-0.0249954	0.641716	-0.749644	0.801767	-0.190109	0.103627	0.120222	0.0217236	0.732266	-0.866385	0.242747	-1.92609	0.665032	0.227264	
0.01482 0.303632	-0.0250993	0.642542	0.303769	-0.0249951	0.641721	0.303632	-0.0250993	0.642542	0.303777	-0.024999	0.641729	-0.401455	0.468012	-0.193407	0.0668437	0.0829229	0.022342	0.384388	-0.531513	0.245398	-1.88932	0.702323	0.226619	
0.00528 0.303632	-0.0250993	0.642542	0.303768	-0.0249972	0.641733	0.303632	-0.0250993	0.642542	0.303776	-0.0250011	0.64174	-0.0566018	0.145049	-0.193857	0.0309177	0.0460966	0.0232601	0.0396675	-0.207605	0.245157	-1.8534	0.739135	0.225679	
0.00273 0.303632	-0.0250993	0.642542	0.303768	-0.0250003	0.641741	0.303632	-0.0250993	0.642542	0.303776	-0.0250042	0.641749	0.28011	-0.164513	-0.194278	-0.00369644	0.0100821	0.0242162	-0.296998	0.102768	0.245176	-1.81879	0.775142	0.224715	
0.00203 0.303632	-0.0250993	0.642542	0.303769	-0.0250032	0.641751	0.303632	-0.0250993	0.642542	0.303777	-0.025007	0.641758	0.60906	-0.465854	-0.194389	-0.0373084	-0.0252605	0.0249372	-0.62599	0.404962	0.24481	-1.78518	0.810478	0.223977	
0.00168 0.303632	-0.0250993	0.642542	0.303771	-0.0250052	0.641758	0.303632	-0.0250993	0.642542	0.303779	-0.0250089	0.641766	0.936547	-0.768418	-0.190848	-0.0708552	-0.0604712	0.0254589	-0.953628	0.708205	0.240855	-1.75164	0.845681	0.223448	
0.00147 0.303632	-0.0250993	0.642542	0.303772	-0.0250065	0.641769	0.303632	-0.0250993	0.642542	0.30378	-0.0250102	0.641776	1.25824	-1.07204	-0.182257	-0.104243	-0.0949968	0.0258229	-1.2754	1.01267	0.231594	-1.71826	0.880197	0.223067	
0.00516 0.303632	-0.0250993	0.642542	0.303775	-0.0250069	0.641779	0.303632	-0.0250993	0.642542	0.303783	-0.0250105	0.641786	1.56303	-1.36864	-0.170664	-0.136512	-0.127711	0.0259865	-1.58043	1.30998	0.219317	-1.68599	0.912906	0.222888	
0.00284 0.303632	-0.0250993	0.642542	0.303778	-0.0250085	0.641789	0.303632	-0.0250993	0.642542	0.303785	-0.025012	0.641796	1.84916	-1.65722	-0.156644	-0.167531	-0.158416	0.0259798	-1.86679	1.59938	0.204674	-1.65498	0.943607	0.222878	
0.00335 0.303632	-0.0250993	0.642542	0.30378	-0.0250113	0.641801	0.303632	-0.0250993	0.642542	0.303787	-0.0250147	0.641808	2.11797	-1.9328	-0.141711	-0.196802	-0.187268	0.0257906	-2.13575	1.87601	0.189066	-1.62572	0.972447	0.223053	
0.00229 0.303632	-0.0250993	0.642542	0.303785	-0.0250141	0.64181	0.303632	-0.0250993	0.642542	0.303792	-0.0250175	0.641817	2.36952	-2.18437	-0.131376	-0.223246	-0.21443	0.0253444	-2.38776	2.12841	0.178289	-1.59928	0.999604	0.22349	
0.00119 0.303632	-0.0250993	0.642542	0.303788	-0.0250138	0.64182	0.303632	-0.0250993	0.642542	0.303795	-0.0250171	0.641827	2.60401	-2.40891	-0.124543	-0.246552	-0.239829	0.0246844	-2.62253	2.35368	0.170661	-1.57597	1.025	0.224132	
0.00105 0.303632	-0.0250993	0.642542	0.303793	-0.0250156	0.641831	0.303632	-0.0250993	0.642542	0.3038	-0.0250187	0.641838	2.81822	-2.60709	-0.116224	-0.266725	-0.262905	0.0238819	-2.83716	2.55275	0.161703	-1.5558	1.04807	0.224925	
0.00445 0.303632	-0.0250993	0.642542	0.303796	-0.0250158	0.641844	0.303632	-0.0250993	0.642542	0.303802	-0.0250188	0.64185	3.00632	-2.77869	-0.108509	-0.283805	-0.283091	0.0230199	-3.0255	2.72525	0.153081	-1.53873	1.06825	0.225763	
0.00187 0.303632	-0.0250993	0.642542	0.3038	-0.0250155	0.641856	0.303632	-0.0250993	0.642542	0.303807	-0.0250184	0.641863	3.16645	-2.92847	-0.104954	-0.298402	-0.300323	0.0221902	-3.18606	2.87591	0.148581	-1.52414	1.08548	0.226576	
0.00429 0.303632	-0.0250993	0.642542	0.303805	-0.0250187	0.641869	0.303632	-0.0250993	0.642542	0.303812	-0.0250214	0.641876	3.30652	-3.06622	-0.105139	-0.311605	-0.31546	0.021421	-3.32658	3.01478	0.148073	-1.51094	1.10061	0.227326	
0.00467 0.303632	-0.0250993	0.642542	0.303809	-0.0250203	0.641883	0.303632	-0.0250993	0.642542	0.303815	-0.0250229	0.64189	3.43342	-3.19416	-0.10756	-0.323708	-0.32919	0.0207208	-3.45374	3.14387	0.149556	-1.49884	1.11433	0.228005	
0.00373 0.303632	-0.0250993	0.642542	0.303813	-0.0250205	0.641897	0.303632	-0.0250993	0.642542	0.303819	-0.0250229	0.641904	3.54559	-3.30881	-0.110738	-0.334362	-0.341282	0.0201248	-3.56634	3.2595	0.151747	-1.4882	1.12641	0.228579	
0.00488 0.303632	-0.0250993	0.642542	0.303815	-0.0250214	0.641914	0.303632	-0.0250993	0.642542	0.303821	-0.0250236	0.64192	3.63868	-3.40898	-0.112807	-0.343389	-0.351243	0.0195784	-3.65958	3.36091	0.152655	-1.47918	1.13637	0.229096	
0.00545 0.303632	-0.0250993	0.642542	0.30382	-0.0250258	0.64193	0.303632	-0.0250993	0.642542	0.303826	-0.0250279	0.641937	3.71444	-3.49496	-0.113468	-0.350791	-0.359296	0.0189587	-3.73574	3.44835	0.152452	-1.47178	1.1444	0.229695	
0.00268 0.303632	-0.0250993	0.642542	0.303824	-0.0250281	0.641948	0.303632	-0.0250993	0.642542	0.30383	-0.02503	0.641954	3.78103	-3.56786	-0.11745	-0.356848	-0.366466	0.0182542	-3.80268	3.52268	0.155291	-1.46574	1.15156	0.230373	
0.0052 0.303632	-0.0250993	0.642542	0.303829	-0.0250272	0.641966	0.303632	-0.0250993	0.642542	0.303834	-0.025029	0.641972	3.84192	-3.63049	-0.129401	-0.36199	-0.373297	0.0175098	-3.86395	3.58649	0.165902	-1.4606	1.15838	0.231091	
0.00273 0.303632	-0.0250993	0.642542	0.303833	-0.0250318	0.641986	0.303632	-0.0250993	0.642542	0.303838	-0.0250334	0.641992	3.89642	-3.68569	-0.149026	-0.366498	-0.379727	0.0167623	-3.91877	3.64345	0.184365	-1.4561	1.1648	0.231808	
0.00476 0.303632	-0.0250993	0.642542	0.303838	-0.0250345	0.642004	0.303632	-0.0250993	0.642542	0.303843	-0.0250359	0.64201	3.94392	-3.72868	-0.173025	-0.369781	-0.385566	0.0160104	-3.96671	3.68786	0.207285	-1.45283	1.17063	0.232535	
0.0023 0.303632	-0.0250993	0.642542	0.303844	-0.0250378	0.642024	0.303632	-0.0250993	0.642542	0.303848	-0.025039	0.642029	3.98546	-3.75339	-0.196533	-0.371049	-0.390751	0.015151	-4.00873	3.71422	0.22958	-1.45157	1.1758	0.233365	
0.00126 0.303632	-0.0250993	0.642542	0.303852	-0.0250384	0.642039	0.303632	-0.0250993	0.642542	0.303857	-0.0250395	0.642045	4.02361	-3.76403	-0.215497	-0.370649	-0.395419	0.0141553	-4.04766	3.72601	0.247473	-1.45197	1.18047	0.234341	
0.00104 0.303632	-0.0250993	0.642542	0.303858	-0.0250412	0.64206	0.303632	-0.0250993	0.642542	0.303863	-0.025042	0.642065	4.05939	-3.76855	-0.225481	-0.369365	-0.399503	0.0130987	-4.08396	3.73217	0.256157	-1.45326	1.18454	0.235368	
0.00099 0.303632	-0.0250993	0.642542	0.303866	-0.0250433	0.642079	0.303632	-0.0250993	0.642542	0.30387	-0.025044	0.642085	4.09272	-3.7669	-0.226237	-0.367228	-0.402944	0.0119962	-4.11798	3.73207	0.255637	-1.45541	1.18798	0.236446	
0.00096 0.303632	-0.0250993	0.642542	0.303876	-0.0250458	0.642097	0.303632	-0.0250993	0.642542	0.30388	-0.0250463	0.642102	4.12977	-3.75945	-0.223827	-0.364571	-0.406528	0.0109696	-4.15594	3.72604	0.252153	-1.45807	1.19155	0.237451	
0.00117 0.303632	-0.0250993	0.642542	0.303884	-0.0250508	0.642115	0.303632	-0.0250993	0.642542	0.303888	-0.0250511	0.64212	4.1789	-3.75352	-0.222072	-0.362408	-0.411234	0.0101619	-4.20582	3.72178	0.249404	-1.46024	1.19625	0.238238	
0.00154 0.303632	-0.0250993	0.642542	0.303896	-0.0250516	0.642128	0.303632	-0.0250993	0.642542	0.303899	-0.0250517	0.642133	4.23871	-3.75778	-0.218245	-0.361598	-0.416853	0.00962462	-4.26672	3.72702	0.244716	-1.46105	1.20186	0.238768	
0.00202 0.303632	-0.0250993	0.642542	0.303907	-0.0250553	0.642144	0.303632	-0.0250993	0.642542	0.30391	-0.0250552	0.642149	4.30324	-3.7761	-0.210033	-0.36241	-0.422738	0.00934464	-4.33228	3.74682	0.235547	-1.46025	1.20774	0.239031	
0.00193 0.303632	-0.0250993	0.642542	0.30392	-0.0250584	0.642159	0.303632	-0.0250993	0.642542	0.303922	-0.0250582	0.642164	4.37136	-3.80666	-0.19923	-0.364613	-0.428885	0.00927147	-4.40163	3.77868	0.223899	-1.45805	1.21388	0.239096	
0.00213 0.303632	-0.0250993	0.642542	0.303933	-0.025059	0.642176	0.303632	-0.0250993	0.642542	0.303935	-0.0250586	0.64218	4.44893	-3.85539	-0.183901	-0.368831	-0.435862	0.0094256	-4.48043	3.82869	0.207378	-1.45383	1.22086	0.238924	
0.00527 0.303632	-0.0250993	0.642542	0.303947	-0.025064	0.64219	0.303632	-0.0250993	0.642542	0.303949	-0.0250634	0.642194	4.53908	-3.9257	-0.161338	-0.375386	-0.443914	0.00981728	-4.57194	3.90037	0.184159	-1.44728	1.2289	0.238525	
0.00261 0.303632	-0.0250993	0.642542	0.303962	-0.0250639	0.642204	0.303632	-0.0250993	0.642542	0.303964	-0.0250632	0.642208	4.63548	-4.0116	-0.13404	-0.383658	-0.452433	0.0104809	-4.66979	3.98733	0.155808	-1.43901	1.23742	0.237851	
0.00195 0.303632	-0.0250993	0.642542	0.303976	-0.0250682	0.64222	0.303632	-0.0250993	0.642542	0.303977	-0.0250672	0.642224	4.7309	-4.1089	-0.106462	-0.393338	-0.460766	0.0115569	-4.7665	4.08609	0.127374	-1.42933	1.24575	0.236768	
0.00208 0.303632	-0.0250993	0.642542	0.303994	-0.0250692	0.642233	0.303632	-0.0250993	0.642542	0.303995	-0.0250681	0.642237	4.82198	-4.21269	-0.0817634	-0.404018	-0.468631	0.0131454	-4.85933	4.19095	0.101794	-1.41865	1.25362	0.235172	
0.00401 0.303632	-0.0250993	0.642542	0.304011	-0.0250711	0.642249	0.303632	-0.0250993	0.642542	0.304013	-0.0250698	0.642252	4.90689	-4.31653	-0.0613912	-0.415105	-0.475836	0.0153172	-4.94595	4.2961	0.0804158	-1.40757	1.26082	0.232988	
0.00267 0.303632	-0.0250993	0.642542	0.304031	-0.0250717	0.64226	0.303632	-0.0250993	0.642542	0.304032	-0.0250703	0.642263	4.98635	-4.41944	-0.04121	-0.426398	-0.482315	0.017989	-5.02735	4.39992	0.0594564	-1.39628	1.2673	0.23032	
0.0018 0.303632	-0.0250993	0.642542	0.304052	-0.0250729	0.642272	0.303632	-0.0250993	0.642542	0.304053	-0.0250713	0.642276	5.06812	-4.52988	-0.0142333	-0.438537	-0.488763	0.020896	-5.11113	4.51141	0.0316484	-1.38414	1.27375	0.227409	
0.00107 0.303632	-0.0250993	0.642542	0.304073	-0.025075	0.642283	0.303632	-0.0250993	0.642542	0.304074	-0.0250731	0.642286	5.15839	-4.65356	0.0222745	-0.452004	-0.495822	0.0238616	-5.20351	4.63607	-0.00548912	-1.37067	1.28082	0.224451	
0.00101 0.303632	-0.0250993	0.642542	0.304095	-0.0250767	0.642294	0.303632	-0.0250993	0.642542	0.304095	-0.0250747	0.642297	5.25509	-4.78654	0.0678859	-0.46635	-0.503304	0.0267876	-5.30234	4.77005	-0.051788	-1.35632	1.2883	0.22153	
0.00098 0.303632	-0.0250993	0.642542	0.304118	-0.025078	0.642302	0.303632	-0.0250993	0.642542	0.304118	-0.0250758	0.642305	5.35462	-4.92417	0.1216	-0.481068	-0.510878	0.0296188	-5.40412	4.90847	-0.106038	-1.34159	1.29588	0.218706	
0.00099 0.303632	-0.0250993	0.642542	0.304142	-0.0250791	0.642311	0.303632	-0.0250993	0.642542	0.304142	-0.0250767	0.642314	5.45137	-5.0603	0.182327	-0.495468	-0.518	0.032294	-5.50321	5.04538	-0.167316	-1.32719	1.30301	0.216039	
0.00103 0.303632	-0.0250993	0.642542	0.304168	-0.0250789	0.642319	0.303632	-0.0250993	0.642542	0.304167	-0.0250763	0.642322	5.54192	-5.1889	0.244476	-0.508955	-0.524513	0.0347199	-5.5963	5.17467	-0.230091	-1.3137	1.30953	0.213627	
0.00097 0.303632	-0.0250993	0.642542	0.304194	-0.0250802	0.642326	0.303632	-0.0250993	0.642542	0.304193	-0.0250774	0.642329	5.62934	-5.31149	0.300507	-0.521844	-0.531015	0.0368962	-5.68635	5.29798	-0.286565	-1.3008	1.31605	0.211467	
0.00144 0.303632	-0.0250993	0.642542	0.30422	-0.0250819	0.642335	0.303632	-0.0250993	0.642542	0.304219	-0.0250789	0.642337	5.72033	-5.43342	0.351854	-0.534769	-0.538125	0.0389564	-5.77988	5.42079	-0.338458	-1.28787	1.32316	0.209415	
0.00177 0.303632	-0.0250993	0.642542	0.304248	-0.0250823	0.642341	0.303632	-0.0250993	0.642542	0.304247	-0.0250791	0.642343	5.82045	-5.55959	0.404787	-0.54821	-0.546173	0.0410064	-5.88279	5.54751	-0.391797	-1.27443	1.33122	0.207387	
0.00563 0.303632	-0.0250993	0.642542	0.304276	-0.0250837	0.642348	0.303632	-0.0250993	0.642542	0.304274	-0.0250803	0.64235	5.92487	-5.68698	0.459915	-0.561712	-0.554643	0.0429684	-5.98996	5.67566	-0.447382	-1.26092	1.3397	0.205441	
0.00431 0.303632	-0.0250993	0.642542	0.304306	-0.0250844	0.642353	0.303632	-0.0250993	0.642542	0.304304	-0.0250808	0.642354	6.02337	-5.80682	0.515512	-0.574213	-0.562529	0.0447262	-6.09139	5.79598	-0.50325	-1.24841	1.3476	0.203708	
0.01185 0.303632	-0.0250993	0.642542	0.304334	-0.0250869	0.642361	0.303632	-0.0250993	0.642542	0.304331	-0.0250832	0.642362	6.1083	-5.91133	0.573698	-0.584776	-0.568894	0.0462514	-6.1791	5.90138	-0.561859	-1.23784	1.35397	0.202199	
0.00256 0.303632	-0.0250993	0.642542	0.304366	-0.0250873	0.642364	0.303632	-0.0250993	0.642542	0.304363	-0.0250833	0.642365	6.17254	-5.99324	0.63593	-0.592513	-0.572884	0.0475172	-6.24652	5.98371	-0.62433	-1.23009	1.35797	0.200959	
0.00264 0.303632	-0.0250993	0.642542	0.304397	-0.0250899	0.642368	0.303632	-0.0250993	0.642542	0.304393	-0.0250858	0.642368	6.21403	-6.04848	0.702638	-0.596931	-0.574254	0.0484935	-6.29107	6.03952	-0.691109	-1.22567	1.35935	0.200013	
0.00135 0.303632	-0.0250993	0.642542	0.304428	-0.0250902	0.64237	0.303632	-0.0250993	0.642542	0.304425	-0.0250858	0.642371	6.23747	-6.07865	0.777528	-0.59811	-0.573378	0.0491397	-6.31765	6.07007	-0.766207	-1.22448	1.3585	0.199393	
0.00154 0.303632	-0.0250993	0.642542	0.304462	-0.0250923	0.642373	0.303632	-0.0250993	0.642542	0.304458	-0.0250878	0.642373	6.24998	-6.09376	0.863504	-0.597112	-0.570926	0.0495112	-6.3335	6.08565	-0.852216	-1.22546	1.35606	0.199058	
0.00117 0.303632	-0.0250993	0.642542	0.304494	-0.0250937	0.642377	0.303632	-0.0250993	0.642542	0.30449	-0.025089	0.642377	6.25522	-6.10115	0.957424	-0.594855	-0.567382	0.0497067	-6.34192	6.09357	-0.946335	-1.22771	1.35253	0.19889	
0.00269 0.303632	-0.0250993	0.642542	0.304526	-0.025095	0.642383	0.303632	-0.0250993	0.642542	0.304521	-0.02509	0.642383	6.24447	-6.09169	1.05013	-0.590571	-0.562101	0.0497972	-6.33436	6.08481	-1.03944	-1.23199	1.34726	0.198819	
0.00459 0.303632	-0.0250993	0.642542	0.304558	-0.0250994	0.642389	0.303632	-0.0250993	0.642542	0.304553	-0.0250943	0.642388	6.20732	-6.05299	1.13341	-0.583171	-0.554189	0.0498991	-6.3004	6.04698	-1.12284	-1.23938	1.33935	0.198745	
0.00472 0.303632	-0.0250993	0.642542	0.304592	-0.0251001	0.642394	0.303632	-0.0250993	0.642542	0.304587	-0.0250948	0.642393	6.15046	-5.98946	1.2074	-0.573165	-0.544385	0.0499578	-6.24692	5.98399	-1.19713	-1.24938	1.32957	0.198715	
0.00228 0.303632	-0.0250993	0.642542	0.304625	-0.0251028	0.6424	0.303632	-0.0250993	0.642542	0.304619	-0.0250974	0.642399	6.08683	-5.91407	1.27613	-0.561834	-0.534047	0.0497954	-6.18651	5.90942	-1.26617	-1.2607	1.31924	0.1989	
0.00124 0.303632	-0.0250993	0.642542	0.304657	-0.0251058	0.642408	0.303632	-0.0250993	0.642542	0.304651	-0.0251002	0.642406	6.01722	-5.83104	1.34128	-0.549569	-0.523257	0.0493469	-6.12003	5.82729	-1.33169	-1.27296	1.30845	0.19937	
0.00342 0.303632	-0.0250993	0.642542	0.30469	-0.0251091	0.642414	0.303632	-0.0250993	0.642542	0.304684	-0.0251033	0.642412	5.93293	-5.73554	1.40299	-0.535823	-0.511092	0.0486026	-6.03903	5.7326	-1.3936	-1.2867	1.2963	0.200142	
0.0018 0.303632	-0.0250993	0.642542	0.304722	-0.025112	0.642421	0.303632	-0.0250993	0.642542	0.304715	-0.0251061	0.642419	5.82323	-5.61987	1.4603	-0.519767	-0.496427	0.0475951	-5.93248	5.61779	-1.45125	-1.30275	1.28164	0.201173	
0.00245 0.303632	-0.0250993	0.642542	0.304754	-0.0251153	0.642427	0.303632	-0.0250993	0.642542	0.304747	-0.0251093	0.642424	5.68155	-5.47974	1.51314	-0.500957	-0.478545	0.0463956	-5.79398	5.47845	-1.50428	-1.32155	1.26377	0.202399	
0.00431 0.303632	-0.0250993	0.642542	0.304786	-0.0251188	0.642433	0.303632	-0.0250993	0.642542	0.304778	-0.0251126	0.64243	5.50931	-5.31401	1.56469	-0.479205	-0.457511	0.0449797	-5.62485	5.31356	-1.55606	-1.34329	1.24274	0.203842	
0.00248 0.303632	-0.0250993	0.642542	0.304817	-0.0251203	0.642441	0.303632	-0.0250993	0.642542	0.30481	-0.0251139	0.642438	5.31064	-5.12377	1.61639	-0.454607	-0.433745	0.0433256	-5.4293	5.12412	-1.60823	-1.36788	1.21899	0.205517	
0.00497 0.303632	-0.0250993	0.642542	0.304847	-0.0251256	0.642454	0.303632	-0.0250993	0.642542	0.304839	-0.0251191	0.642451	5.0894	-4.91132	1.66615	-0.427498	-0.407744	0.0414938	-5.21095	4.91311	-1.65859	-1.39499	1.19299	0.20736	
0.00251 0.303632	-0.0250993	0.642542	0.304877	-0.0251289	0.642465	0.303632	-0.0250993	0.642542	0.304869	-0.0251223	0.642461	4.8529	-4.67691	1.71492	-0.397888	-0.380287	0.0394151	-4.97742	4.67984	-1.70792	-1.4246	1.16553	0.209455	
0.0018 0.303632	-0.0250993	0.642542	0.304909	-0.0251302	0.642477	0.303632	-0.0250993	0.642542	0.3049	-0.0251235	0.642474	4.60493	-4.42588	1.76644	-0.3663	-0.351659	0.0371079	-4.73255	4.42992	-1.76027	-1.45618	1.13692	0.21177	
0.00484 0.303632	-0.0250993	0.642542	0.304939	-0.0251361	0.642492	0.303632	-0.0250993	0.642542	0.30493	-0.0251293	0.642488	4.34359	-4.16459	1.82191	-0.333503	-0.321566	0.034778	-4.47414	4.17019	-1.81638	-1.48898	1.10682	0.21411	
0.00231 0.303632	-0.0250993	0.642542	0.304969	-0.0251389	0.642505	0.303632	-0.0250993	0.642542	0.30496	-0.0251321	0.6425	4.06915	-3.88997	1.88039	-0.299212	-0.290048	0.0324012	-4.20269	3.89682	-1.87561	-1.52327	1.0753	0.216498	
0.00224 0.303632	-0.0250993	0.642542	0.304998	-0.025144	0.642518	0.303632	-0.0250993	0.642542	0.304989	-0.025137	0.642514	3.78217	-3.59933	1.94068	-0.263146	-0.257222	0.0298916	-3.91856	3.60763	-1.93655	-1.55933	1.04248	0.219019	
0.00183 0.303632	-0.0250993	0.642542	0.305025	-0.0251471	0.642533	0.303632	-0.0250993	0.642542	0.305016	-0.02514	0.642529	3.48104	-3.29767	2.00151	-0.225915	-0.222938	0.027403	-3.62004	3.30737	-1.99826	-1.59656	1.0082	0.221509	
0.00352 0.303632	-0.0250993	0.642542	0.305053	-0.025148	0.642548	0.303632	-0.0250993	0.642542	0.305043	-0.0251409	0.642544	3.16127	-2.98953	2.05906	-0.188138	-0.186833	0.0250982	-3.30298	3.00048	-2.05687	-1.63433	0.972092	0.223818	
0.00192 0.303632	-0.0250993	0.642542	0.305079	-0.0251521	0.642568	0.303632	-0.0250993	0.642542	0.30507	-0.025145	0.642563	2.81778	-2.67253	2.10785	-0.149664	-0.148566	0.0229838	-2.96203	2.68526	-2.10679	-1.67281	0.933819	0.225924	
0.00111 0.303632	-0.0250993	0.642542	0.305104	-0.0251541	0.64259	0.303632	-0.0250993	0.642542	0.305094	-0.0251469	0.642585	2.45142	-2.34024	2.14597	-0.109822	-0.108296	0.0209898	-2.59802	2.35478	-2.1464	-1.71266	0.893544	0.227902	
0.00103 0.303632	-0.0250993	0.642542	0.305128	-0.0251568	0.642611	0.303632	-0.0250993	0.642542	0.305118	-0.0251495	0.642606	2.06903	-1.99174	2.1742	-0.0684559	-0.0667606	0.0189866	-2.218	2.00801	-2.17596	-1.75403	0.852006	0.229899	
0.00097 0.303632	-0.0250993	0.642542	0.305152	-0.0251591	0.642636	0.303632	-0.0250993	0.642542	0.305142	-0.0251518	0.64263	1.67592	-1.63251	2.18952	-0.0262062	-0.0246706	0.0169434	-1.82712	1.65078	-2.19293	-1.79628	0.809906	0.231922	
0.00095 0.303632	-0.0250993	0.642542	0.305178	-0.0251607	0.64266	0.303632	-0.0250993	0.642542	0.305168	-0.0251534	0.642654	1.27833	-1.27253	2.19012	0.0157591	0.0172374	0.0149604	-1.43205	1.29272	-2.19518	-1.83825	0.767996	0.233884	
0.00232 0.303632	-0.0250993	0.642542	0.3052	-0.0251626	0.642686	0.303632	-0.0250993	0.642542	0.30519	-0.0251554	0.64268	0.883302	-0.920849	2.18066	0.0565142	0.0583785	0.0131035	-1.03912	0.943095	-2.18748	-1.87901	0.726851	0.23572	
0.00167 0.303632	-0.0250993	0.642542	0.305222	-0.0251637	0.642709	0.303632	-0.0250993	0.642542	0.305212	-0.0251564	0.642703	0.485213	-0.572763	2.16646	0.0966731	0.0995661	0.0113822	-0.643161	0.596767	-2.17488	-1.91918	0.685661	0.237423	
0.00314 0.303632	-0.0250993	0.642542	0.305245	-0.0251652	0.642735	0.303632	-0.0250993	0.642542	0.305235	-0.0251579	0.642729	0.0784078	-0.221969	2.14927	0.136934	0.141493	0.00981139	-0.238556	0.24802	-2.1595	-1.95944	0.643727	0.238963	
0.00315 0.303632	-0.0250993	0.642542	0.305267	-0.0251674	0.642763	0.303632	-0.0250993	0.642542	0.305257	-0.0251602	0.642757	-0.327089	0.127462	2.12585	0.176729	0.182968	0.00834639	0.164911	-0.0992303	-2.13795	-1.99924	0.602245	0.240401	
0.00999 0.303632	-0.0250993	0.642542	0.305286	-0.02517	0.642795	0.303632	-0.0250993	0.642542	0.305276	-0.0251628	0.642789	-0.723423	0.474625	2.09185	0.215872	0.222958	0.00684277	0.559437	-0.443922	-2.10606	-2.0384	0.562243	0.241867	
0.0035 0.303632	-0.0250993	0.642542	0.305305	-0.0251717	0.642826	0.303632	-0.0250993	0.642542	0.305296	-0.0251645	0.64282	-1.11422	0.823905	2.04807	0.254874	0.261857	0.00523403	0.948401	-0.790832	-2.06443	-2.07741	0.523336	0.243443	
0.00302 0.303632	-0.0250993	0.642542	0.305326	-0.0251739	0.642857	0.303632	-0.0250993	0.642542	0.305316	-0.0251668	0.642851	-1.50383	1.17762	1.99841	0.294055	0.300268	0.00354471	1.33611	-1.14212	-2.01691	-2.1166	0.484907	0.245092	
0.00525 0.303632	-0.0250993	0.642542	0.305344	-0.0251748	0.642889	0.303632	-0.0250993	0.642542	0.305334	-0.0251677	0.642883	-1.89144	1.53345	1.94907	0.333256	0.338329	0.00180679	1.72207	-1.49562	-1.9698	-2.15581	0.446835	0.246793	
0.004351 0.303632	-0.0250993	0.642542	0.305361	-0.0251755	0.642921	0.303632	-0.0250993	0.642542	0.305352	-0.0251685	0.642915	-2.27272	1.8834	1.90931	0.371737	0.375919	9.29987e-05	2.10172	-1.84319	-1.93234	-2.1943	0.409234	0.248466	
0.00219 0.303632	-0.0250993	0.642542	0.305376	-0.0251764	0.642956	0.303632	-0.0250993	0.642542	0.305367	-0.0251694	0.64295	-2.6462	2.22403	1.88443	0.40927	0.41304	-0.00162424	2.47381	-2.18125	-1.90996	-2.23185	0.372101	0.250128	
0.00153 0.303632	-0.0250993	0.642542	0.305391	-0.0251818	0.642991	0.303632	-0.0250993	0.642542	0.305382	-0.0251749	0.642984	-3.01875	2.56767	1.86935	0.447166	0.450228	-0.00345902	2.84501	-2.52205	-1.89699	-2.26976	0.334894	0.251924	
0.00127 0.303632	-0.0250993	0.642542	0.305407	-0.0251825	0.643028	0.303632	-0.0250993	0.642542	0.305398	-0.0251757	0.643021	-3.39672	2.92507	1.85336	0.486385	0.487812	-0.00538671	3.22161	-2.87679	-1.88364	-2.30899	0.297298	0.253796	
0.00105 0.303632	-0.0250993	0.642542	0.30542	-0.0251855	0.643063	0.303632	-0.0250993	0.642542	0.305412	-0.0251787	0.643057	-3.77522	3.28753	1.83394	0.525908	0.525184	-0.00729791	3.59887	-3.2365	-1.86659	-2.34853	0.259908	0.255653	
0.00098 0.303632	-0.0250993	0.642542	0.305436	-0.0251863	0.643101	0.303632	-0.0250993	0.642542	0.305427	-0.0251797	0.643095	-4.14837	3.64534	1.81429	0.564756	0.561839	-0.00914023	3.97066	-3.59155	-1.84965	-2.38739	0.223236	0.257441	
0.00098 0.303632	-0.0250993	0.642542	0.305449	-0.025187	0.643136	0.303632	-0.0250993	0.642542	0.305441	-0.0251805	0.64313	-4.51164	3.99239	1.79712	0.602317	0.597412	-0.0109077	4.3327	-3.93606	-1.83499	-2.42497	0.187649	0.259159	
0.00097 0.303632	-0.0250993	0.642542	0.30546	-0.025188	0.643176	0.303632	-0.0250993	0.642542	0.305452	-0.0251816	0.643169	-4.86013	4.32308	1.78736	0.638108	0.631557	-0.0126337	4.68032	-4.2639	-1.82801	-2.46077	0.153484	0.260824	
0.00121 0.303632	-0.0250993	0.642542	0.305473	-0.0251879	0.643211	0.303632	-0.0250993	0.642542	0.305465	-0.0251817	0.643205	-5.1929	4.63635	1.78431	0.672025	0.664153	-0.0143055	5.01193	-4.57466	-1.82756	-2.4947	0.120876	0.26244	
0.00159 0.303632	-0.0250993	0.642542	0.305483	-0.0251902	0.643252	0.303632	-0.0250993	0.642542	0.305476	-0.0251841	0.643246	-5.50915	4.93157	1.77806	0.70377	0.694785	-0.015847	5.32731	-4.86682	-1.82414	-2.52647	0.0902238	0.263916	
0.00321 0.303632	-0.0250993	0.642542	0.305496	-0.0251929	0.643289	0.303632	-0.0250993	0.642542	0.305489	-0.025187	0.643283	-5.80482	5.20757	1.76523	0.733085	0.722952	-0.0172221	5.62186	-5.14002	-1.81379	-2.5558	0.0620399	0.265238	
0.00184 0.303632	-0.0250993	0.642542	0.305505	-0.025196	0.643329	0.303632	-0.0250993	0.642542	0.305498	-0.0251902	0.643323	-6.07885	5.46517	1.75358	0.760198	0.748877	-0.0184338	5.89517	-5.3946	-1.80482	-2.58293	0.0360946	0.266387	
0.00208 0.303632	-0.0250993	0.642542	0.305515	-0.025198	0.643367	0.303632	-0.0250993	0.642542	0.305509	-0.0251924	0.643361	-6.33964	5.71183	1.74714	0.786045	0.773656	-0.0194706	6.15506	-5.63843	-1.80101	-2.60879	0.0112982	0.267364	
0.003681 0.303632	-0.0250993	0.642542	0.305526	-0.0251992	0.643406	0.303632	-0.0250993	0.642542	0.305521	-0.0251938	0.643401	-6.58911	5.94717	1.74633	0.810642	0.797536	-0.0203084	6.40359	-5.87091	-1.80298	-2.6334	-0.0125996	0.268137	
0.00411 0.303632	-0.0250993	0.642542	0.305538	-0.0252008	0.643441	0.303632	-0.0250993	0.642542	0.305533	-0.0251956	0.643436	-6.82129	6.1579	1.75361	0.832497	0.82005	-0.0207198	6.63472	-6.07907	-1.81266	-2.65527	-0.0351245	0.268498	
0.00253 0.303632	-0.0250993	0.642542	0.305549	-0.0252032	0.643478	0.303632	-0.0250993	0.642542	0.305544	-0.0251981	0.643473	-7.03751	6.34012	1.7671	0.851049	0.841358	-0.0205019	6.85004	-6.25849	-1.8287	-2.67384	-0.0564542	0.26822	
0.00259 0.303632	-0.0250993	0.642542	0.30556	-0.0252053	0.643514	0.303632	-0.0250993	0.642542	0.305555	-0.0252005	0.643509	-7.23689	6.50136	1.78081	0.867126	0.861062	-0.0199303	7.04847	-6.41706	-1.84485	-2.68993	-0.076176	0.267596	
0.0028 0.303632	-0.0250993	0.642542	0.305569	-0.0252058	0.643552	0.303632	-0.0250993	0.642542	0.305565	-0.0252012	0.643547	-7.41106	6.64228	1.79147	0.880895	0.878011	-0.0193355	7.22181	-6.55528	-1.85823	-2.70371	-0.0931407	0.266941	
0.00528 0.303632	-0.0250993	0.642542	0.30558	-0.0252097	0.643589	0.303632	-0.0250993	0.642542	0.305576	-0.0252053	0.643584	-7.55869	6.76373	1.79877	0.892459	0.892014	-0.0187627	7.36856	-6.67381	-1.86798	-2.71529	-0.107161	0.266313	
0.00251 0.303632	-0.0250993	0.642542	0.305591	-0.0252104	0.643626	0.303632	-0.0250993	0.642542	0.305588	-0.0252062	0.643621	-7.6808	6.86907	1.80382	0.902157	0.903245	-0.0181855	7.48973	-6.77653	-1.87562	-2.72501	-0.118409	0.265681	
0.00115 0.303632	-0.0250993	0.642542	0.305601	-0.0252112	0.643662	0.303632	-0.0250993	0.642542	0.305598	-0.0252072	0.643657	-7.77846	6.95766	1.80842	0.909945	0.911869	-0.0175983	7.58655	-6.86251	-1.8828	-2.73281	-0.127046	0.265032	
0.00102 0.303632	-0.0250993	0.642542	0.305612	-0.0252119	0.643695	0.303632	-0.0250993	0.642542	0.30561	-0.0252082	0.643691	-7.8611	7.03121	1.8169	0.916105	0.919043	-0.0169132	7.66814	-6.93364	-1.89365	-2.73898	-0.134236	0.2643	
0.00104 0.303632	-0.0250993	0.642542	0.305622	-0.025214	0.643728	0.303632	-0.0250993	0.642542	0.305621	-0.0252104	0.643724	-7.93479	7.09198	1.83267	0.920865	0.925608	-0.0159609	7.74098	-6.99193	-1.91169	-2.74375	-0.140813	0.263295	
0.00104 0.303632	-0.0250993	0.642542	0.305634	-0.0252144	0.643762	0.303632	-0.0250993	0.642542	0.305633	-0.0252111	0.643758	-7.99694	7.14004	1.85487	0.924094	0.931311	-0.0146056	7.80209	-7.03758	-1.93631	-2.747	-0.146531	0.261888	
0.00097 0.303632	-0.0250993	0.642542	0.305648	-0.0252156	0.64379	0.303632	-0.0250993	0.642542	0.305647	-0.0252125	0.643786	-8.04504	7.16857	1.88428	0.925064	0.935893	-0.0128149	7.84895	-7.06401	-1.96769	-2.74797	-0.151121	0.260058	
0.00096 0.303632	-0.0250993	0.642542	0.30566	-0.0252147	0.643823	0.303632	-0.0250993	0.642542	0.30566	-0.0252119	0.643819	-8.08096	7.17558	1.9218	0.923659	0.939522	-0.0107108	7.88379	-7.06876	-2.00763	-2.74658	-0.154764	0.257904	
0.00137 0.303632	-0.0250993	0.642542	0.305674	-0.0252166	0.643854	0.303632	-0.0250993	0.642542	0.305674	-0.0252141	0.64385	-8.10743	7.17189	1.96215	0.921072	0.942215	-0.0085849	7.90903	-7.06272	-2.05011	-2.74401	-0.157469	0.255735	
0.00173 0.303632	-0.0250993	0.642542	0.305687	-0.0252152	0.643882	0.303632	-0.0250993	0.642542	0.305688	-0.0252129	0.643879	-8.11967	7.15757	1.99877	0.917159	0.943207	-0.00651458	7.91999	-7.04646	-2.0889	-2.7401	-0.158466	0.253625	
0.00325 0.303632	-0.0250993	0.642542	0.305702	-0.0252189	0.64391	0.303632	-0.0250993	0.642542	0.305704	-0.0252169	0.643907	-8.11101	7.12388	2.03038	0.910834	0.941738	-0.00439424	7.90996	-7.01053	-2.12227	-2.73378	-0.157006	0.251472	
0.00194 0.303632	-0.0250993	0.642542	0.305718	-0.0252165	0.643938	0.303632	-0.0250993	0.642542	0.30572	-0.0252147	0.643935	-8.08186	7.07498	2.05951	0.902623	0.93791	-0.00230964	7.87933	-6.95979	-2.15361	-2.72558	-0.153187	0.249344	
0.00273 0.303632	-0.0250993	0.642542	0.305735	-0.0252171	0.643962	0.303632	-0.0250993	0.642542	0.305737	-0.0252156	0.643959	-8.03885	7.02078	2.08563	0.893674	0.932391	-0.000368493	7.83478	-6.9038	-2.18143	-2.71664	-0.147673	0.247374	
0.00197 0.303632	-0.0250993	0.642542	0.305753	-0.0252179	0.643984	0.303632	-0.0250993	0.642542	0.305755	-0.0252167	0.643981	-7.98058	6.96069	2.10825	0.883912	0.925018	0.0014337	7.77481	-6.84204	-2.20561	-2.70688	-0.140306	0.245549	
0.003981 0.303632	-0.0250993	0.642542	0.305772	-0.0252175	0.644003	0.303632	-0.0250993	0.642542	0.305775	-0.0252165	0.644	-7.89549	6.88319	2.13098	0.87213	0.914683	0.00311765	7.68784	-6.76315	-2.22977	-2.69511	-0.129973	0.243849	
0.0031 0.303632	-0.0250993	0.642542	0.305788	-0.0252184	0.644025	0.303632	-0.0250993	0.642542	0.305792	-0.0252177	0.644023	-7.78505	6.78775	2.15333	0.858283	0.901524	0.00470475	7.57588	-6.66603	-2.25367	-2.68126	-0.116815	0.242239	
0.00197 0.303632	-0.0250993	0.642542	0.305806	-0.0252165	0.644047	0.303632	-0.0250993	0.642542	0.30581	-0.025216	0.644044	-7.66607	6.68863	2.17014	0.843875	0.887183	0.00621991	7.45519	-6.56545	-2.2722	-2.66686	-0.102479	0.240701	
0.00271 0.303632	-0.0250993	0.642542	0.305827	-0.025218	0.644065	0.303632	-0.0250993	0.642542	0.305831	-0.0252179	0.644063	-7.54766	6.59342	2.18194	0.829795	0.872679	0.0076807	7.33482	-6.46877	-2.28523	-2.65278	-0.0879768	0.239228	
0.00161 0.303632	-0.0250993	0.642542	0.305848	-0.0252148	0.64408	0.303632	-0.0250993	0.642542	0.305853	-0.0252149	0.644078	-7.42869	6.49996	2.19684	0.815987	0.858178	0.00909955	7.2138	-6.37441	-2.30144	-2.63897	-0.0734735	0.237795	
0.00488 0.303632	-0.0250993	0.642542	0.305867	-0.025213	0.644098	0.303632	-0.0250993	0.642542	0.305872	-0.0252133	0.644096	-7.31331	6.40839	2.22005	0.802582	0.844335	0.0105177	7.0966	-6.28162	-2.32611	-2.62557	-0.0596259	0.236359	
0.00214 0.303632	-0.0250993	0.642542	0.305889	-0.0252124	0.644112	0.303632	-0.0250993	0.642542	0.305895	-0.025213	0.64411	-7.20572	6.31701	2.24925	0.78933	0.831549	0.0120363	6.98684	-6.18921	-2.35638	-2.61232	-0.0468362	0.234836	
0.00131 0.303632	-0.0250993	0.642542	0.305911	-0.0252092	0.644125	0.303632	-0.0250993	0.642542	0.305917	-0.0252101	0.644123	-7.10251	6.21658	2.27838	0.775073	0.819261	0.0137678	6.88151	-6.08799	-2.38669	-2.59806	-0.0345397	0.233099	
0.00105 0.303632	-0.0250993	0.642542	0.305933	-0.0252103	0.644137	0.303632	-0.0250993	0.642542	0.305939	-0.0252115	0.644135	-7.00108	6.10294	2.30235	0.759242	0.807009	0.0157438	6.7779	-5.97337	-2.41143	-2.58222	-0.0222833	0.231125	
0.00099 0.303632	-0.0250993	0.642542	0.305955	-0.0252068	0.644147	0.303632	-0.0250993	0.642542	0.305962	-0.0252083	0.644145	-6.89897	5.98002	2.32431	0.742363	0.794632	0.0178194	6.6736	-5.84991	-2.43436	-2.56534	-0.00989788	0.229047	
0.00097 0.303632	-0.0250993	0.642542	0.305979	-0.0252047	0.644154	0.303632	-0.0250993	0.642542	0.305986	-0.0252065	0.644152	-6.79223	5.85319	2.34974	0.725196	0.781871	0.0197747	6.56453	-5.72259	-2.46048	-2.54817	0.00287298	0.227097	
0.00278 0.303632	-0.0250993	0.642542	0.306	-0.025203	0.644163	0.303632	-0.0250993	0.642542	0.306008	-0.0252051	0.644161	-6.68022	5.73009	2.37825	0.708605	0.768611	0.0214433	6.45041	-5.59889	-2.48977	-2.53157	0.0161401	0.225435	
0.00504 0.303632	-0.0250993	0.642542	0.306024	-0.025202	0.64417	0.303632	-0.0250993	0.642542	0.306032	-0.0252043	0.644169	-6.56724	5.61631	2.40574	0.693093	0.755169	0.0228267	6.33507	-5.48456	-2.51787	-2.51606	0.0295949	0.224058	
0.00839 0.303632	-0.0250993	0.642542	0.306048	-0.0251977	0.644174	0.303632	-0.0250993	0.642542	0.306056	-0.0252003	0.644172	-6.45849	5.50753	2.42834	0.678065	0.741976	0.0241002	6.22393	-5.37575	-2.54102	-2.50102	0.0428044	0.222798	
0.00518 0.303632	-0.0250993	0.642542	0.306071	-0.025195	0.644179	0.303632	-0.0250993	0.642542	0.30608	-0.0251979	0.644177	-6.35558	5.39908	2.44611	0.663015	0.729175	0.0253163	6.11872	-5.26702	-2.55936	-2.48596	0.0556125	0.221591	
0.00349 0.303632	-0.0250993	0.642542	0.306094	-0.0251906	0.644181	0.303632	-0.0250993	0.642542	0.306103	-0.0251937	0.644179	-6.25612	5.2948	2.46269	0.648493	0.716609	0.0263203	6.01697	-5.16282	-2.57639	-2.47143	0.0681926	0.220605	
0.0043 0.303632	-0.0250993	0.642542	0.306118	-0.0251897	0.644182	0.303632	-0.0250993	0.642542	0.306127	-0.0251931	0.64418	-6.15816	5.19791	2.47861	0.634883	0.704074	0.0270581	5.9166	-5.0658	-2.59246	-2.45782	0.0807401	0.219885	
0.00422 0.303632	-0.0250993	0.642542	0.306141	-0.0251864	0.644183	0.303632	-0.0250993	0.642542	0.30615	-0.0251902	0.644181	-6.06247	5.10844	2.4908	0.622118	0.691556	0.0276048	5.81862	-4.97636	-2.60497	-2.44504	0.0932725	0.219355	
0.00524 0.303632	-0.0250993	0.642542	0.306163	-0.0251817	0.644183	0.303632	-0.0250993	0.642542	0.306173	-0.0251858	0.644182	-5.97593	5.02899	2.49499	0.610394	0.679649	0.0280204	5.72982	-4.89711	-2.60952	-2.43331	0.105198	0.218955	
0.00275 0.303632	-0.0250993	0.642542	0.306186	-0.025178	0.644182	0.303632	-0.0250993	0.642542	0.306196	-0.0251824	0.644181	-5.91015	4.96308	2.48928	0.600047	0.669557	0.0283918	5.66176	-4.83141	-2.60403	-2.42295	0.115305	0.218602	
0.00855 0.303632	-0.0250993	0.642542	0.306209	-0.025174	0.644181	0.303632	-0.0250993	0.642542	0.306219	-0.0251786	0.64418	-5.8654	4.90769	2.47559	0.590773	0.661366	0.0287201	5.61475	-4.77628	-2.59055	-2.41367	0.123512	0.218293	
0.00265 0.303632	-0.0250993	0.642542	0.306229	-0.0251705	0.644178	0.303632	-0.0250993	0.642542	0.30624	-0.0251754	0.644177	-5.8304	4.8541	2.45708	0.581646	0.653946	0.0289547	5.57765	-4.72306	-2.57204	-2.40453	0.130947	0.218084	
0.00117 0.303632	-0.0250993	0.642542	0.30625	-0.0251688	0.644174	0.303632	-0.0250993	0.642542	0.306262	-0.025174	0.644172	-5.79927	4.80105	2.435	0.5725	0.646717	0.0290993	5.54438	-4.67033	-2.54977	-2.39537	0.138198	0.217963	
0.00104 0.303632	-0.0250993	0.642542	0.306271	-0.0251636	0.644166	0.303632	-0.0250993	0.642542	0.306283	-0.0251691	0.644165	-5.77056	4.75028	2.41062	0.563514	0.639587	0.029187	5.51353	-4.62033	-2.52524	-2.38637	0.145347	0.217908	
0.00103 0.303632	-0.0250993	0.642542	0.306292	-0.025157	0.644159	0.303632	-0.0250993	0.642542	0.306304	-0.0251628	0.644158	-5.74091	4.69659	2.38752	0.554205	0.632319	0.0292212	5.48172	-4.56754	-2.50204	-2.37705	0.152636	0.217901	
0.00096 0.303632	-0.0250993	0.642542	0.306313	-0.0251545	0.644151	0.303632	-0.0250993	0.642542	0.306325	-0.0251606	0.64415	-5.70948	4.63937	2.36681	0.544585	0.624846	0.0291395	5.44817	-4.51093	-2.48095	-2.36742	0.160126	0.218015	
0.00097 0.303632	-0.0250993	0.642542	0.306332	-0.0251487	0.644143	0.303632	-0.0250993	0.642542	0.306344	-0.0251551	0.644142	-5.67986	4.58976	2.34483	0.535863	0.617411	0.0288154	5.41662	-4.4622	-2.45879	-2.35869	0.167582	0.218368	
0.00355 0.303632	-0.0250993	0.642542	0.306352	-0.0251438	0.644132	0.303632	-0.0250993	0.642542	0.306364	-0.0251505	0.644131	-5.65857	4.55966	2.31888	0.529354	0.610602	0.0281521	5.39332	-4.43309	-2.43242	-2.35217	0.17441	0.219064	
0.00182 0.303632	-0.0250993	0.642542	0.30637	-0.0251407	0.64412	0.303632	-0.0250993	0.642542	0.306383	-0.0251477	0.644119	-5.65256	4.55426	2.28845	0.525644	0.605154	0.0271815	5.3854	-4.42864	-2.40135	-2.34844	0.179878	0.220071	
0.00439 0.303632	-0.0250993	0.642542	0.306387	-0.0251337	0.644109	0.303632	-0.0250993	0.642542	0.306401	-0.0251409	0.644108	-5.66252	4.56992	2.25187	0.524269	0.601117	0.0260383	5.39355	-4.44549	-2.36445	-2.34705	0.183939	0.221241	
0.00302 0.303632	-0.0250993	0.642542	0.306405	-0.0251304	0.644096	0.303632	-0.0250993	0.642542	0.306419	-0.025138	0.644095	-5.67643	4.59347	2.21319	0.523828	0.597374	0.0247839	5.40564	-4.47012	-2.32502	-2.3466	0.187702	0.222536	
0.004891 0.303632	-0.0250993	0.642542	0.306423	-0.0251239	0.644083	0.303632	-0.0250993	0.642542	0.306437	-0.0251317	0.644082	-5.68087	4.61384	2.17958	0.523244	0.592764	0.0233736	5.40822	-4.49177	-2.29093	-2.346	0.192337	0.223978	
0.00188 0.303632	-0.0250993	0.642542	0.306437	-0.0251185	0.644068	0.303632	-0.0250993	0.642542	0.306451	-0.0251267	0.644067	-5.68024	4.62809	2.15156	0.522173	0.587842	0.021925	5.40608	-4.50735	-2.26222	-2.34491	0.197283	0.225467	
0.00211 0.303632	-0.0250993	0.642542	0.306454	-0.0251133	0.644053	0.303632	-0.0250993	0.642542	0.306468	-0.0251219	0.644052	-5.6875	4.63893	2.12549	0.520812	0.583922	0.0205829	5.41161	-4.51951	-2.23542	-2.34354	0.201226	0.226847	
0.00788 0.303632	-0.0250993	0.642542	0.306468	-0.0251066	0.644038	0.303632	-0.0250993	0.642542	0.306483	-0.0251154	0.644037	-5.7024	4.65065	2.09716	0.519596	0.580815	0.0192245	5.42497	-4.53271	-2.20645	-2.3423	0.204358	0.22824	
0.00242 0.303632	-0.0250993	0.642542	0.306485	-0.0251012	0.644019	0.303632	-0.0250993	0.642542	0.3065	-0.0251103	0.644018	-5.71509	4.66316	2.06526	0.518526	0.577384	0.0176905	5.43592	-4.54683	-2.17355	-2.34122	0.207813	0.229817	
0.00492 0.303632	-0.0250993	0.642542	0.306498	-0.0250955	0.644002	0.303632	-0.0250993	0.642542	0.306513	-0.025105	0.644001	-5.71795	4.6743	2.03156	0.517392	0.572876	0.0159219	5.43743	-4.55948	-2.13903	-2.34007	0.212343	0.231623	
0.00371 0.303632	-0.0250993	0.642542	0.306513	-0.0250894	0.643979	0.303632	-0.0250993	0.642542	0.306528	-0.0250992	0.643978	-5.70735	4.68262	1.99652	0.516028	0.566939	0.0139032	5.42517	-4.56975	-2.10274	-2.33869	0.218309	0.233695	
0.00144 0.303632	-0.0250993	0.642542	0.306527	-0.025083	0.64396	0.303632	-0.0250993	0.642542	0.306543	-0.0250932	0.643959	-5.68281	4.68082	1.96175	0.513709	0.559579	0.0116698	5.39914	-4.56966	-2.06703	-2.33635	0.225694	0.235972	
0.00103 0.303632	-0.0250993	0.642542	0.306541	-0.0250774	0.643938	0.303632	-0.0250993	0.642542	0.306557	-0.0250878	0.643937	-5.64935	4.66526	1.92784	0.510114	0.551358	0.00931037	5.36419	-4.55596	-2.03191	-2.33274	0.233943	0.238381	
0.00094 0.303632	-0.0250993	0.642542	0.306555	-0.0250734	0.643914	0.303632	-0.0250993	0.642542	0.306571	-0.0250842	0.643913	-5.61189	4.64584	1.89335	0.506264	0.542837	0.00693032	5.32524	-4.53843	-1.99593	-2.32887	0.242491	0.240816	
0.00095 0.303632	-0.0250993	0.642542	0.306569	-0.0250668	0.643889	0.303632	-0.0250993	0.642542	0.306585	-0.0250779	0.643888	-5.56996	4.62993	1.86069	0.502986	0.534129	0.00457028	5.28176	-4.52466	-1.96192	-2.32557	0.251231	0.243228	
0.00095 0.303632	-0.0250993	0.642542	0.306582	-0.0250598	0.643865	0.303632	-0.0250993	0.642542	0.306599	-0.0250712	0.643864	-5.52499	4.61436	1.83141	0.499978	0.525482	0.00229911	5.23532	-4.51119	-1.93137	-2.32254	0.259908	0.245552	
0.00114 0.303632	-0.0250993	0.642542	0.306596	-0.0250523	0.64384	0.303632	-0.0250993	0.642542	0.306614	-0.0250641	0.64384	-5.47698	4.59201	1.80257	0.496392	0.516834	0.000208636	5.18578	-4.49098	-1.90129	-2.31893	0.268587	0.247692	
0.00183 0.303632	-0.0250993	0.642542	0.306609	-0.0250445	0.643814	0.303632	-0.0250993	0.642542	0.306627	-0.0250567	0.643814	-5.42396	4.55857	1.77362	0.491749	0.507984	-0.00169333	5.13133	-4.45982	-1.87099	-2.31427	0.277466	0.249645	
0.00171 0.303632	-0.0250993	0.642542	0.306626	-0.0250383	0.643788	0.303632	-0.0250993	0.642542	0.306643	-0.0250508	0.643787	-5.36245	4.51087	1.74936	0.485814	0.498737	-0.00343473	5.06807	-4.41435	-1.84521	-2.30831	0.286747	0.251447	
0.00475 0.303632	-0.0250993	0.642542	0.306637	-0.0250315	0.643762	0.303632	-0.0250993	0.642542	0.306655	-0.0250443	0.643761	-5.28618	4.44857	1.73459	0.478641	0.488591	-0.00509402	4.99054	-4.35424	-1.82905	-2.30112	0.296923	0.253161	
0.00306 0.303632	-0.0250993	0.642542	0.306651	-0.0250246	0.643733	0.303632	-0.0250993	0.642542	0.306669	-0.0250378	0.643733	-5.19956	4.38117	1.72859	0.471238	0.477997	-0.00669611	4.90238	-4.28925	-1.82145	-2.29369	0.307551	0.254825	
0.00323 0.303632	-0.0250993	0.642542	0.306665	-0.0250169	0.643702	0.303632	-0.0250993	0.642542	0.306683	-0.0250305	0.643702	-5.10925	4.31124	1.73007	0.463836	0.467619	-0.00816913	4.81051	-4.22196	-1.82119	-2.28627	0.317962	0.256359	
0.00479 0.303632	-0.0250993	0.642542	0.306677	-0.0250116	0.643673	0.303632	-0.0250993	0.642542	0.306696	-0.0250255	0.643672	-5.01347	4.23263	1.74004	0.455811	0.457227	-0.00956081	4.71342	-4.14571	-1.82939	-2.27822	0.328384	0.257815	
0.0034 0.303632	-0.0250993	0.642542	0.306692	-0.0250053	0.64364	0.303632	-0.0250993	0.642542	0.306711	-0.0250195	0.643639	-4.90756	4.14516	1.75706	0.447115	0.446205	-0.0109958	4.60588	-4.0609	-1.84445	-2.2695	0.339442	0.25932	
0.002 0.303632	-0.0250993	0.642542	0.306706	-0.0249974	0.643606	0.303632	-0.0250993	0.642542	0.306725	-0.0250119	0.643605	-4.78702	4.04864	1.7791	0.437626	0.433971	-0.0124822	4.48375	-3.96723	-1.86455	-2.25999	0.351714	0.26087	
0.00161 0.303632	-0.0250993	0.642542	0.30672	-0.0249921	0.643571	0.303632	-0.0250993	0.642542	0.306739	-0.0250071	0.643571	-4.65448	3.94281	1.80346	0.427192	0.420692	-0.0139344	4.3497	-3.86409	-1.88677	-2.24953	0.365027	0.262398	
0.00243 0.303632	-0.0250993	0.642542	0.306736	-0.0249842	0.64353	0.303632	-0.0250993	0.642542	0.306755	-0.0249995	0.64353	-4.51383	3.82801	1.82569	0.415684	0.406599	-0.0152653	4.20724	-3.75259	-1.90658	-2.23799	0.379162	0.263816	
0.00208 0.303632	-0.0250993	0.642542	0.30675	-0.024979	0.643496	0.303632	-0.0250993	0.642542	0.306769	-0.0249947	0.643495	-4.36149	3.69944	1.84526	0.402486	0.391239	-0.0164103	4.05335	-3.62673	-1.92398	-2.22477	0.394557	0.265033	
0.00204 0.303632	-0.0250993	0.642542	0.306764	-0.0249711	0.643456	0.303632	-0.0250993	0.642542	0.306783	-0.0249872	0.643456	-4.19723	3.55631	1.86155	0.387486	0.374487	-0.0173976	3.88752	-3.48681	-1.93795	-2.20974	0.411347	0.266101	
0.014301 0.303632	-0.0250993	0.642542	0.30678	-0.0249655	0.643417	0.303632	-0.0250993	0.642542	0.3068	-0.0249819	0.643417	-4.02913	3.40263	1.87064	0.371055	0.357004	-0.0182629	3.71761	-3.33616	-1.94459	-2.19328	0.428875	0.267048	
0.00444 0.303632	-0.0250993	0.642542	0.306796	-0.0249574	0.643373	0.303632	-0.0250993	0.642542	0.306816	-0.0249741	0.643373	-3.86135	3.23933	1.87071	0.353204	0.339149	-0.0189599	3.54805	-3.17641	-1.94201	-2.1754	0.44677	0.267837	
0.00206 0.303632	-0.0250993	0.642542	0.306812	-0.0249522	0.64333	0.303632	-0.0250993	0.642542	0.306832	-0.0249693	0.64333	-3.69269	3.07082	1.86003	0.33435	0.320704	-0.0195178	3.37758	-3.01117	-1.92855	-2.15651	0.465254	0.268489	
0.00277 0.303632	-0.0250993	0.642542	0.306828	-0.0249444	0.643287	0.303632	-0.0250993	0.642542	0.306848	-0.0249619	0.643286	-3.52002	2.9014	1.83638	0.314896	0.301226	-0.0199902	3.20313	-2.84521	-1.9023	-2.13703	0.484776	0.26905	
0.00355 0.303632	-0.0250993	0.642542	0.306847	-0.0249372	0.643238	0.303632	-0.0250993	0.642542	0.306867	-0.0249551	0.643238	-3.33437	2.72442	1.80602	0.294239	0.279952	-0.0204218	3.01541	-2.67202	-1.86888	-2.11634	0.506097	0.269583	
0.00222 0.303632	-0.0250993	0.642542	0.306864	-0.0249304	0.64319	0.303632	-0.0250993	0.642542	0.306885	-0.0249487	0.643189	-3.13168	2.53551	1.77876	0.272159	0.256765	-0.0209023	2.81076	-2.48684	-1.83858	-2.09422	0.529329	0.270165	
0.0024 0.303632	-0.0250993	0.642542	0.306882	-0.0249238	0.643139	0.303632	-0.0250993	0.642542	0.306902	-0.0249425	0.643139	-2.91929	2.34147	1.75488	0.249436	0.232485	-0.0214528	2.5964	-2.29669	-1.81145	-2.07147	0.553657	0.270825	
0.00317 0.303632	-0.0250993	0.642542	0.3069	-0.0249179	0.643087	0.303632	-0.0250993	0.642542	0.306921	-0.0249369	0.643087	-2.70251	2.14697	1.73004	0.226488	0.207575	-0.0220112	2.37754	-2.10611	-1.78325	-2.04848	0.578611	0.27149	
0.00214 0.303632	-0.0250993	0.642542	0.306921	-0.0249114	0.64303	0.303632	-0.0250993	0.642542	0.306942	-0.0249308	0.64303	-2.47743	1.95141	1.70686	0.203328	0.181726	-0.0226117	2.15017	-1.91485	-1.75637	-2.02528	0.604514	0.272213	
0.00411 0.303632	-0.0250993	0.642542	0.306939	-0.0249042	0.642975	0.303632	-0.0250993	0.642542	0.30696	-0.024924	0.642974	-2.23948	1.75651	1.69323	0.180378	0.154726	-0.0234181	1.91019	-1.72421	-1.73918	-2.0023	0.631565	0.273137	
0.00524 0.303632	-0.0250993	0.642542	0.306959	-0.0249012	0.642918	0.303632	-0.0250993	0.642542	0.30698	-0.0249214	0.642918	-1.99135	1.56865	1.68892	0.158398	0.126871	-0.0245165	1.65979	-1.54035	-1.73097	-1.98028	0.659468	0.274357	
0.005 0.303632	-0.0250993	0.642542	0.306977	-0.0248934	0.642863	0.303632	-0.0250993	0.642542	0.306998	-0.0249139	0.642862	-1.74284	1.39242	1.68546	0.137725	0.0989709	-0.0257518	1.40924	-1.36846	-1.72398	-1.95957	0.687421	0.275702	
0.00295 0.303632	-0.0250993	0.642542	0.306999	-0.0248863	0.642801	0.303632	-0.0250993	0.642542	0.30702	-0.0249071	0.642801	-1.50205	1.221	1.67822	0.117499	0.0717959	-0.0268664	1.16604	-1.20166	-1.71278	-1.9393	0.714651	0.276951	
0.0024 0.303632	-0.0250993	0.642542	0.30702	-0.0248794	0.642741	0.303632	-0.0250993	0.642542	0.307041	-0.0249006	0.64274	-1.26212	1.03609	1.67004	0.095748	0.0447388	-0.0277191	0.92372	-1.0213	-1.70067	-1.91751	0.741763	0.277935	
0.00154 0.303632	-0.0250993	0.642542	0.307041	-0.024874	0.642679	0.303632	-0.0250993	0.642542	0.307062	-0.0248956	0.642678	-1.01365	0.829405	1.66609	0.0716625	0.0169775	-0.0283209	0.672961	-0.819157	-1.6926	-1.89338	0.769577	0.278667	
0.00296 0.303632	-0.0250993	0.642542	0.307062	-0.0248715	0.642614	0.303632	-0.0250993	0.642542	0.307082	-0.0248935	0.642613	-0.757022	0.61436	1.6683	0.0467718	-0.0113706	-0.0288027	0.413998	-0.608674	-1.69024	-1.86845	0.797978	0.279292	
0.00114 0.303632	-0.0250993	0.642542	0.307083	-0.0248634	0.642548	0.303632	-0.0250993	0.642542	0.307104	-0.0248858	0.642547	-0.499506	0.408193	1.67598	0.0229934	-0.0395409	-0.0293086	0.154087	-0.407577	-1.69362	-1.84463	0.826207	0.279935	
0.0012 0.303632	-0.0250993	0.642542	0.307104	-0.0248577	0.64248	0.303632	-0.0250993	0.642542	0.307125	-0.0248805	0.642478	-0.254101	0.217505	1.68647	0.00104569	-0.0662231	-0.0298065	-0.0937069	-0.221904	-1.69952	-1.82263	0.852945	0.280576	
0.00102 0.303632	-0.0250993	0.642542	0.307127	-0.0248502	0.642407	0.303632	-0.0250993	0.642542	0.307147	-0.0248733	0.642406	-0.0271816	0.0361122	1.69669	-0.0198175	-0.0908242	-0.0301384	-0.323165	-0.0459686	-1.70495	-1.80172	0.877609	0.281063	
0.00105 0.303632	-0.0250993	0.642542	0.307146	-0.0248475	0.642339	0.303632	-0.0250993	0.642542	0.307167	-0.024871	0.642337	0.185058	-0.144978	1.70692	-0.0406141	-0.113728	-0.0302143	-0.537616	0.130323	-1.71039	-1.78088	0.900568	0.281283	
0.00101 0.303632	-0.0250993	0.642542	0.307167	-0.024841	0.642269	0.303632	-0.0250993	0.642542	0.307188	-0.0248649	0.642268	0.388925	-0.326602	1.71647	-0.0614521	-0.135647	-0.0301066	-0.743881	0.306792	-1.71532	-1.76	0.922543	0.281321	
0.00191 0.303632	-0.0250993	0.642542	0.307189	-0.0248361	0.642198	0.303632	-0.0250993	0.642542	0.307209	-0.0248603	0.642196	0.588092	-0.504452	1.72234	-0.0818907	-0.157112	-0.0299582	-0.945443	0.479448	-1.71631	-1.73951	0.944066	0.281324	
0.00527 0.303632	-0.0250993	0.642542	0.307211	-0.0248294	0.642122	0.303632	-0.0250993	0.642542	0.307231	-0.024854	0.64212	0.780812	-0.676222	1.72234	-0.101734	-0.178009	-0.0297732	-1.14071	0.645603	-1.71122	-1.71962	0.965027	0.2813	
0.00467 0.303632	-0.0250993	0.642542	0.307231	-0.0248248	0.642045	0.303632	-0.0250993	0.642542	0.307251	-0.0248498	0.642043	0.960104	-0.83722	1.71858	-0.120463	-0.19748	-0.0294976	-1.3223	0.801044	-1.70213	-1.70084	0.984556	0.281186	
0.0052 0.303632	-0.0250993	0.642542	0.307252	-0.0248199	0.641968	0.303632	-0.0250993	0.642542	0.307272	-0.0248453	0.641966	1.11781	-0.979192	1.71574	-0.137046	-0.21449	-0.0291893	-1.48236	0.937465	-1.69402	-1.68421	1.00163	0.281038	
0.00334 0.303632	-0.0250993	0.642542	0.307273	-0.0248168	0.641887	0.303632	-0.0250993	0.642542	0.307292	-0.0248426	0.641884	1.25294	-1.09949	1.71548	-0.151128	-0.228909	-0.0289272	-1.61988	1.05204	-1.68806	-1.67008	1.01611	0.280951	
0.00334 0.303632	-0.0250993	0.642542	0.307293	-0.0248103	0.641808	0.303632	-0.0250993	0.642542	0.307312	-0.0248365	0.641806	1.3697	-1.19808	1.71932	-0.162674	-0.241168	-0.0287687	-1.7389	1.14483	-1.68659	-1.65849	1.02843	0.280953	
0.0052 0.303632	-0.0250993	0.642542	0.307313	-0.0248053	0.641729	0.303632	-0.0250993	0.642542	0.307332	-0.0248318	0.641726	1.46934	-1.27889	1.72702	-0.172137	-0.251411	-0.0286462	-1.84086	1.21991	-1.68885	-1.64897	1.03873	0.280998	
0.00311 0.303632	-0.0250993	0.642542	0.307332	-0.0247998	0.641651	0.303632	-0.0250993	0.642542	0.307351	-0.0248267	0.641648	1.54956	-1.34479	1.73494	-0.179909	-0.25952	-0.0284829	-1.92322	1.28013	-1.69145	-1.64115	1.0469	0.280993	
0.00203 0.303632	-0.0250993	0.642542	0.307351	-0.0247952	0.641568	0.303632	-0.0250993	0.642542	0.307369	-0.0248225	0.641565	1.61161	-1.39276	1.74276	-0.185641	-0.265665	-0.0283658	-1.98747	1.32211	-1.69348	-1.63537	1.05311	0.281053	
0.00283 0.303632	-0.0250993	0.642542	0.307369	-0.0247918	0.641485	0.303632	-0.0250993	0.642542	0.307388	-0.0248195	0.641482	1.66342	-1.42453	1.75392	-0.189481	-0.27059	-0.028355	-2.04142	1.34803	-1.69885	-1.63148	1.05809	0.281214	
0.00183 0.303632	-0.0250993	0.642542	0.307387	-0.0247852	0.6414	0.303632	-0.0250993	0.642542	0.307405	-0.0248133	0.641397	1.70978	-1.44474	1.77105	-0.191933	-0.274714	-0.0283817	-2.08987	1.36199	-1.71023	-1.62898	1.06228	0.281411	
0.00109 0.303632	-0.0250993	0.642542	0.307404	-0.0247801	0.641319	0.303632	-0.0250993	0.642542	0.307422	-0.0248086	0.641315	1.74915	-1.45583	1.78928	-0.193352	-0.278075	-0.0284036	-2.13122	1.36718	-1.72286	-1.62751	1.06571	0.281599	
0.00102 0.303632	-0.0250993	0.642542	0.307419	-0.0247771	0.641235	0.303632	-0.0250993	0.642542	0.307437	-0.024806	0.641231	1.77993	-1.45718	1.79787	-0.193835	-0.280934	-0.0284645	-2.16381	1.36257	-1.72549	-1.62698	1.06863	0.281828	
0.00101 0.303632	-0.0250993	0.642542	0.307435	-0.0247714	0.641151	0.303632	-0.0250993	0.642542	0.307452	-0.0248007	0.641147	1.80011	-1.44571	1.79358	-0.193143	-0.283169	-0.0285212	-2.18582	1.345	-1.71548	-1.62762	1.07092	0.282054	
0.00105 0.303632	-0.0250993	0.642542	0.307451	-0.024765	0.641064	0.303632	-0.0250993	0.642542	0.307468	-0.0247948	0.64106	1.80645	-1.42043	1.77932	-0.191179	-0.284256	-0.0284649	-2.19409	1.31331	-1.69527	-1.62953	1.07207	0.282176	
0.00098 0.303632	-0.0250993	0.642542	0.307466	-0.0247608	0.640975	0.303632	-0.0250993	0.642542	0.307483	-0.0247909	0.640971	1.80012	-1.3836	1.7587	-0.188128	-0.284189	-0.0283127	-2.18956	1.27015	-1.66847	-1.63253	1.07207	0.282202	
0.00434 0.303632	-0.0250993	0.642542	0.30748	-0.0247539	0.64089	0.303632	-0.0250993	0.642542	0.307497	-0.0247845	0.640886	1.7864	-1.34028	1.73617	-0.184422	-0.283413	-0.0281496	-2.17754	1.2205	-1.64017	-1.63618	1.07136	0.282209	
0.00513 0.303632	-0.0250993	0.642542	0.307493	-0.0247483	0.640804	0.303632	-0.0250993	0.642542	0.30751	-0.0247793	0.6408	1.76376	-1.29246	1.71034	-0.180287	-0.281841	-0.0279928	-2.15647	1.16645	-1.60847	-1.64027	1.06985	0.282215	
0.00265 0.303632	-0.0250993	0.642542	0.307504	-0.0247422	0.640719	0.303632	-0.0250993	0.642542	0.30752	-0.0247736	0.640714	1.72267	-1.23717	1.6774	-0.175477	-0.278577	-0.0277752	-2.11678	1.10484	-1.56966	-1.64502	1.06665	0.282171	
0.00263 0.303632	-0.0250993	0.642542	0.307514	-0.0247391	0.64063	0.303632	-0.0250993	0.642542	0.30753	-0.024771	0.640626	1.66061	-1.17326	1.63956	-0.169863	-0.273226	-0.0274325	-2.05602	1.03468	-1.52559	-1.65059	1.06136	0.281999	
0.00206 0.303632	-0.0250993	0.642542	0.307524	-0.0247306	0.640542	0.303632	-0.0250993	0.642542	0.30754	-0.0247629	0.640537	1.58314	-1.10399	1.60107	-0.16373	-0.266224	-0.0269861	-1.97985	0.958749	-1.48123	-1.65667	1.05442	0.281725	
0.00171 0.303632	-0.0250993	0.642542	0.307532	-0.0247251	0.640456	0.303632	-0.0250993	0.642542	0.307548	-0.0247578	0.640451	1.49127	-1.03327	1.56095	-0.157492	-0.257724	-0.0264291	-1.88907	0.881755	-1.43522	-1.66286	1.04598	0.281335	
0.00499 0.303632	-0.0250993	0.642542	0.307541	-0.0247204	0.640369	0.303632	-0.0250993	0.642542	0.307557	-0.0247535	0.640364	1.38592	-0.963238	1.51506	-0.151447	-0.247975	-0.025721	-1.78487	0.805424	-1.38329	-1.66886	1.03629	0.280793	
0.002841 0.303632	-0.0250993	0.642542	0.307548	-0.0247149	0.640282	0.303632	-0.0250993	0.642542	0.307563	-0.0247485	0.640277	1.27537	-0.895637	1.46541	-0.145737	-0.237788	-0.0249039	-1.67523	0.731402	-1.3276	-1.67452	1.02616	0.280145	
0.00211 0.303632	-0.0250993	0.642542	0.307555	-0.0247079	0.640192	0.303632	-0.0250993	0.642542	0.30757	-0.024742	0.640186	1.16793	-0.829625	1.41912	-0.140094	-0.227809	-0.0241107	-1.56879	0.658707	-1.2752	-1.68011	1.01625	0.279522	
0.00181 0.303632	-0.0250993	0.642542	0.30756	-0.0247043	0.640106	0.303632	-0.0250993	0.642542	0.307574	-0.0247388	0.640101	1.06714	-0.760336	1.37954	-0.133874	-0.218305	-0.0234619	-1.46875	0.583262	-1.22959	-1.68628	1.0068	0.279037	
0.00156 0.303632	-0.0250993	0.642542	0.307565	-0.0246975	0.64002	0.303632	-0.0250993	0.642542	0.30758	-0.0247324	0.640015	0.970869	-0.680363	1.34451	-0.126256	-0.209133	-0.0230681	-1.3733	0.4969	-1.18875	-1.69385	0.997684	0.278805	
0.00156 0.303632	-0.0250993	0.642542	0.307569	-0.024691	0.63993	0.303632	-0.0250993	0.642542	0.307583	-0.0247264	0.639925	0.874862	-0.588056	1.31211	-0.117045	-0.199912	-0.0229665	-1.27797	0.397948	-1.15023	-1.70301	0.988525	0.278871	
0.00434 0.303632	-0.0250993	0.642542	0.307572	-0.0246849	0.639842	0.303632	-0.0250993	0.642542	0.307587	-0.0247207	0.639836	0.778491	-0.48908	1.28527	-0.106805	-0.190463	-0.0230665	-1.18223	0.292452	-1.11734	-1.7132	0.979135	0.279131	
0.00142 0.303632	-0.0250993	0.642542	0.307575	-0.0246798	0.639756	0.303632	-0.0250993	0.642542	0.307589	-0.024716	0.63975	0.677669	-0.381099	1.26209	-0.0953517	-0.18039	-0.0232956	-1.08191	0.178156	-1.0882	-1.72461	0.96912	0.279523	
0.0014 0.303632	-0.0250993	0.642542	0.307576	-0.024674	0.639668	0.303632	-0.0250993	0.642542	0.30759	-0.0247107	0.639663	0.562236	-0.254108	1.23228	-0.0818192	-0.168959	-0.023635	-0.966827	0.0447302	-1.05241	-1.73809	0.957744	0.280027	
0.00114 0.303632	-0.0250993	0.642542	0.307577	-0.0246678	0.63958	0.303632	-0.0250993	0.642542	0.307591	-0.024705	0.639574	0.42957	-0.111482	1.19268	-0.0666985	-0.156004	-0.0240047	-0.834579	-0.104412	-1.0068	-1.75317	0.944848	0.280555	
0.00103 0.303632	-0.0250993	0.642542	0.30758	-0.0246606	0.639486	0.303632	-0.0250993	0.642542	0.307594	-0.0246983	0.63948	0.293651	0.0253103	1.15192	-0.0522727	-0.142728	-0.0242612	-0.699253	-0.24822	-0.959621	-1.76754	0.931637	0.280987	
0.02378 0.303632	-0.0250993	0.642542	0.307579	-0.0246554	0.639398	0.303632	-0.0250993	0.642542	0.307593	-0.0246936	0.639392	0.173224	0.139083	1.11593	-0.0403474	-0.130976	-0.0244276	-0.578969	-0.368459	-0.91755	-1.77942	0.919941	0.281315	
0.00333 0.303632	-0.0250993	0.642542	0.30758	-0.0246511	0.639308	0.303632	-0.0250993	0.642542	0.307593	-0.0246897	0.639302	0.072883	0.233851	1.07737	-0.0306097	-0.121556	-0.0246312	-0.47895	-0.469714	-0.872733	-1.78911	0.910577	0.281685	
0.00566 0.303632	-0.0250993	0.642542	0.307578	-0.0246455	0.639217	0.303632	-0.0250993	0.642542	0.307592	-0.0246846	0.63921	-0.0119025	0.319481	1.03065	-0.0220635	-0.114221	-0.0249416	-0.394301	-0.56208	-0.819697	-1.7976	0.903304	0.282163	
0.00297 0.303632	-0.0250993	0.642542	0.30758	-0.0246385	0.63912	0.303632	-0.0250993	0.642542	0.307593	-0.0246781	0.639114	-0.0820995	0.39575	0.980797	-0.014623	-0.108726	-0.0253861	-0.324523	-0.645529	-0.763246	-1.80499	0.897872	0.282787	
0.0018 0.303632	-0.0250993	0.642542	0.307579	-0.0246316	0.639028	0.303632	-0.0250993	0.642542	0.307591	-0.0246718	0.639022	-0.134633	0.45604	0.928939	-0.00904756	-0.105372	-0.0258822	-0.272134	-0.712666	-0.705126	-1.81052	0.894577	0.283446	
0.00152 0.303632	-0.0250993	0.642542	0.30758	-0.0246262	0.638933	0.303632	-0.0250993	0.642542	0.307592	-0.0246669	0.638927	-0.163219	0.492787	0.871685	-0.00633838	-0.104942	-0.0263261	-0.243912	-0.756328	-0.641318	-1.81317	0.894211	0.284061	
0.0016 0.303632	-0.0250993	0.642542	0.307579	-0.0246194	0.638838	0.303632	-0.0250993	0.642542	0.307592	-0.0246606	0.638832	-0.165691	0.501135	0.811587	-0.00704323	-0.107547	-0.0266484	-0.241681	-0.771694	-0.574769	-1.81242	0.896876	0.284559	
0.00164 0.303632	-0.0250993	0.642542	0.307579	-0.0246138	0.63874	0.303632	-0.0250993	0.642542	0.307592	-0.0246555	0.638734	-0.150899	0.484443	0.752436	-0.0107056	-0.11207	-0.0267856	-0.256731	-0.762188	-0.50882	-1.8087	0.901465	0.284879	
0.00463 0.303632	-0.0250993	0.642542	0.30758	-0.024608	0.638645	0.303632	-0.0250993	0.642542	0.307593	-0.0246502	0.638639	-0.125841	0.45112	0.694933	-0.0163363	-0.117751	-0.0267693	-0.282178	-0.73585	-0.444746	-1.80302	0.907207	0.285035	
0.00334 0.303632	-0.0250993	0.642542	0.307581	-0.0246022	0.638548	0.303632	-0.0250993	0.642542	0.307593	-0.0246449	0.638542	-0.0904342	0.406679	0.639576	-0.0232656	-0.12461	-0.0267169	-0.317854	-0.69852	-0.382697	-1.79604	0.914125	0.285166	
0.00202 0.303632	-0.0250993	0.642542	0.30758	-0.0245981	0.638447	0.303632	-0.0250993	0.642542	0.307592	-0.0246414	0.63844	-0.0444727	0.355275	0.588467	-0.0309448	-0.1326	-0.0267322	-0.364077	-0.654402	-0.324446	-1.7883	0.922183	0.285367	
0.0031 0.303632	-0.0250993	0.642542	0.30758	-0.0245904	0.638349	0.303632	-0.0250993	0.642542	0.307591	-0.0246342	0.638342	0.00636773	0.303956	0.542041	-0.0385671	-0.141062	-0.0268449	-0.415093	-0.610407	-0.271369	-1.78063	0.930708	0.285656	
0.00223 0.303632	-0.0250993	0.642542	0.30758	-0.024587	0.638252	0.303632	-0.0250993	0.642542	0.307592	-0.0246313	0.638246	0.0532213	0.257438	0.494241	-0.0457202	-0.149186	-0.0270041	-0.462241	-0.570775	-0.216771	-1.77342	0.938894	0.285997	
0.00126 0.303632	-0.0250993	0.642542	0.307581	-0.0245802	0.638154	0.303632	-0.0250993	0.642542	0.307592	-0.024625	0.638148	0.0963073	0.210614	0.441519	-0.0530537	-0.157041	-0.0271035	-0.505635	-0.531241	-0.157302	-1.76604	0.946815	0.286274	
0.00104 0.303632	-0.0250993	0.642542	0.307581	-0.0245754	0.638052	0.303632	-0.0250993	0.642542	0.307592	-0.0246207	0.638046	0.136024	0.159852	0.386027	-0.060888	-0.164541	-0.0270941	-0.545605	-0.487857	-0.0946834	-1.75815	0.954375	0.286457	
0.00106 0.303632	-0.0250993	0.642542	0.307581	-0.0245678	0.637949	0.303632	-0.0250993	0.642542	0.307592	-0.0246136	0.637943	0.166803	0.106702	0.329741	-0.0689296	-0.170987	-0.026953	-0.576668	-0.442324	-0.0314191	-1.75005	0.960891	0.2865	
0.001 0.303632	-0.0250993	0.642542	0.307581	-0.024562	0.637851	0.303632	-0.0250993	0.642542	0.307592	-0.0246084	0.637845	0.191082	0.049032	0.274117	-0.0773632	-0.176539	-0.0266421	-0.601239	-0.391863	0.0310236	-1.74156	0.966509	0.286375	
0.00257 0.303632	-0.0250993	0.642542	0.307582	-0.024557	0.637748	0.303632	-0.0250993	0.642542	0.307592	-0.0246039	0.637742	0.223799	-0.0179124	0.223218	-0.0866029	-0.182628	-0.0262634	-0.634256	-0.332364	0.0890958	-1.73227	0.97266	0.286183	
0.00514 0.303632	-0.0250993	0.642542	0.307581	-0.0245499	0.637645	0.303632	-0.0250993	0.642542	0.307591	-0.0245973	0.637639	0.274848	-0.0941696	0.182781	-0.0964604	-0.190111	-0.0259972	-0.685457	-0.263719	0.136564	-1.72235	0.980211	0.286106	
0.00243 0.303632	-0.0250993	0.642542	0.307581	-0.0245463	0.637542	0.303632	-0.0250993	0.642542	0.307591	-0.0245942	0.637535	0.334026	-0.170186	0.15401	-0.105787	-0.197824	-0.0258852	-0.744875	-0.195111	0.172672	-1.71297	0.987987	0.286192	
0.00515 0.303632	-0.0250993	0.642542	0.307579	-0.0245407	0.637442	0.303632	-0.0250993	0.642542	0.307589	-0.0245891	0.637435	0.385892	-0.235046	0.132993	-0.11346	-0.204187	-0.0258121	-0.79682	-0.13757	0.200636	-1.70524	0.994417	0.2863	
0.00514 0.303632	-0.0250993	0.642542	0.307578	-0.0245337	0.637339	0.303632	-0.0250993	0.642542	0.307588	-0.0245827	0.637332	0.426364	-0.285845	0.117146	-0.119226	-0.208827	-0.0256934	-0.837426	-0.094391	0.223549	-1.69942	0.999124	0.286368	
0.00279 0.303632	-0.0250993	0.642542	0.307578	-0.0245269	0.637232	0.303632	-0.0250993	0.642542	0.307587	-0.0245763	0.637226	0.459289	-0.328136	0.109176	-0.123692	-0.212033	-0.0254319	-0.870577	-0.0599403	0.238842	-1.6949	1.0024	0.2863	
0.00189 0.303632	-0.0250993	0.642542	0.307576	-0.0245205	0.637128	0.303632	-0.0250993	0.642542	0.307585	-0.0245705	0.637122	0.48399	-0.364003	0.108557	-0.127159	-0.213728	-0.0249226	-0.895307	-0.0316982	0.246623	-1.69137	1.00416	0.285978	
0.00494 0.303632	-0.0250993	0.642542	0.307575	-0.024516	0.637018	0.303632	-0.0250993	0.642542	0.307584	-0.0245665	0.637012	0.499169	-0.389372	0.113429	-0.129193	-0.213882	-0.0242751	-0.910653	-0.0142735	0.249506	-1.68928	1.00439	0.285535	
0.00453 0.303632	-0.0250993	0.642542	0.307572	-0.0245098	0.636909	0.303632	-0.0250993	0.642542	0.307581	-0.0245609	0.636903	0.508758	-0.402871	0.128008	-0.129544	-0.212834	-0.0236916	-0.920182	-0.00874083	0.242463	-1.68887	1.00341	0.285152	
0.00265 0.303632	-0.0250993	0.642542	0.30757	-0.024504	0.636802	0.303632	-0.0250993	0.642542	0.307578	-0.0245556	0.636796	0.514488	-0.405897	0.157848	-0.128234	-0.210632	-0.0232719	-0.925925	-0.0135263	0.220057	-1.69012	1.00127	0.284929	
0.00526 0.303632	-0.0250993	0.642542	0.307567	-0.0244957	0.636692	0.303632	-0.0250993	0.642542	0.307576	-0.0245479	0.636685	0.51811	-0.404776	0.209655	-0.125851	-0.207274	-0.0229932	-0.929561	-0.0228592	0.175759	-1.69245	0.997983	0.284849	
0.00352 0.303632	-0.0250993	0.642542	0.307563	-0.0244919	0.63658	0.303632	-0.0250993	0.642542	0.307571	-0.0245446	0.636574	0.521432	-0.404348	0.284617	-0.122974	-0.202954	-0.0227902	-0.932691	-0.0312798	0.108685	-1.69527	0.993733	0.284851	
0.00363 0.303632	-0.0250993	0.642542	0.30756	-0.0244847	0.636473	0.303632	-0.0250993	0.642542	0.307568	-0.0245381	0.636466	0.523499	-0.401516	0.371441	-0.119544	-0.198029	-0.0226604	-0.934666	-0.0420698	0.0292527	-1.69864	0.988874	0.284914	
0.00326 0.303632	-0.0250993	0.642542	0.307555	-0.0244804	0.636362	0.303632	-0.0250993	0.642542	0.307563	-0.0245343	0.636356	0.518877	-0.392417	0.456105	-0.11547	-0.19247	-0.0225561	-0.929804	-0.0591269	-0.0476183	-1.70265	0.983388	0.285008	
0.00171 0.303632	-0.0250993	0.642542	0.307551	-0.0244723	0.636251	0.303632	-0.0250993	0.642542	0.307559	-0.0245268	0.636244	0.501063	-0.37999	0.529444	-0.111337	-0.185945	-0.02229	-0.911851	-0.0798317	-0.113376	-1.70673	0.97693	0.284941	
0.00111 0.303632	-0.0250993	0.642542	0.307544	-0.0244654	0.636144	0.303632	-0.0250993	0.642542	0.307551	-0.0245205	0.636138	0.462931	-0.364596	0.582673	-0.107434	-0.17804	-0.0217373	-0.873181	-0.10312	-0.159273	-1.71057	0.96909	0.284583	
0.00108 0.303632	-0.0250993	0.642542	0.307538	-0.024456	0.636034	0.303632	-0.0250993	0.642542	0.307545	-0.0245116	0.636027	0.398165	-0.338291	0.611843	-0.102998	-0.168273	-0.0209108	-0.80804	-0.137744	-0.181015	-1.71495	0.959399	0.283945	
0.0052 0.303632	-0.0250993	0.642542	0.307531	-0.0244491	0.635921	0.303632	-0.0250993	0.642542	0.307538	-0.0245053	0.635914	0.313512	-0.297839	0.623757	-0.0975545	-0.15719	-0.0199376	-0.722937	-0.186508	-0.18516	-1.72033	0.948383	0.283177	
0.00378 0.303632	-0.0250993	0.642542	0.307524	-0.0244415	0.635811	0.303632	-0.0250993	0.642542	0.30753	-0.0244983	0.635804	0.223093	-0.245144	0.623166	-0.0912167	-0.146198	-0.0189998	-0.63199	-0.247355	-0.177055	-1.72661	0.937464	0.282432	
0.00297 0.303632	-0.0250993	0.642542	0.307515	-0.0244354	0.635701	0.303632	-0.0250993	0.642542	0.307522	-0.0244928	0.635694	0.134136	-0.184221	0.607065	-0.0845388	-0.136184	-0.018081	-0.542378	-0.31636	-0.153325	-1.73323	0.927522	0.281708	
0.00275 0.303632	-0.0250993	0.642542	0.307506	-0.0244282	0.635586	0.303632	-0.0250993	0.642542	0.307513	-0.0244862	0.635579	0.0506234	-0.122532	0.579961	-0.078298	-0.127385	-0.017086	-0.458236	-0.386551	-0.118295	-1.73941	0.918792	0.280914	
0.00185 0.303632	-0.0250993	0.642542	0.307498	-0.024419	0.635475	0.303632	-0.0250993	0.642542	0.307504	-0.0244777	0.635468	-0.0201492	-0.0674757	0.55122	-0.0730992	-0.120245	-0.0160637	-0.386853	-0.449962	-0.0820638	-1.74455	0.911724	0.280084	
0.00157 0.303632	-0.0250993	0.642542	0.307488	-0.0244102	0.635366	0.303632	-0.0250993	0.642542	0.307494	-0.0244694	0.635359	-0.0728839	-0.0247751	0.525894	-0.0694047	-0.115155	-0.0151055	-0.333323	-0.50085	-0.0493919	-1.74819	0.906701	0.279313	
0.00411 0.303632	-0.0250993	0.642542	0.307479	-0.0244054	0.635251	0.303632	-0.0250993	0.642542	0.307485	-0.0244652	0.635244	-0.10717	0.00333194	0.507482	-0.0673072	-0.11202	-0.0142724	-0.298309	-0.537272	-0.0229164	-1.75023	0.90363	0.278684	
0.00507 0.303632	-0.0250993	0.642542	0.307467	-0.0243973	0.635139	0.303632	-0.0250993	0.642542	0.307473	-0.0244577	0.635132	-0.130401	0.0197165	0.49296	-0.0665483	-0.110094	-0.013477	-0.274155	-0.562024	-0.000765353	-1.75093	0.901775	0.278088	
0.00277 0.303632	-0.0250993	0.642542	0.307456	-0.0243926	0.635027	0.303632	-0.0250993	0.642542	0.307461	-0.0244537	0.63502	-0.153923	0.0309237	0.48149	-0.0665305	-0.10804	-0.0124474	-0.249672	-0.581349	0.0185753	-1.75089	0.89979	0.277254	
0.00349 0.303632	-0.0250993	0.642542	0.307444	-0.024383	0.634917	0.303632	-0.0250993	0.642542	0.307449	-0.0244447	0.634911	-0.183973	0.0426896	0.47508	-0.0666131	-0.105012	-0.011057	-0.218589	-0.601428	0.0323418	-1.75075	0.896829	0.276047	
0.00484 0.303632	-0.0250993	0.642542	0.30743	-0.0243759	0.634805	0.303632	-0.0250993	0.642542	0.307435	-0.0244381	0.634798	-0.224051	0.0564189	0.466352	-0.0666154	-0.100951	-0.00948457	-0.177353	-0.623492	0.048785	-1.75069	0.892838	0.274671	
0.00672 0.303632	-0.0250993	0.642542	0.307417	-0.0243665	0.634692	0.303632	-0.0250993	0.642542	0.307422	-0.0244293	0.634685	-0.273779	0.0701407	0.452198	-0.0666462	-0.096069	-0.0079309	-0.126501	-0.645741	0.070545	-1.7506	0.888027	0.273308	
0.00507 0.303632	-0.0250993	0.642542	0.3074	-0.02436	0.63458	0.303632	-0.0250993	0.642542	0.307405	-0.0244235	0.634573	-0.33447	0.0869538	0.437097	-0.0662155	-0.0900354	-0.00644153	-0.0643628	-0.670841	0.0933945	-1.75097	0.882063	0.272011	
0.00205 0.303632	-0.0250993	0.642542	0.307386	-0.0243524	0.634468	0.303632	-0.0250993	0.642542	0.307391	-0.0244165	0.634461	-0.411998	0.117573	0.417468	-0.0641563	-0.0822955	-0.00505411	0.0143692	-0.709768	0.120654	-1.75297	0.87439	0.270812	
0.00269 0.303632	-0.0250993	0.642542	0.30737	-0.0243441	0.634358	0.303632	-0.0250993	0.642542	0.307374	-0.0244088	0.634351	-0.50686	0.16598	0.388139	-0.0600636	-0.072962	-0.00382569	0.110709	-0.76646	0.157456	-1.75701	0.865127	0.269768	
0.00328 0.303632	-0.0250993	0.642542	0.307352	-0.0243377	0.634245	0.303632	-0.0250993	0.642542	0.307357	-0.024403	0.634238	-0.619225	0.232752	0.34961	-0.0538453	-0.0619641	-0.00274215	0.224632	-0.841569	0.203781	-1.76317	0.854194	0.268877	
0.00308 0.303632	-0.0250993	0.642542	0.307334	-0.0243304	0.634135	0.303632	-0.0250993	0.642542	0.307338	-0.0243963	0.634128	-0.748254	0.319128	0.304715	-0.0453489	-0.0492415	-0.00175963	0.355311	-0.93615	0.256201	-1.77161	0.841535	0.268081	
0.00526 0.303632	-0.0250993	0.642542	0.307317	-0.0243228	0.634023	0.303632	-0.0250993	0.642542	0.307321	-0.0243893	0.634016	-0.883709	0.419867	0.258256	-0.0350699	-0.0357375	-0.000937312	0.492285	-1.04525	0.310319	-1.78183	0.828098	0.267445	
0.00273 0.303632	-0.0250993	0.642542	0.307296	-0.0243153	0.633914	0.303632	-0.0250993	0.642542	0.3073	-0.0243824	0.633908	-1.02235	0.533666	0.213661	-0.0230902	-0.0216825	-0.00028358	0.632848	-1.16714	0.362278	-1.79376	0.814104	0.266967	
0.00352 0.303632	-0.0250993	0.642542	0.307277	-0.0243101	0.633803	0.303632	-0.0250993	0.642542	0.30728	-0.0243778	0.633797	-1.16852	0.663148	0.174086	-0.00912809	-0.00645601	0.000327967	0.780834	-1.30479	0.409617	-1.80767	0.798947	0.266542	
0.004481 0.303632	-0.0250993	0.642542	0.307258	-0.0243027	0.633689	0.303632	-0.0250993	0.642542	0.307261	-0.0243711	0.633683	-1.31298	0.805586	0.144129	0.00654369	0.00910769	0.000857851	0.927015	-1.4557	0.447371	-1.82328	0.783448	0.266205	
0.003 0.303632	-0.0250993	0.642542	0.307236	-0.0242952	0.633575	0.303632	-0.0250993	0.642542	0.307239	-0.0243642	0.633568	-1.44812	0.955572	0.129334	0.0234292	0.0243438	0.00121728	1.06417	-1.61423	0.469994	-1.84011	0.768279	0.26603	
0.00524 0.303632	-0.0250993	0.642542	0.307214	-0.0242876	0.633462	0.303632	-0.0250993	0.642542	0.307218	-0.0243573	0.633455	-1.57747	1.10526	0.132634	0.040684	0.0397071	0.00151708	1.19549	-1.77235	0.474402	-1.85731	0.75298	0.265918	
0.0026 0.303632	-0.0250993	0.642542	0.307192	-0.0242804	0.63335	0.303632	-0.0250993	0.642542	0.307195	-0.0243507	0.633344	-1.69812	1.24549	0.152663	0.0572617	0.0547711	0.00179498	1.31823	-1.9209	0.462004	-1.87383	0.737976	0.265822	
0.00179 0.303632	-0.0250993	0.642542	0.307169	-0.0242727	0.633237	0.303632	-0.0250993	0.642542	0.307172	-0.0243437	0.633231	-1.80305	1.37361	0.184576	0.0728104	0.0685079	0.001885	1.4253	-2.05751	0.437819	-1.88933	0.724304	0.265921	
0.005281 0.303632	-0.0250993	0.642542	0.307147	-0.0242668	0.63312	0.303632	-0.0250993	0.642542	0.307149	-0.0243385	0.633115	-1.88837	1.48833	0.220998	0.0870055	0.0801722	0.00174669	1.51273	-2.18077	0.409443	-1.90347	0.712702	0.266252	
0.00178 0.303632	-0.0250993	0.642542	0.307123	-0.0242589	0.633008	0.303632	-0.0250993	0.642542	0.307126	-0.0243313	0.633002	-1.95499	1.58811	0.254426	0.0994401	0.089586	0.00151158	1.58156	-2.28896	0.383641	-1.91584	0.703355	0.266666	
0.00106 0.303632	-0.0250993	0.642542	0.307096	-0.0242551	0.632903	0.303632	-0.0250993	0.642542	0.307099	-0.0243281	0.632898	-2.01313	1.68179	0.271754	0.110767	0.0973823	0.00127358	1.64223	-2.39029	0.373663	-1.92712	0.695611	0.267077	
0.00101 0.303632	-0.0250993	0.642542	0.307072	-0.0242496	0.632789	0.303632	-0.0250993	0.642542	0.307074	-0.0243233	0.632784	-2.07053	1.77798	0.264139	0.121725	0.104053	0.00102804	1.70197	-2.49486	0.389199	-1.93803	0.689007	0.267503	
0.001 0.303632	-0.0250993	0.642542	0.307045	-0.0242417	0.632685	0.303632	-0.0250993	0.642542	0.307047	-0.0243161	0.63268	-2.12813	1.87828	0.233574	0.132536	0.109706	0.000687196	1.7621	-2.60305	0.426808	-1.94879	0.68341	0.268011	
0.00102 0.303632	-0.0250993	0.642542	0.307017	-0.0242359	0.632575	0.303632	-0.0250993	0.642542	0.307019	-0.0243109	0.632569	-2.19309	1.98509	0.183212	0.143517	0.115198	0.000257005	1.82975	-2.71801	0.484775	-1.95971	0.67798	0.268619	
0.00354 0.303632	-0.0250993	0.642542	0.306989	-0.0242294	0.632468	0.303632	-0.0250993	0.642542	0.306991	-0.0243051	0.632463	-2.26576	2.09365	0.121253	0.154269	0.120848	-0.000198245	1.90504	-2.83455	0.554052	-1.97042	0.672384	0.269244	
0.0025 0.303632	-0.0250993	0.642542	0.306962	-0.0242234	0.632357	0.303632	-0.0250993	0.642542	0.306964	-0.0242998	0.632352	-2.33103	2.18877	0.0553627	0.163254	0.125283	-0.000646499	1.97291	-2.93786	0.627574	-1.97935	0.668009	0.269869	
0.00301 0.303632	-0.0250993	0.642542	0.306934	-0.0242153	0.632248	0.303632	-0.0250993	0.642542	0.306936	-0.0242924	0.632243	-2.37752	2.25599	-0.0125303	0.168892	0.127356	-0.000985166	2.02206	-3.01331	0.702843	-1.98494	0.665993	0.270375	
0.005041 0.303632	-0.0250993	0.642542	0.306904	-0.0242101	0.632143	0.303632	-0.0250993	0.642542	0.306906	-0.0242878	0.632138	-2.41088	2.29864	-0.0833751	0.171631	0.127653	-0.00127045	2.05835	-3.06372	0.780938	-1.98763	0.665749	0.270824	
0.0046 0.303632	-0.0250993	0.642542	0.306873	-0.0242052	0.632037	0.303632	-0.0250993	0.642542	0.306875	-0.0242835	0.632033	-2.44257	2.33676	-0.161274	0.173684	0.127297	-0.00165955	2.093	-3.10965	0.86619	-1.98963	0.66616	0.27138	
0.00437 0.303632	-0.0250993	0.642542	0.306843	-0.0241989	0.631931	0.303632	-0.0250993	0.642542	0.306845	-0.024278	0.631926	-2.47246	2.37957	-0.242275	0.176134	0.126502	-0.00218845	2.12572	-3.16041	0.954496	-1.99204	0.667011	0.272076	
0.00327 0.303632	-0.0250993	0.642542	0.306813	-0.0241941	0.631824	0.303632	-0.0250993	0.642542	0.306815	-0.0242738	0.631819	-2.49575	2.42138	-0.320962	0.178444	0.125022	-0.00278847	2.15196	-3.21008	1.04059	-1.99429	0.668549	0.272846	
0.00428 0.303632	-0.0250993	0.642542	0.306781	-0.0241855	0.631717	0.303632	-0.0250993	0.642542	0.306783	-0.0242658	0.631713	-2.5103	2.45223	-0.401392	0.179398	0.122557	-0.00324782	2.16952	-3.24904	1.12816	-1.9952	0.671071	0.273465	
0.00496 0.303632	-0.0250993	0.642542	0.306752	-0.0241793	0.631608	0.303632	-0.0250993	0.642542	0.306754	-0.0242603	0.631604	-2.51137	2.46259	-0.484125	0.177993	0.118577	-0.0035601	2.17345	-3.26751	1.21837	-1.99374	0.675107	0.273952	
0.003071 0.303632	-0.0250993	0.642542	0.306718	-0.0241745	0.631504	0.303632	-0.0250993	0.642542	0.30672	-0.0242562	0.631501	-2.49998	2.45607	-0.569902	0.174685	0.113159	-0.00383621	2.16531	-3.26866	1.31134	-1.99039	0.680577	0.274388	
0.00559 0.303632	-0.0250993	0.642542	0.306686	-0.0241708	0.631394	0.303632	-0.0250993	0.642542	0.306688	-0.0242532	0.631391	-2.48575	2.44735	-0.660585	0.171059	0.107326	-0.0040951	2.15423	-3.26795	1.40974	-1.98672	0.68646	0.27482	
0.0023 0.303632	-0.0250993	0.642542	0.306651	-0.0241646	0.631286	0.303632	-0.0250993	0.642542	0.306652	-0.0242476	0.631283	-2.47078	2.44364	-0.746606	0.168182	0.101633	-0.00448068	2.14266	-3.27232	1.50316	-1.98379	0.69221	0.275373	
0.00397 0.303632	-0.0250993	0.642542	0.306618	-0.0241592	0.631179	0.303632	-0.0250993	0.642542	0.30662	-0.0242428	0.631176	-2.45298	2.44051	-0.819136	0.165788	0.0961624	-0.00496385	2.12806	-3.27709	1.58305	-1.98135	0.697734	0.27602	
0.00252 0.303632	-0.0250993	0.642542	0.306585	-0.024154	0.631068	0.303632	-0.0250993	0.642542	0.306586	-0.0242383	0.631066	-2.432	2.43171	-0.875798	0.163238	0.0909913	-0.00541487	2.11031	-3.27648	1.6474	-1.97875	0.70296	0.276642	
0.00154 0.303632	-0.0250993	0.642542	0.30655	-0.0241486	0.630959	0.303632	-0.0250993	0.642542	0.306551	-0.0242336	0.630957	-2.40638	2.4189	-0.915693	0.160785	0.0859905	-0.00592327	2.08812	-3.27174	1.69482	-1.97625	0.708014	0.277317	
0.0011 0.303632	-0.0250993	0.642542	0.306515	-0.0241431	0.630847	0.303632	-0.0250993	0.642542	0.306517	-0.0242288	0.630845	-2.37626	2.40658	-0.939516	0.158942	0.0811597	-0.00661795	2.06132	-3.26774	1.72639	-1.97435	0.712901	0.278188	
0.00106 0.303632	-0.0250993	0.642542	0.30648	-0.024139	0.630735	0.303632	-0.0250993	0.642542	0.306481	-0.0242253	0.630732	-2.34107	2.39614	-0.946565	0.157793	0.076529	-0.00744065	2.02958	-3.26551	1.7413	-1.97315	0.717591	0.279182	
0.00101 0.303632	-0.0250993	0.642542	0.306445	-0.0241313	0.63062	0.303632	-0.0250993	0.642542	0.306446	-0.0242184	0.630618	-2.30597	2.38792	-0.938232	0.1573	0.0726319	-0.00828236	1.99789	-3.26591	1.74073	-1.97261	0.721543	0.2802	
0.0049 0.303632	-0.0250993	0.642542	0.306411	-0.0241273	0.630504	0.303632	-0.0250993	0.642542	0.306412	-0.024215	0.630502	-2.28184	2.37834	-0.915604	0.157139	0.0705323	-0.00913059	1.97709	-3.26481	1.72623	-1.9724	0.723698	0.281235	
0.00326 0.303632	-0.0250993	0.642542	0.306377	-0.024121	0.630386	0.303632	-0.0250993	0.642542	0.306378	-0.0242094	0.630384	-2.2706	2.36064	-0.881175	0.156557	0.070288	-0.00996054	1.9692	-3.25585	1.69993	-1.97176	0.724001	0.282246	
0.0038 0.303632	-0.0250993	0.642542	0.306343	-0.0241166	0.630263	0.303632	-0.0250993	0.642542	0.306344	-0.0242058	0.630262	-2.25943	2.32713	-0.838433	0.154551	0.0703918	-0.0107481	1.96134	-3.23128	1.66577	-1.9697	0.723957	0.283226	
0.00537 0.303632	-0.0250993	0.642542	0.30631	-0.0241114	0.630142	0.303632	-0.0250993	0.642542	0.306311	-0.0242014	0.630141	-2.23302	2.27234	-0.786887	0.150428	0.0692131	-0.0115556	1.93818	-3.18538	1.62263	-1.96552	0.725195	0.284231	
0.00593 0.303632	-0.0250993	0.642542	0.306278	-0.0241055	0.63002	0.303632	-0.0250993	0.642542	0.306278	-0.0241962	0.630019	-2.18678	2.19573	-0.731132	0.144028	0.0660454	-0.0124744	1.89513	-3.11774	1.57529	-1.95907	0.728425	0.285344	
0.0029 0.303632	-0.0250993	0.642542	0.306246	-0.0241002	0.629892	0.303632	-0.0250993	0.642542	0.306246	-0.0241917	0.629891	-2.11484	2.09368	-0.669655	0.135004	0.0602378	-0.0135737	1.8263	-3.02506	1.52273	-1.94998	0.734299	0.28665	
0.00229 0.303632	-0.0250993	0.642542	0.306213	-0.0240955	0.629773	0.303632	-0.0250993	0.642542	0.306213	-0.0241877	0.629772	-2.01129	1.96444	-0.59468	0.123302	0.0513756	-0.0148957	1.726	-2.90453	1.45604	-1.93822	0.743219	0.288164	
0.00493 0.303632	-0.0250993	0.642542	0.306181	-0.024093	0.629644	0.303632	-0.0250993	0.642542	0.306181	-0.024186	0.629644	-1.88419	1.82125	-0.512627	0.110224	0.0400881	-0.016444	1.6021	-2.77056	1.38314	-1.92509	0.754568	0.289922	
0.00258 0.303632	-0.0250993	0.642542	0.306148	-0.0240874	0.629524	0.303632	-0.0250993	0.642542	0.306148	-0.0241812	0.629524	-1.74697	1.68079	-0.439728	0.0972525	0.0272246	-0.0181909	1.46811	-2.63891	1.31854	-1.91206	0.767494	0.291856	
0.00206 0.303632	-0.0250993	0.642542	0.306118	-0.0240821	0.62939	0.303632	-0.0250993	0.642542	0.306118	-0.0241766	0.62939	-1.60443	1.5473	-0.388142	0.0845065	0.0128848	-0.0200233	1.32854	-2.51519	1.2763	-1.89925	0.781903	0.293909	
0.00168 0.303632	-0.0250993	0.642542	0.306084	-0.024078	0.629267	0.303632	-0.0250993	0.642542	0.306084	-0.0241733	0.629267	-1.45556	1.41996	-0.360817	0.0716943	-0.00309713	-0.0218116	1.183	-2.39681	1.25764	-1.88639	0.797941	0.295894	
0.00433 0.303632	-0.0250993	0.642542	0.306054	-0.024073	0.629138	0.303632	-0.0250993	0.642542	0.306054	-0.0241691	0.629139	-1.30333	1.29892	-0.355233	0.058849	-0.0203063	-0.023519	1.03377	-2.28515	1.26101	-1.87348	0.815217	0.297814	
0.0049 0.303632	-0.0250993	0.642542	0.306022	-0.0240667	0.629011	0.303632	-0.0250993	0.642542	0.306022	-0.0241636	0.629012	-1.14954	1.17877	-0.365445	0.0455563	-0.0384135	-0.0252024	0.883138	-2.17434	1.27998	-1.86013	0.833382	0.299698	
0.00245 0.303632	-0.0250993	0.642542	0.30599	-0.0240617	0.628883	0.303632	-0.0250993	0.642542	0.305989	-0.0241593	0.628884	-0.995264	1.05517	-0.384171	0.0315601	-0.0571095	-0.0269304	0.732046	-2.06011	1.30766	-1.84607	0.852143	0.301638	
0.00113 0.303632	-0.0250993	0.642542	0.305958	-0.0240569	0.628753	0.303632	-0.0250993	0.642542	0.305956	-0.0241553	0.628754	-0.840637	0.927433	-0.405811	0.0169127	-0.0761844	-0.0287032	0.580679	-1.94182	1.33837	-1.83137	0.871281	0.303619	
0.001 0.303632	-0.0250993	0.642542	0.305925	-0.0240526	0.628624	0.303632	-0.0250993	0.642542	0.305924	-0.0241518	0.628625	-0.681471	0.794428	-0.430295	0.00147942	-0.0960659	-0.0305134	0.424715	-1.81817	1.37189	-1.81587	0.891229	0.305639	
0.00097 0.303632	-0.0250993	0.642542	0.305893	-0.0240493	0.628495	0.303632	-0.0250993	0.642542	0.305891	-0.0241493	0.628496	-0.514858	0.656114	-0.462564	-0.0148864	-0.1172	-0.0323107	0.26137	-1.68913	1.41323	-1.79945	0.912427	0.307649	
0.0035 0.303632	-0.0250993	0.642542	0.305862	-0.0240453	0.628363	0.303632	-0.0250993	0.642542	0.30586	-0.0241461	0.628365	-0.345227	0.518001	-0.509818	-0.0317441	-0.139317	-0.0340204	0.0948391	-1.56055	1.46977	-1.78253	0.934609	0.309574	
0.00242 0.303632	-0.0250993	0.642542	0.305829	-0.0240416	0.628235	0.303632	-0.0250993	0.642542	0.305827	-0.0241431	0.628237	-0.181592	0.390332	-0.575731	-0.0480491	-0.161517	-0.0355633	-0.0654506	-1.44214	1.54469	-1.76616	0.956873	0.311325	
0.00281 0.303632	-0.0250993	0.642542	0.305797	-0.024034	0.628104	0.303632	-0.0250993	0.642542	0.305795	-0.0241363	0.628105	-0.0315294	0.277908	-0.655431	-0.0631852	-0.182713	-0.036835	-0.212346	-1.33947	1.63339	-1.75096	0.978137	0.312806	
0.00212 0.303632	-0.0250993	0.642542	0.305765	-0.0240289	0.627973	0.303632	-0.0250993	0.642542	0.305763	-0.0241319	0.627975	0.104057	0.175662	-0.741797	-0.0774372	-0.202549	-0.0378936	-0.344745	-1.24674	1.72886	-1.73665	0.998039	0.314076	
0.00511 0.303632	-0.0250993	0.642542	0.305734	-0.0240253	0.627845	0.303632	-0.0250993	0.642542	0.305731	-0.024129	0.627847	0.231115	0.076718	-0.829946	-0.0913457	-0.221505	-0.0388665	-0.468626	-1.15704	1.826	-1.72268	1.01706	0.315263	
0.00223 0.303632	-0.0250993	0.642542	0.305702	-0.0240203	0.627714	0.303632	-0.0250993	0.642542	0.305699	-0.0241248	0.627716	0.352022	-0.0197948	-0.919133	-0.104973	-0.239763	-0.0397677	-0.586373	-1.07008	1.92433	-1.70899	1.03538	0.31638	
0.00162 0.303632	-0.0250993	0.642542	0.305669	-0.0240188	0.627581	0.303632	-0.0250993	0.642542	0.305666	-0.0241241	0.627583	0.465415	-0.109178	-1.0058	-0.117726	-0.256976	-0.0405653	-0.696418	-0.990143	2.02052	-1.69618	1.05266	0.317395	
0.00345 0.303632	-0.0250993	0.642542	0.305636	-0.0240136	0.627449	0.303632	-0.0250993	0.642542	0.305633	-0.0241196	0.627451	0.572457	-0.187415	-1.08137	-0.128988	-0.272864	-0.0411983	-0.800136	-0.921527	2.10528	-1.68485	1.06862	0.318238	
0.0048 0.303632	-0.0250993	0.642542	0.305603	-0.024007	0.627312	0.303632	-0.0250993	0.642542	0.305599	-0.0241137	0.627315	0.678142	-0.256315	-1.13753	-0.138694	-0.287631	-0.0417711	-0.902487	-0.86267	2.17085	-1.67508	1.08346	0.319033	
0.00519 0.303632	-0.0250993	0.642542	0.305572	-0.0240057	0.627178	0.303632	-0.0250993	0.642542	0.305567	-0.0241132	0.627181	0.785483	-0.316983	-1.16758	-0.146623	-0.301379	-0.0425672	-1.00659	-0.811485	2.2105	-1.66709	1.09727	0.320052	
0.00307 0.303632	-0.0250993	0.642542	0.305538	-0.0239998	0.627044	0.303632	-0.0250993	0.642542	0.305533	-0.024108	0.627047	0.888813	-0.369922	-1.17065	-0.152753	-0.3134	-0.043568	-1.10652	-0.768367	2.22284	-1.6609	1.10936	0.321268	
0.00345 0.303632	-0.0250993	0.642542	0.305506	-0.0239946	0.626904	0.303632	-0.0250993	0.642542	0.305501	-0.0241036	0.626907	0.980555	-0.418772	-1.14948	-0.157581	-0.322883	-0.0445754	-1.19494	-0.729689	2.21142	-1.656	1.11891	0.322506	
0.00194 0.303632	-0.0250993	0.642542	0.305472	-0.0239878	0.626774	0.303632	-0.0250993	0.642542	0.305467	-0.0240976	0.626777	1.05712	-0.467238	-1.10785	-0.161548	-0.329592	-0.045543	-1.26812	-0.690853	2.17874	-1.65198	1.12569	0.323684	
0.00105 0.303632	-0.0250993	0.642542	0.305439	-0.0239837	0.626636	0.303632	-0.0250993	0.642542	0.305433	-0.0240942	0.626639	1.11982	-0.519004	-1.05344	-0.165187	-0.333992	-0.0464254	-1.3274	-0.649043	2.13399	-1.64827	1.13015	0.324795	
0.00099 0.303632	-0.0250993	0.642542	0.305405	-0.0239792	0.626502	0.303632	-0.0250993	0.642542	0.305399	-0.0240905	0.626505	1.17054	-0.573089	-0.99388	-0.16858	-0.336623	-0.0471948	-1.37468	-0.604676	2.08381	-1.64482	1.13286	0.32578	
0.00101 0.303632	-0.0250993	0.642542	0.305369	-0.0239761	0.626367	0.303632	-0.0250993	0.642542	0.305362	-0.0240882	0.62637	1.20242	-0.618065	-0.933378	-0.170605	-0.336949	-0.0478838	-1.40284	-0.569407	2.03283	-1.64273	1.13325	0.326686	
0.00286 0.303632	-0.0250993	0.642542	0.305334	-0.0239704	0.626227	0.303632	-0.0250993	0.642542	0.305327	-0.0240833	0.626231	1.21346	-0.648243	-0.874621	-0.170771	-0.334887	-0.0485172	-1.41034	-0.549414	1.98374	-1.64249	1.13126	0.327545	
0.00143 0.303632	-0.0250993	0.642542	0.305296	-0.0239666	0.62609	0.303632	-0.0250993	0.642542	0.305289	-0.0240803	0.626094	1.21451	-0.670759	-0.816976	-0.169995	-0.331613	-0.0490599	-1.40756	-0.536788	1.93572	-1.64321	1.12805	0.328307	
0.00481 0.303632	-0.0250993	0.642542	0.305262	-0.0239614	0.625952	0.303632	-0.0250993	0.642542	0.305254	-0.0240759	0.625956	1.21316	-0.689463	-0.761152	-0.168871	-0.327984	-0.0494338	-1.40263	-0.528168	1.88951	-1.64427	1.12449	0.328908	
0.00276 0.303632	-0.0250993	0.642542	0.305224	-0.0239552	0.625813	0.303632	-0.0250993	0.642542	0.305216	-0.0240704	0.625817	1.20931	-0.706536	-0.704755	-0.167612	-0.324001	-0.0496829	-1.39488	-0.521267	1.84268	-1.64546	1.12057	0.329378	
0.00186 0.303632	-0.0250993	0.642542	0.305188	-0.0239505	0.625675	0.303632	-0.0250993	0.642542	0.30518	-0.0240665	0.625679	1.19844	-0.722266	-0.641247	-0.166066	-0.319078	-0.0499476	-1.38038	-0.515555	1.78881	-1.64695	1.11572	0.329866	
0.00118 0.303632	-0.0250993	0.642542	0.305151	-0.0239445	0.625533	0.303632	-0.0250993	0.642542	0.305143	-0.0240614	0.625537	1.17905	-0.733304	-0.574897	-0.16407	-0.313242	-0.0502098	-1.35717	-0.514958	1.73233	-1.64888	1.10995	0.330359	
0.00109 0.303632	-0.0250993	0.642542	0.305114	-0.0239389	0.625394	0.303632	-0.0250993	0.642542	0.305105	-0.0240566	0.625399	1.15854	-0.741452	-0.512361	-0.162215	-0.307487	-0.0502706	-1.3328	-0.516919	1.67938	-1.65067	1.10427	0.330639	
0.0049 0.303632	-0.0250993	0.642542	0.305078	-0.0239333	0.625248	0.303632	-0.0250993	0.642542	0.305068	-0.0240518	0.625253	1.14366	-0.747706	-0.458525	-0.160843	-0.30273	-0.0500677	-1.31422	-0.521298	1.63567	-1.65197	1.09958	0.330673	
0.00475 0.303632	-0.0250993	0.642542	0.305041	-0.0239305	0.625106	0.303632	-0.0250993	0.642542	0.305031	-0.0240499	0.62511	1.13612	-0.749151	-0.420212	-0.159773	-0.299447	-0.0496691	-1.30284	-0.530063	1.60744	-1.65297	1.09638	0.330508	
0.00402 0.303632	-0.0250993	0.642542	0.305004	-0.0239241	0.624963	0.303632	-0.0250993	0.642542	0.304994	-0.0240443	0.624967	1.13612	-0.747188	-0.398329	-0.159109	-0.297752	-0.0491579	-1.29907	-0.5425	1.59543	-1.65357	1.09475	0.330227	
0.0039 0.303632	-0.0250993	0.642542	0.304967	-0.0239186	0.624822	0.303632	-0.0250993	0.642542	0.304957	-0.0240397	0.624826	1.13858	-0.743979	-0.393496	-0.158959	-0.297207	-0.0486393	-1.29773	-0.555999	1.60038	-1.65365	1.09428	0.329936	
0.00532 0.303632	-0.0250993	0.642542	0.304932	-0.0239123	0.624679	0.303632	-0.0250993	0.642542	0.304921	-0.0240342	0.624684	1.13862	-0.740466	-0.408187	-0.159403	-0.29742	-0.0481773	-1.2941	-0.569934	1.62488	-1.65314	1.09457	0.329705	
0.00351 0.303632	-0.0250993	0.642542	0.304895	-0.0239096	0.624536	0.303632	-0.0250993	0.642542	0.304884	-0.0240323	0.624541	1.14011	-0.741439	-0.43917	-0.160843	-0.298731	-0.047878	-1.2917	-0.579238	1.66599	-1.65163	1.09594	0.329644	
0.00177 0.303632	-0.0250993	0.642542	0.304858	-0.0239039	0.624389	0.303632	-0.0250993	0.642542	0.304847	-0.0240274	0.624394	1.15228	-0.752587	-0.479163	-0.163714	-0.301884	-0.047805	-1.30007	-0.578787	1.71619	-1.64869	1.09917	0.329807	
0.00113 0.303632	-0.0250993	0.642542	0.304823	-0.0238968	0.624244	0.303632	-0.0250993	0.642542	0.304811	-0.0240213	0.624249	1.18064	-0.778497	-0.52281	-0.168466	-0.307185	-0.0477879	-1.32471	-0.563532	1.76978	-1.64387	1.10455	0.330025	
0.00105 0.303632	-0.0250993	0.642542	0.304784	-0.0238949	0.624099	0.303632	-0.0250993	0.642542	0.304772	-0.0240202	0.624105	1.22418	-0.817017	-0.571038	-0.174946	-0.314418	-0.0476139	-1.36423	-0.535305	1.82827	-1.63732	1.11185	0.330087	
0.00101 0.303632	-0.0250993	0.642542	0.304745	-0.0238902	0.623959	0.303632	-0.0250993	0.642542	0.304733	-0.0240162	0.623964	1.27574	-0.856328	-0.624748	-0.181868	-0.322721	-0.0471939	-1.41173	-0.506216	1.89177	-1.63033	1.12022	0.329894	
0.00473 0.303632	-0.0250993	0.642542	0.304708	-0.0238818	0.623812	0.303632	-0.0250993	0.642542	0.304695	-0.0240088	0.623818	1.32267	-0.887342	-0.676907	-0.187991	-0.330409	-0.0465091	-1.45476	-0.486074	1.95392	-1.62414	1.12799	0.329442	
0.00345 0.303632	-0.0250993	0.642542	0.304669	-0.0238774	0.623668	0.303632	-0.0250993	0.642542	0.304656	-0.0240052	0.623674	1.35775	-0.911732	-0.723446	-0.193247	-0.336562	-0.0456354	-1.48577	-0.472118	2.01051	-1.61882	1.13421	0.328802	
0.00498 0.303632	-0.0250993	0.642542	0.304631	-0.0238719	0.623529	0.303632	-0.0250993	0.642542	0.304617	-0.0240005	0.623535	1.38113	-0.932044	-0.770912	-0.197922	-0.341445	-0.0446684	-1.50515	-0.461961	2.06758	-1.61407	1.13917	0.328057	
0.0051 0.303632	-0.0250993	0.642542	0.304591	-0.0238709	0.62339	0.303632	-0.0250993	0.642542	0.304577	-0.0240003	0.623396	1.39072	-0.944158	-0.826429	-0.201714	-0.345029	-0.0435857	-1.51058	-0.459699	2.13302	-1.61022	1.14282	0.3272	
0.00325 0.303632	-0.0250993	0.642542	0.30455	-0.023865	0.623248	0.303632	-0.0250993	0.642542	0.304536	-0.0239952	0.623254	1.38188	-0.944193	-0.884798	-0.204094	-0.346581	-0.0423775	-1.4975	-0.470049	2.20117	-1.60777	1.14444	0.326215	
0.00477 0.303632	-0.0250993	0.642542	0.304512	-0.0238615	0.623107	0.303632	-0.0250993	0.642542	0.304498	-0.0239926	0.623114	1.35603	-0.936047	-0.932208	-0.205084	-0.345829	-0.0412291	-1.46765	-0.488329	2.25844	-1.60672	1.14375	0.325296	
0.00228 0.303632	-0.0250993	0.642542	0.304471	-0.0238556	0.622966	0.303632	-0.0250993	0.642542	0.304456	-0.0239875	0.622973	1.32201	-0.927198	-0.965621	-0.205371	-0.34369	-0.0402977	-1.42927	-0.507501	2.30157	-1.60636	1.14169	0.324584	
0.00443 0.303632	-0.0250993	0.642542	0.304429	-0.0238521	0.622828	0.303632	-0.0250993	0.642542	0.304414	-0.0239848	0.622835	1.28751	-0.922798	-0.990311	-0.205651	-0.341202	-0.0396078	-1.39044	-0.521873	2.33593	-1.60602	1.13927	0.324112	
0.00407 0.303632	-0.0250993	0.642542	0.304388	-0.0238471	0.622686	0.303632	-0.0250993	0.642542	0.304372	-0.0239806	0.622694	1.25452	-0.92476	-1.0113	-0.206383	-0.338682	-0.0390139	-1.35312	-0.530214	2.36669	-1.60522	1.13682	0.323747	
0.00231 0.303632	-0.0250993	0.642542	0.304346	-0.0238416	0.622545	0.303632	-0.0250993	0.642542	0.30433	-0.0239759	0.622552	1.22089	-0.929861	-1.03646	-0.207618	-0.336041	-0.0382213	-1.31507	-0.535458	2.40164	-1.60392	1.13425	0.323176	
0.00163 0.303632	-0.0250993	0.642542	0.304303	-0.0238389	0.622408	0.303632	-0.0250993	0.642542	0.304286	-0.023974	0.622416	1.18793	-0.931138	-1.0695	-0.208776	-0.333531	-0.0372005	-1.27759	-0.543999	2.44426	-1.6027	1.1318	0.322372	
0.0015 0.303632	-0.0250993	0.642542	0.304259	-0.0238314	0.622265	0.303632	-0.0250993	0.642542	0.304242	-0.0239673	0.622273	1.15972	-0.92523	-1.10594	-0.20938	-0.331476	-0.0360782	-1.24481	-0.560485	2.49041	-1.60203	1.12981	0.321471	
0.00103 0.303632	-0.0250993	0.642542	0.304215	-0.0238288	0.622125	0.303632	-0.0250993	0.642542	0.304197	-0.0239655	0.622133	1.13353	-0.909511	-1.13986	-0.208969	-0.329432	-0.0349048	-1.21393	-0.586283	2.53421	-1.60238	1.12783	0.320522	
0.00105 0.303632	-0.0250993	0.642542	0.304169	-0.0238239	0.621984	0.303632	-0.0250993	0.642542	0.304152	-0.0239615	0.621992	1.09925	-0.878342	-1.16736	-0.206812	-0.326185	-0.0336289	-1.17491	-0.627723	2.57144	-1.60447	1.12466	0.319463	
0.00101 0.303632	-0.0250993	0.642542	0.304124	-0.0238199	0.621839	0.303632	-0.0250993	0.642542	0.304105	-0.0239583	0.621848	1.04979	-0.83574	-1.18707	-0.203328	-0.320919	-0.0321371	-1.12061	-0.680789	2.60122	-1.60789	1.11946	0.318197	
0.00101 0.303632	-0.0250993	0.642542	0.304077	-0.0238143	0.621699	0.303632	-0.0250993	0.642542	0.304058	-0.0239535	0.621707	0.987397	-0.790162	-1.20176	-0.199436	-0.314059	-0.0305015	-1.05334	-0.736663	2.62555	-1.61171	1.11267	0.316777	
0.00141 0.303632	-0.0250993	0.642542	0.30403	-0.0238101	0.621554	0.303632	-0.0250993	0.642542	0.304011	-0.0239501	0.621563	0.919216	-0.742506	-1.21456	-0.195271	-0.306538	-0.0288651	-0.980236	-0.794825	2.64842	-1.61581	1.10522	0.315365	
0.00135 0.303632	-0.0250993	0.642542	0.303984	-0.0238045	0.621414	0.303632	-0.0250993	0.642542	0.303964	-0.0239454	0.621422	0.853636	-0.695179	-1.21959	-0.191071	-0.299006	-0.0271761	-0.909749	-0.852449	2.6631	-1.61995	1.09775	0.313895	
0.00354 0.303632	-0.0250993	0.642542	0.303937	-0.0237992	0.621265	0.303632	-0.0250993	0.642542	0.303918	-0.023941	0.621274	0.794609	-0.65487	-1.21083	-0.187545	-0.291613	-0.0252605	-0.845829	-0.903611	2.66461	-1.62341	1.09043	0.312213	
0.00189 0.303632	-0.0250993	0.642542	0.30389	-0.0237925	0.621118	0.303632	-0.0250993	0.642542	0.30387	-0.0239352	0.621127	0.737815	-0.625414	-1.19621	-0.185177	-0.284239	-0.0231296	-0.784045	-0.943881	2.66004	-1.62571	1.08313	0.310305	
0.00381 0.303632	-0.0250993	0.642542	0.303844	-0.0237877	0.620968	0.303632	-0.0250993	0.642542	0.303823	-0.0239313	0.620978	0.679435	-0.60754	-1.18531	-0.184035	-0.276926	-0.0210028	-0.720773	-0.972604	2.65948	-1.62678	1.07589	0.308415	
0.00191 0.303632	-0.0250993	0.642542	0.303797	-0.023785	0.620816	0.303632	-0.0250993	0.642542	0.303776	-0.0239295	0.620825	0.624407	-0.597372	-1.17679	-0.183609	-0.270158	-0.0190822	-0.660753	-0.993718	2.66167	-1.62714	1.06919	0.306736	
0.00261 0.303632	-0.0250993	0.642542	0.303749	-0.0237792	0.620663	0.303632	-0.0250993	0.642542	0.303728	-0.0239246	0.620673	0.57786	-0.586835	-1.16736	-0.182906	-0.264343	-0.017557	-0.609157	-1.01541	2.66273	-1.62777	1.06345	0.305451	
0.00138 0.303632	-0.0250993	0.642542	0.303704	-0.0237735	0.620514	0.303632	-0.0250993	0.642542	0.303682	-0.0239198	0.620524	0.538061	-0.574509	-1.15652	-0.181684	-0.259286	-0.0164915	-0.564523	-1.03861	2.66215	-1.62892	1.05847	0.304621	
0.00494 0.303632	-0.0250993	0.642542	0.303659	-0.0237715	0.620362	0.303632	-0.0250993	0.642542	0.303637	-0.0239187	0.620372	0.503773	-0.566876	-1.14598	-0.180724	-0.254877	-0.0157172	-0.525369	-1.05712	2.66235	-1.62981	1.05413	0.30409	
0.00517 0.303632	-0.0250993	0.642542	0.303613	-0.0237671	0.620216	0.303632	-0.0250993	0.642542	0.303591	-0.0239152	0.620227	0.483098	-0.572187	-1.13649	-0.181002	-0.252002	-0.0151399	-0.499874	-1.06235	2.66295	-1.62947	1.05132	0.303741	
0.00261 0.303632	-0.0250993	0.642542	0.303567	-0.0237588	0.620064	0.303632	-0.0250993	0.642542	0.303545	-0.0239078	0.620074	0.485656	-0.594535	-1.12384	-0.182928	-0.25155	-0.0147963	-0.497513	-1.05132	2.66064	-1.62747	1.05094	0.303633	
0.00336 0.303632	-0.0250993	0.642542	0.30352	-0.0237532	0.61991	0.303632	-0.0250993	0.642542	0.303497	-0.0239031	0.619921	0.509007	-0.629131	-1.10228	-0.185926	-0.253046	-0.0146545	-0.515855	-1.02796	2.64968	-1.6244	1.05252	0.303737	
0.00259 0.303632	-0.0250993	0.642542	0.303474	-0.0237504	0.619758	0.303632	-0.0250993	0.642542	0.303451	-0.0239012	0.619769	0.548984	-0.66975	-1.07252	-0.189433	-0.256056	-0.0146278	-0.550866	-0.998177	2.63052	-1.62082	1.0556	0.303946	
0.00123 0.303632	-0.0250993	0.642542	0.303426	-0.0237465	0.619604	0.303632	-0.0250993	0.642542	0.303402	-0.0238983	0.619616	0.60218	-0.710187	-1.04202	-0.193019	-0.260482	-0.0146761	-0.598899	-0.968864	2.61073	-1.61717	1.0601	0.304241	
0.00105 0.303632	-0.0250993	0.642542	0.303377	-0.0237414	0.619456	0.303632	-0.0250993	0.642542	0.303352	-0.0238941	0.619467	0.651305	-0.737029	-1.01482	-0.19534	-0.264601	-0.0147256	-0.642758	-0.95286	2.59376	-1.61478	1.06429	0.304519	
0.00106 0.303632	-0.0250993	0.642542	0.303328	-0.0237359	0.619301	0.303632	-0.0250993	0.642542	0.303303	-0.0238895	0.619313	0.678605	-0.741026	-0.992547	-0.195469	-0.266541	-0.014625	-0.664805	-0.960118	2.58212	-1.61458	1.0663	0.304658	
0.00101 0.303632	-0.0250993	0.642542	0.303277	-0.0237304	0.619152	0.303632	-0.0250993	0.642542	0.303252	-0.0238849	0.619164	0.683522	-0.724052	-0.986257	-0.193786	-0.266716	-0.0144324	-0.664283	-0.987969	2.58604	-1.61619	1.06654	0.304694	
0.00101 0.303632	-0.0250993	0.642542	0.303226	-0.0237282	0.619001	0.303632	-0.0250993	0.642542	0.303201	-0.0238837	0.619013	0.671487	-0.686954	-1.00763	-0.190501	-0.266258	-0.014399	-0.646805	-1.03588	2.61802	-1.61941	1.06615	0.304897	
0.0015 0.303632	-0.0250993	0.642542	0.303173	-0.0237256	0.618852	0.303632	-0.0250993	0.642542	0.303147	-0.023882	0.618865	0.642094	-0.625843	-1.05351	-0.185079	-0.265036	-0.0146455	-0.611782	-1.10769	2.67429	-1.62477	1.065	0.305372	
0.00468 0.303632	-0.0250993	0.642542	0.30312	-0.0237184	0.618703	0.303632	-0.0250993	0.642542	0.303094	-0.0238757	0.618716	0.595563	-0.544945	-1.11146	-0.177721	-0.262609	-0.0151678	-0.559589	-1.1996	2.74233	-1.63206	1.06264	0.306122	
0.00173 0.303632	-0.0250993	0.642542	0.303066	-0.0237153	0.618555	0.303632	-0.0250993	0.642542	0.303039	-0.0238735	0.618568	0.537377	-0.459234	-1.16745	-0.169751	-0.259067	-0.015888	-0.495615	-1.29598	2.8086	-1.63996	1.05916	0.307067	
0.00447 0.303632	-0.0250993	0.642542	0.303012	-0.0237118	0.618402	0.303632	-0.0250993	0.642542	0.302985	-0.0238709	0.618415	0.473724	-0.379143	-1.21567	-0.162227	-0.254802	-0.0166665	-0.426225	-1.38714	2.86745	-1.64742	1.05497	0.308082	
0.00208 0.303632	-0.0250993	0.642542	0.30296	-0.0237076	0.618251	0.303632	-0.0250993	0.642542	0.302932	-0.0238677	0.618264	0.409282	-0.308488	-1.25473	-0.155541	-0.250183	-0.0174092	-0.35615	-1.46874	2.91696	-1.65404	1.05042	0.309054	
0.00139 0.303632	-0.0250993	0.642542	0.302903	-0.0237058	0.618094	0.303632	-0.0250993	0.642542	0.302875	-0.0238668	0.618108	0.342371	-0.246366	-1.28023	-0.149391	-0.244796	-0.0181499	-0.283115	-1.54205	2.95341	-1.66011	1.0451	0.310037	
0.00469 0.303632	-0.0250993	0.642542	0.302846	-0.0237037	0.617947	0.303632	-0.0250993	0.642542	0.302818	-0.0238656	0.617961	0.271766	-0.187134	-1.29169	-0.142973	-0.238442	-0.019068	-0.206487	-1.61187	2.97517	-1.66647	1.03881	0.31118	
0.00245 0.303632	-0.0250993	0.642542	0.302792	-0.0236982	0.617795	0.303632	-0.0250993	0.642542	0.302764	-0.023861	0.61781	0.205988	-0.131587	-1.29409	-0.136449	-0.232103	-0.0201942	-0.134933	-1.67849	2.98793	-1.67292	1.03254	0.312534	
0.00485 0.303632	-0.0250993	0.642542	0.302735	-0.0236925	0.617648	0.303632	-0.0250993	0.642542	0.302707	-0.0238563	0.617663	0.152705	-0.0864508	-1.29033	-0.130633	-0.226632	-0.0214274	-0.0755837	-1.73445	2.99423	-1.67868	1.02713	0.313988	
0.00457 0.303632	-0.0250993	0.642542	0.302677	-0.0236897	0.617501	0.303632	-0.0250993	0.642542	0.302648	-0.0238544	0.617516	0.103713	-0.0440665	-1.28378	-0.124719	-0.221216	-0.0227112	-0.0203766	-1.78741	2.99786	-1.68453	1.02178	0.315492	
0.00454 0.303632	-0.0250993	0.642542	0.30262	-0.0236863	0.617351	0.303632	-0.0250993	0.642542	0.302591	-0.0238519	0.617366	0.0478267	0.00956926	-1.27905	-0.117249	-0.214787	-0.0240191	0.0416165	-1.8519	3.0035	-1.69193	1.01541	0.317025	
0.0035 0.303632	-0.0250993	0.642542	0.30256	-0.0236823	0.617205	0.303632	-0.0250993	0.642542	0.30253	-0.0238488	0.61722	-0.0158618	0.0756626	-1.27594	-0.108084	-0.20727	-0.0253627	0.111735	-1.92865	3.01044	-1.70104	1.00796	0.318585	
0.00232 0.303632	-0.0250993	0.642542	0.302499	-0.0236809	0.617055	0.303632	-0.0250993	0.642542	0.302469	-0.0238484	0.617071	-0.0879216	0.153659	-1.27165	-0.0972896	-0.198514	-0.0266938	0.190299	-2.01733	3.0166	-1.71177	0.999268	0.320138	
0.00125 0.303632	-0.0250993	0.642542	0.302438	-0.0236767	0.616908	0.303632	-0.0250993	0.642542	0.302408	-0.0238451	0.616925	-0.166552	0.241027	-1.26031	-0.0851374	-0.188498	-0.0279244	0.275427	-2.1154	3.01532	-1.72385	0.989317	0.321582	
0.00101 0.303632	-0.0250993	0.642542	0.302313	-0.0236712	0.61661	0.303632	-0.0250993	0.642542	0.302282	-0.0238416	0.616627	-0.360584	0.444745	-1.19216	-0.0562117	-0.162243	-0.0302712	0.482767	-2.34062	2.96779	-1.75265	0.963185	0.324369	
0.001 0.303632	-0.0250993	0.642542	0.302249	-0.0236671	0.616462	0.303632	-0.0250993	0.642542	0.302218	-0.0238384	0.616479	-0.471823	0.553819	-1.13307	-0.0403447	-0.146508	-0.0314067	0.600864	-2.46049	2.91885	-1.76846	0.947507	0.325718	
0.00358 0.303632	-0.0250993	0.642542	0.302184	-0.0236586	0.61631	0.303632	-0.0250993	0.642542	0.302153	-0.0238309	0.616327	-0.580943	0.653692	-1.07537	-0.0255215	-0.131092	-0.0325395	0.71687	-2.57178	2.87134	-1.78322	0.932157	0.327071	
0.00332 0.303632	-0.0250993	0.642542	0.302119	-0.0236569	0.616159	0.303632	-0.0250993	0.642542	0.302087	-0.0238302	0.616177	-0.685312	0.740649	-1.02359	-0.0122767	-0.116524	-0.0336943	0.82817	-2.66952	2.83001	-1.7964	0.917649	0.328444	
0.00405 0.303632	-0.0250993	0.642542	0.302052	-0.0236542	0.616007	0.303632	-0.0250993	0.642542	0.302019	-0.0238285	0.616025	-0.784481	0.822029	-0.97572	9.36207e-05	-0.102705	-0.0348345	0.934546	-2.76192	2.79265	-1.80871	0.903892	0.329807	
0.00244 0.303632	-0.0250993	0.642542	0.301985	-0.02365	0.61586	0.303632	-0.0250993	0.642542	0.301953	-0.0238253	0.615879	-0.88456	0.906785	-0.932326	0.0125336	-0.0889666	-0.0359681	1.0417	-2.85736	2.75925	-1.82109	0.890213	0.331146	
0.00436 0.303632	-0.0250993	0.642542	0.301919	-0.0236463	0.61571	0.303632	-0.0250993	0.642542	0.301886	-0.0238226	0.615729	-0.982064	0.987892	-0.89271	0.0242962	-0.075739	-0.0370477	1.14629	-2.94939	2.72994	-1.83279	0.877044	0.332443	
0.00392 0.303632	-0.0250993	0.642542	0.301852	-0.0236416	0.61556	0.303632	-0.0250993	0.642542	0.301819	-0.0238189	0.615579	-1.06537	1.0551	-0.852521	0.0343211	-0.0642118	-0.0380636	1.23675	-3.02761	2.7	-1.84275	0.865575	0.333675	
0.00468 0.303632	-0.0250993	0.642542	0.301783	-0.0236368	0.615404	0.303632	-0.0250993	0.642542	0.30175	-0.0238151	0.615423	-1.13256	1.10717	-0.807996	0.0425395	-0.0544922	-0.0390468	1.31126	-3.09107	2.66611	-1.85091	0.855922	0.334882	
0.00292 0.303632	-0.0250993	0.642542	0.301714	-0.0236323	0.615249	0.303632	-0.0250993	0.642542	0.301681	-0.0238117	0.615269	-1.18975	1.14812	-0.766006	0.0493153	-0.0462064	-0.0400466	1.37582	-3.14331	2.63466	-1.85762	0.847697	0.3361	
0.00334 0.303632	-0.0250993	0.642542	0.301645	-0.0236271	0.615099	0.303632	-0.0250993	0.642542	0.301611	-0.0238074	0.615119	-1.24052	1.1804	-0.730953	0.0548922	-0.0391383	-0.0411504	1.43392	-3.18661	2.60972	-1.86314	0.840689	0.337418	
0.00213 0.303632	-0.0250993	0.642542	0.301575	-0.0236225	0.614949	0.303632	-0.0250993	0.642542	0.30154	-0.0238038	0.614969	-1.28541	1.20529	-0.702976	0.059351	-0.0331772	-0.0422606	1.48635	-3.22249	2.59198	-1.86753	0.834784	0.338737	
0.00515 0.303632	-0.0250993	0.642542	0.301504	-0.0236178	0.614803	0.303632	-0.0250993	0.642542	0.30147	-0.0238002	0.614824	-1.33068	1.23259	-0.690283	0.0634955	-0.0278559	-0.0431988	1.53913	-3.2605	2.58916	-1.87162	0.82952	0.339882	
0.00228 0.303632	-0.0250993	0.642542	0.30143	-0.0236132	0.614661	0.303632	-0.0250993	0.642542	0.301395	-0.0237965	0.614682	-1.38452	1.27116	-0.702391	0.068135	-0.0226486	-0.0439572	1.60078	-3.30956	2.61089	-1.87621	0.824364	0.340829	
0.00126 0.303632	-0.0250993	0.642542	0.301351	-0.02361	0.614518	0.303632	-0.0250993	0.642542	0.301316	-0.0237943	0.614539	-1.45002	1.32285	-0.742713	0.0734964	-0.0174165	-0.0446267	1.67463	-3.37168	2.66092	-1.88151	0.819182	0.34169	
0.00102 0.303632	-0.0250993	0.642542	0.301276	-0.0236073	0.614375	0.303632	-0.0250993	0.642542	0.301241	-0.0237925	0.614397	-1.52368	1.38523	-0.802554	0.0795588	-0.0122757	-0.0452958	1.75619	-3.44441	2.73052	-1.88752	0.814095	0.342549	
0.001 0.303632	-0.0250993	0.642542	0.301199	-0.0236043	0.614233	0.303632	-0.0250993	0.642542	0.301163	-0.0237905	0.614255	-1.59678	1.45021	-0.872347	0.0856099	-0.00781234	-0.0460137	1.83751	-3.51977	2.80999	-1.89352	0.80968	0.343456	
0.00311 0.303632	-0.0250993	0.642542	0.301121	-0.0236017	0.614091	0.303632	-0.0250993	0.642542	0.301085	-0.0237888	0.614114	-1.66471	1.51382	-0.943304	0.0913082	-0.00410611	-0.0467098	1.91364	-3.59367	2.89059	-1.89916	0.806027	0.344337	
0.00159 0.303632	-0.0250993	0.642542	0.301044	-0.0235981	0.613956	0.303632	-0.0250993	0.642542	0.301008	-0.0237862	0.613979	-1.72393	1.57264	-1.00572	0.0964071	-0.00108371	-0.0472856	1.98095	-3.66246	2.9622	-1.90421	0.80305	0.345092	
0.00128 0.303632	-0.0250993	0.642542	0.300892	-0.02359	0.613676	0.303632	-0.0250993	0.642542	0.300855	-0.0237799	0.613699	-1.79127	1.64769	-1.14256	0.10091	-0.00111623	-0.0479436	2.06446	-3.75807	3.11795	-1.90861	0.803177	0.346123	
0.00534 0.303632	-0.0250993	0.642542	0.300814	-0.0235865	0.613529	0.303632	-0.0250993	0.642542	0.300777	-0.0237774	0.613554	-1.80373	1.65749	-1.22705	0.0994079	-0.00403839	-0.0478395	2.08519	-3.77854	3.21235	-1.90706	0.806151	0.346213	
0.00288 0.303632	-0.0250993	0.642542	0.300737	-0.0235833	0.613385	0.303632	-0.0250993	0.642542	0.3007	-0.0237752	0.613409	-1.80633	1.65464	-1.31666	0.0962023	-0.00820727	-0.047483	2.09593	-3.78625	3.3118	-1.90379	0.810372	0.346052	
0.00469 0.303632	-0.0250993	0.642542	0.300662	-0.0235813	0.613238	0.303632	-0.0250993	0.642542	0.300624	-0.0237742	0.613264	-1.79579	1.64204	-1.40681	0.0918386	-0.0138467	-0.0471252	2.09344	-3.78421	3.41198	-1.89937	0.816065	0.345891	
0.00263 0.303632	-0.0250993	0.642542	0.300582	-0.0235802	0.613091	0.303632	-0.0250993	0.642542	0.300544	-0.0237741	0.613117	-1.76818	1.61654	-1.49062	0.0862109	-0.0211349	-0.0469015	2.07432	-3.76932	3.50593	-1.89369	0.823409	0.34587	
0.00491 0.303632	-0.0250993	0.642542	0.300506	-0.0235758	0.612944	0.303632	-0.0250993	0.642542	0.300468	-0.0237706	0.61297	-1.71926	1.57371	-1.55639	0.079033	-0.0300077	-0.0467317	2.03347	-3.73728	3.58162	-1.88645	0.832338	0.345893	
0.00355 0.303632	-0.0250993	0.642542	0.300429	-0.0235711	0.612786	0.303632	-0.0250993	0.642542	0.300391	-0.0237671	0.612813	-1.65337	1.51598	-1.59734	0.0707404	-0.039667	-0.0466029	1.97585	-3.69108	3.63322	-1.8781	0.842052	0.345984	
0.00215 0.303632	-0.0250993	0.642542	0.30035	-0.0235653	0.612629	0.303632	-0.0250993	0.642542	0.300312	-0.0237624	0.612656	-1.57931	1.44818	-1.60976	0.0620472	-0.0489827	-0.0465712	1.9102	-3.63485	3.65616	-1.86934	0.85143	0.346165	
0.00312 0.303632	-0.0250993	0.642542	0.30027	-0.0235632	0.612472	0.303632	-0.0250993	0.642542	0.300231	-0.0237612	0.6125	-1.50072	1.37184	-1.59139	0.0532457	-0.0574317	-0.0466597	1.84017	-3.56984	3.64855	-1.86048	0.859935	0.34647	
0.0024 0.303632	-0.0250993	0.642542	0.300193	-0.0235601	0.612311	0.303632	-0.0250993	0.642542	0.300153	-0.0237593	0.612339	-1.41926	1.29046	-1.54799	0.0446977	-0.0650169	-0.0469379	1.76709	-3.50019	3.61616	-1.85187	0.86758	0.346981	
0.00227 0.303632	-0.0250993	0.642542	0.300115	-0.0235546	0.612155	0.303632	-0.0250993	0.642542	0.300076	-0.0237548	0.612184	-1.33645	1.2041	-1.47745	0.0365272	-0.0714786	-0.0473793	1.69257	-3.42527	3.55605	-1.84364	0.874095	0.347632	
0.00369 0.303632	-0.0250993	0.642542	0.300037	-0.0235519	0.611992	0.303632	-0.0250993	0.642542	0.299997	-0.0237533	0.612021	-1.25111	1.10947	-1.3705	0.0285609	-0.0765789	-0.0478423	1.61573	-3.34243	3.46026	-1.83561	0.879255	0.348327	
0.00215 0.303632	-0.0250993	0.642542	0.299958	-0.0235483	0.61183	0.303632	-0.0250993	0.642542	0.299918	-0.0237507	0.611859	-1.16017	1.00726	-1.23585	0.0206502	-0.080958	-0.048185	1.53325	-3.25201	3.33661	-1.82763	0.883698	0.348893	
0.00114 0.303632	-0.0250993	0.642542	0.299881	-0.0235482	0.611669	0.303632	-0.0250993	0.642542	0.299841	-0.0237517	0.611699	-1.05798	0.896976	-1.09219	0.0122789	-0.0859221	-0.0483123	1.43938	-3.15314	3.20408	-1.8192	0.888718	0.349248	
0.00119 0.303632	-0.0250993	0.642542	0.299804	-0.0235451	0.611507	0.303632	-0.0250993	0.642542	0.299764	-0.0237498	0.611537	-0.934164	0.773257	-0.954949	0.00238967	-0.0931642	-0.0481392	1.32387	-3.0412	3.07794	-1.80924	0.896027	0.349301	
0.00132 0.303632	-0.0250993	0.642542	0.299728	-0.0235408	0.611342	0.303632	-0.0250993	0.642542	0.299687	-0.0237466	0.611372	-0.784958	0.63186	-0.833073	-0.00982692	-0.103453	-0.0475813	1.18294	-2.91182	2.96724	-1.79696	0.906382	0.348974	
0.00629 0.303632	-0.0250993	0.642542	0.299653	-0.0235349	0.611177	0.303632	-0.0250993	0.642542	0.299611	-0.0237418	0.611208	-0.612838	0.47044	-0.725194	-0.0246819	-0.116582	-0.0466866	1.01898	-2.76246	2.87035	-1.78204	0.91957	0.348317	
0.0021 0.303632	-0.0250993	0.642542	0.299576	-0.0235325	0.611016	0.303632	-0.0250993	0.642542	0.299534	-0.0237405	0.611047	-0.424196	0.295464	-0.637972	-0.0416238	-0.132263	-0.0456292	0.838714	-2.5991	2.79415	-1.76503	0.935308	0.347484	
0.00558 0.303632	-0.0250993	0.642542	0.299501	-0.0235294	0.610852	0.303632	-0.0250993	0.642542	0.299459	-0.0237385	0.610884	-0.231114	0.121006	-0.585369	-0.059365	-0.149893	-0.0446302	0.6538	-2.43648	2.75272	-1.74722	0.953	0.346717	
0.00494 0.303632	-0.0250993	0.642542	0.299343	-0.0235236	0.610529	0.303632	-0.0250993	0.642542	0.2993	-0.0237349	0.610561	0.134564	-0.203703	-0.586007	-0.0949355	-0.187956	-0.0431835	0.305254	-2.13519	2.77536	-1.71152	0.991184	0.345726	
0.00476 0.303632	-0.0250993	0.642542	0.299265	-0.0235211	0.610365	0.303632	-0.0250993	0.642542	0.299222	-0.0237335	0.610398	0.294176	-0.34394	-0.63457	-0.111681	-0.206938	-0.0427567	0.154049	-2.00677	2.83508	-1.69471	1.01023	0.345526	
0.00377 0.303632	-0.0250993	0.642542	0.299187	-0.0235163	0.6102	0.303632	-0.0250993	0.642542	0.299143	-0.0237298	0.610233	0.431371	-0.464823	-0.704612	-0.127037	-0.224724	-0.0425034	0.0253872	-1.89793	2.9162	-1.67929	1.02808	0.345503	
0.00466 0.303632	-0.0250993	0.642542	0.29911	-0.023516	0.610028	0.303632	-0.0250993	0.642542	0.299066	-0.0237307	0.610061	0.549834	-0.571522	-0.782845	-0.141213	-0.24119	-0.0424758	-0.0846326	-1.8035	3.00638	-1.66504	1.04461	0.345729	
0.00214 0.303632	-0.0250993	0.642542	0.299032	-0.0235107	0.609861	0.303632	-0.0250993	0.642542	0.298987	-0.0237265	0.609895	0.657572	-0.669683	-0.853326	-0.154377	-0.256556	-0.0427514	-0.183826	-1.71751	3.08801	-1.65181	1.06005	0.346237	
0.00197 0.303632	-0.0250993	0.642542	0.298952	-0.0235067	0.609695	0.303632	-0.0250993	0.642542	0.298907	-0.0237237	0.609729	0.756889	-0.762158	-0.90963	-0.166726	-0.270646	-0.0431317	-0.274469	-1.63712	3.15554	-1.63939	1.0742	0.346851	
0.00344 0.303632	-0.0250993	0.642542	0.298877	-0.0235038	0.609529	0.303632	-0.0250993	0.642542	0.298831	-0.0237219	0.609563	0.849882	-0.850336	-0.959528	-0.178569	-0.283792	-0.0434242	-0.35917	-1.56096	3.21674	-1.62748	1.08741	0.347386	
0.00173 0.303632	-0.0250993	0.642542	0.2988	-0.0235011	0.609362	0.303632	-0.0250993	0.642542	0.298753	-0.0237203	0.609396	0.944706	-0.939601	-1.00884	-0.190454	-0.297047	-0.0437302	-0.445525	-1.48373	3.27745	-1.61553	1.10072	0.347929	
0.00115 0.303632	-0.0250993	0.642542	0.298723	-0.0235005	0.609197	0.303632	-0.0250993	0.642542	0.298676	-0.0237208	0.609232	1.05207	-1.03751	-1.05185	-0.202973	-0.311328	-0.04409	-0.5445	-1.3976	3.33179	-1.60294	1.11507	0.348528	
0.00105 0.303632	-0.0250993	0.642542	0.298646	-0.0234999	0.609025	0.303632	-0.0250993	0.642542	0.298599	-0.0237213	0.60906	1.18035	-1.14854	-1.07603	-0.216335	-0.326986	-0.0444255	-0.664269	-1.29879	3.36779	-1.58951	1.13079	0.349107	
0.0011 0.303632	-0.0250993	0.642542	0.298571	-0.0234991	0.608854	0.303632	-0.0250993	0.642542	0.298523	-0.0237216	0.60889	1.33169	-1.27544	-1.07763	-0.230652	-0.344087	-0.0447924	-0.807284	-1.18405	3.38117	-1.57512	1.14796	0.349719	
0.00133 0.303632	-0.0250993	0.642542	0.298495	-0.0234959	0.608683	0.303632	-0.0250993	0.642542	0.298447	-0.0237196	0.608719	1.50032	-1.417	-1.06385	-0.245899	-0.362211	-0.0451587	-0.967608	-1.05484	3.37896	-1.55979	1.16616	0.350337	
0.00538 0.303632	-0.0250993	0.642542	0.298418	-0.0234927	0.608512	0.303632	-0.0250993	0.642542	0.298369	-0.0237174	0.608548	1.67545	-1.56786	-1.03807	-0.261616	-0.38021	-0.0453988	-1.13421	-0.916352	3.3648	-1.54401	1.18423	0.350823	
0.0048 0.303632	-0.0250993	0.642542	0.298342	-0.0234895	0.608338	0.303632	-0.0250993	0.642542	0.298293	-0.0237154	0.608374	1.8505	-1.72643	-0.998809	-0.277553	-0.397358	-0.04563	-1.3008	-0.770371	3.33738	-1.528	1.20144	0.351306	
0.038771 0.303632	-0.0250993	0.642542	0.298267	-0.0234843	0.608164	0.303632	-0.0250993	0.642542	0.298218	-0.0237114	0.608201	2.02036	-1.89041	-0.952485	-0.293505	-0.413449	-0.0460428	-1.46242	-0.619014	3.30269	-1.51197	1.21761	0.351968	
0.00475 0.303632	-0.0250993	0.642542	0.29819	-0.0234834	0.607987	0.303632	-0.0250993	0.642542	0.29814	-0.0237116	0.608024	2.17547	-2.04882	-0.909095	-0.308488	-0.427862	-0.0466661	-1.60892	-0.473253	3.27148	-1.49691	1.23209	0.352851	
0.00473 0.303632	-0.0250993	0.642542	0.298112	-0.02348	0.607815	0.303632	-0.0250993	0.642542	0.298061	-0.0237094	0.607852	2.31143	-2.19227	-0.866002	-0.321506	-0.440047	-0.0474916	-1.73624	-0.342249	3.24002	-1.48382	1.24434	0.353928	
0.0043 0.303632	-0.0250993	0.642542	0.298032	-0.0234798	0.607642	0.303632	-0.0250993	0.642542	0.297981	-0.0237102	0.60768	2.42647	-2.31513	-0.818045	-0.331934	-0.44965	-0.0484773	-1.84243	-0.231695	3.20397	-1.47332	1.25401	0.355157	
0.00159 0.303632	-0.0250993	0.642542	0.297794	-0.0234738	0.607109	0.303632	-0.0250993	0.642542	0.297741	-0.023708	0.607148	2.66846	-2.56009	-0.627845	-0.348828	-0.464668	-0.0511972	-2.05794	-0.0249236	3.05005	-1.45621	1.26923	0.358653	
0.00372 0.303632	-0.0250993	0.642542	0.297717	-0.0234716	0.606933	0.303632	-0.0250993	0.642542	0.297664	-0.0237069	0.606972	2.72511	-2.6054	-0.565461	-0.350691	-0.466926	-0.0520832	-2.106	0.00775908	2.99962	-1.45427	1.27156	0.359796	
0.00276 0.303632	-0.0250993	0.642542	0.297644	-0.0234697	0.606761	0.303632	-0.0250993	0.642542	0.29759	-0.0237061	0.6068	2.76769	-2.63048	-0.526864	-0.350794	-0.468581	-0.053169	-2.14039	0.0205184	2.97275	-1.45409	1.27328	0.361137	
0.00464 0.303632	-0.0250993	0.642542	0.297577	-0.0234624	0.606585	0.303632	-0.0250993	0.642542	0.297522	-0.0237	0.606625	2.80693	-2.6487	-0.521321	-0.350832	-0.471178	-0.0543249	-2.17192	0.0258117	2.9789	-1.45398	1.27594	0.362555	
0.0027 0.303632	-0.0250993	0.642542	0.29751	-0.0234595	0.606409	0.303632	-0.0250993	0.642542	0.297455	-0.0236983	0.606449	2.8649	-2.68397	-0.551924	-0.353584	-0.477286	-0.0553734	-2.22229	0.0484925	3.02148	-1.45115	1.28213	0.36387	
0.0017 0.303632	-0.0250993	0.642542	0.297447	-0.0234556	0.606232	0.303632	-0.0250993	0.642542	0.297391	-0.0236956	0.606272	2.96132	-2.75604	-0.607557	-0.361055	-0.488729	-0.0562735	-2.31144	0.107798	3.08912	-1.44359	1.29365	0.365042	
0.00115 0.303632	-0.0250993	0.642542	0.297386	-0.0234534	0.606052	0.303632	-0.0250993	0.642542	0.297329	-0.0236945	0.606093	3.1131	-2.8824	-0.667058	-0.37479	-0.506648	-0.0571072	-2.45612	0.221347	3.16091	-1.42977	1.31166	0.366154	
0.0011 0.303632	-0.0250993	0.642542	0.297329	-0.0234506	0.605874	0.303632	-0.0250993	0.642542	0.297272	-0.0236929	0.605914	3.32972	-3.07429	-0.717316	-0.395808	-0.531638	-0.0579683	-2.66605	0.400508	3.2234	-1.40867	1.33673	0.367291	
0.0014 0.303632	-0.0250993	0.642542	0.297274	-0.0234474	0.605698	0.303632	-0.0250993	0.642542	0.297216	-0.0236909	0.605739	3.61009	-3.32914	-0.765456	-0.424129	-0.563761	-0.0587922	-2.93992	0.642773	3.28351	-1.38027	1.36893	0.368396	
0.00371 0.303632	-0.0250993	0.642542	0.297222	-0.023442	0.605523	0.303632	-0.0250993	0.642542	0.297164	-0.0236867	0.605564	3.93943	-3.62952	-0.828081	-0.458221	-0.601948	-0.0596044	-3.26309	0.930497	3.35795	-1.34609	1.4072	0.369488	
0.00185 0.303632	-0.0250993	0.642542	0.29717	-0.0234345	0.605342	0.303632	-0.0250993	0.642542	0.297111	-0.0236803	0.605383	4.29201	-3.95229	-0.913768	-0.495581	-0.643755	-0.0605236	-3.60941	1.24009	3.45573	-1.30864	1.44909	0.370692	
0.00149 0.303632	-0.0250993	0.642542	0.297069	-0.0234256	0.604979	0.303632	-0.0250993	0.642542	0.297009	-0.0236739	0.605021	5.01623	-4.61874	-1.1371	-0.57449	-0.732108	-0.0625469	-4.32135	1.88048	3.70371	-1.22956	1.53761	0.373307	
0.00152 0.303632	-0.0250993	0.642542	0.29702	-0.0234202	0.604797	0.303632	-0.0250993	0.642542	0.296958	-0.0236697	0.604838	5.37824	-4.95059	-1.24799	-0.614037	-0.776618	-0.06373	-4.67731	2.1992	3.82692	-1.18992	1.58221	0.374784	
0.00149 0.303632	-0.0250993	0.642542	0.29697	-0.0234143	0.604613	0.303632	-0.0250993	0.642542	0.296908	-0.0236649	0.604655	5.72296	-5.26976	-1.34384	-0.651832	-0.818913	-0.0650868	-5.01598	2.5051	3.93518	-1.15204	1.6246	0.376436	
0.00335 0.303632	-0.0250993	0.642542	0.296921	-0.0234096	0.604428	0.303632	-0.0250993	0.642542	0.296858	-0.0236614	0.60447	6.03982	-5.5657	-1.42079	-0.686595	-0.857544	-0.0664896	-5.32677	2.78774	4.0247	-1.11718	1.66332	0.378137	
0.00528 0.303632	-0.0250993	0.642542	0.296872	-0.0234047	0.60424	0.303632	-0.0250993	0.642542	0.296808	-0.0236576	0.604283	6.32582	-5.83139	-1.47311	-0.717444	-0.891757	-0.0677933	-5.60672	3.03998	4.0897	-1.08624	1.69763	0.379749	
0.00235 0.303632	-0.0250993	0.642542	0.296826	-0.0233989	0.604054	0.303632	-0.0250993	0.642542	0.296762	-0.023653	0.604096	6.57672	-6.06063	-1.50121	-0.743602	-0.920955	-0.0689807	-5.85187	3.25578	4.13045	-1.05998	1.72692	0.381239	
0.00254 0.303632	-0.0250993	0.642542	0.296781	-0.0233922	0.603865	0.303632	-0.0250993	0.642542	0.296715	-0.0236475	0.603907	6.78848	-6.25347	-1.50879	-0.764941	-0.944798	-0.0701788	-6.0579	3.43497	4.15071	-1.03855	1.75085	0.382752	
0.00315 0.303632	-0.0250993	0.642542	0.296736	-0.0233846	0.603682	0.303632	-0.0250993	0.642542	0.296669	-0.0236409	0.603724	6.95788	-6.41293	-1.49594	-0.781577	-0.962956	-0.0715661	-6.22162	3.5811	4.15015	-1.02182	1.76911	0.384437	
0.00539 0.303632	-0.0250993	0.642542	0.296689	-0.0233788	0.603494	0.303632	-0.0250993	0.642542	0.296622	-0.0236362	0.603537	7.08423	-6.53825	-1.45601	-0.793252	-0.975082	-0.0731796	-6.34211	3.69292	4.12286	-1.01005	1.78132	0.38636	
0.00225 0.303632	-0.0250993	0.642542	0.296644	-0.0233734	0.603312	0.303632	-0.0250993	0.642542	0.296576	-0.0236319	0.603355	7.17155	-6.62622	-1.39249	-0.799788	-0.981677	-0.0749099	-6.42375	3.7678	4.07161	-1.00342	1.788	0.388391	
0.00132 0.303632	-0.0250993	0.642542	0.296601	-0.0233669	0.603126	0.303632	-0.0250993	0.642542	0.296532	-0.0236266	0.603169	7.22297	-6.67531	-1.32306	-0.801434	-0.983738	-0.0766987	-6.46962	3.80344	4.01473	-1.00168	1.79016	0.390486	
0.00207 0.303632	-0.0250993	0.642542	0.296554	-0.0233609	0.602948	0.303632	-0.0250993	0.642542	0.296484	-0.0236217	0.602991	7.24105	-6.68942	-1.25563	-0.798787	-0.981903	-0.07854	-6.48189	3.80469	3.95931	-1.00424	1.78841	0.392613	
0.00103 0.303632	-0.0250993	0.642542	0.296506	-0.0233563	0.602765	0.303632	-0.0250993	0.642542	0.296435	-0.0236182	0.602808	7.22407	-6.66622	-1.195	-0.791851	-0.976169	-0.0803002	-6.4589	3.76834	3.91108	-1.01108	1.78277	0.394673	
0.00473 0.303632	-0.0250993	0.642542	0.296459	-0.0233492	0.60259	0.303632	-0.0250993	0.642542	0.296387	-0.0236122	0.602633	7.16711	-6.5996	-1.14749	-0.78029	-0.966237	-0.0818337	-6.39604	3.68898	3.87522	-1.02255	1.77292	0.396488	
0.00536 0.303632	-0.0250993	0.642542	0.296409	-0.0233449	0.602415	0.303632	-0.0250993	0.642542	0.296336	-0.0236089	0.602458	7.0686	-6.48889	-1.11588	-0.76418	-0.952158	-0.0831989	-6.2914	3.56573	3.85542	-1.03858	1.75892	0.398134	
0.00503 0.303632	-0.0250993	0.642542	0.296359	-0.0233376	0.602241	0.303632	-0.0250993	0.642542	0.296286	-0.0236027	0.602284	6.92803	-6.33443	-1.10342	-0.743566	-0.93421	-0.0846253	-6.1447	3.39855	3.85459	-1.05911	1.74106	0.399837	
0.00615 0.303632	-0.0250993	0.642542	0.296309	-0.0233315	0.602071	0.303632	-0.0250993	0.642542	0.296235	-0.0235976	0.602114	6.74397	-6.14033	-1.10989	-0.718796	-0.912457	-0.0863518	-5.95453	3.19214	3.87237	-1.08379	1.71939	0.40183	
0.002291 0.303632	-0.0250993	0.642542	0.296258	-0.0233238	0.601897	0.303632	-0.0250993	0.642542	0.296183	-0.0235909	0.601941	6.51949	-5.9167	-1.13132	-0.690931	-0.887226	-0.0884395	-5.72385	2.9558	3.9053	-1.11157	1.69425	0.404194	
0.00294 0.303632	-0.0250993	0.642542	0.296209	-0.0233157	0.601727	0.303632	-0.0250993	0.642542	0.296133	-0.0235839	0.60177	6.26657	-5.67707	-1.16014	-0.66152	-0.859545	-0.0907145	-5.46491	2.70368	3.94543	-1.1409	1.66664	0.406734	
0.00404 0.303632	-0.0250993	0.642542	0.296158	-0.0233113	0.60156	0.303632	-0.0250993	0.642542	0.296081	-0.0235806	0.601604	5.99844	-5.42761	-1.19094	-0.631416	-0.83056	-0.0929224	-5.19049	2.44222	3.9874	-1.17092	1.63774	0.40921	
0.00238 0.303632	-0.0250993	0.642542	0.296111	-0.0233052	0.601392	0.303632	-0.0250993	0.642542	0.296033	-0.0235755	0.601436	5.72539	-5.16771	-1.22799	-0.600844	-0.801431	-0.0948895	-4.91158	2.17008	4.03571	-1.20141	1.60869	0.411447	
0.00227 0.303632	-0.0250993	0.642542	0.296062	-0.023297	0.601222	0.303632	-0.0250993	0.642542	0.295984	-0.0235684	0.601266	5.4555	-4.90282	-1.27017	-0.570439	-0.772943	-0.0965199	-4.6357	1.89278	4.08907	-1.23173	1.58029	0.413344	
0.0044 0.303632	-0.0250993	0.642542	0.296014	-0.0232921	0.601047	0.303632	-0.0250993	0.642542	0.295935	-0.0235646	0.601091	5.19378	-4.64114	-1.30733	-0.540876	-0.745219	-0.0977576	-4.368	1.61847	4.13803	-1.2612	1.55266	0.414863	
0.00226 0.303632	-0.0250993	0.642542	0.29597	-0.0232842	0.60088	0.303632	-0.0250993	0.642542	0.295891	-0.0235578	0.600925	4.94676	-4.39131	-1.33458	-0.512891	-0.718734	-0.0986546	-4.11547	1.35644	4.17632	-1.2891	1.52626	0.416025	
0.002 0.303632	-0.0250993	0.642542	0.295924	-0.0232762	0.600709	0.303632	-0.0250993	0.642542	0.295844	-0.023551	0.600754	4.72396	-4.16583	-1.35236	-0.487669	-0.694517	-0.0993581	-3.88684	1.11844	4.20541	-1.31424	1.50212	0.417005	
0.00124 0.303632	-0.0250993	0.642542	0.29588	-0.023271	0.600541	0.303632	-0.0250993	0.642542	0.295799	-0.0235468	0.600586	4.5356	-3.97643	-1.35261	-0.466164	-0.673374	-0.0999833	-3.69288	0.916976	4.21691	-1.33566	1.48106	0.417905	
0.00106 0.303632	-0.0250993	0.642542	0.295836	-0.023262	0.600378	0.303632	-0.0250993	0.642542	0.295755	-0.0235389	0.600423	4.3837	-3.8263	-1.33027	-0.448489	-0.655325	-0.100586	-3.53549	0.754796	4.20529	-1.35325	1.46309	0.418768	
0.00106 0.303632	-0.0250993	0.642542	0.29579	-0.0232541	0.600214	0.303632	-0.0250993	0.642542	0.295707	-0.0235321	0.60026	4.24986	-3.70001	-1.3011	-0.433099	-0.638931	-0.101196	-3.39586	0.616501	4.18687	-1.36856	1.44677	0.419639	
0.00123 0.303632	-0.0250993	0.642542	0.295747	-0.023249	0.600051	0.303632	-0.0250993	0.642542	0.295663	-0.0235281	0.600096	4.11663	-3.57933	-1.27978	-0.418174	-0.622807	-0.101792	-3.25713	0.484024	4.17654	-1.3834	1.43073	0.420496	
0.00106 0.303632	-0.0250993	0.642542	0.2957	-0.0232423	0.599883	0.303632	-0.0250993	0.642542	0.295616	-0.0235225	0.599929	3.98207	-3.45924	-1.26457	-0.403125	-0.606625	-0.102332	-3.11667	0.351758	4.17244	-1.39837	1.41464	0.421303	
0.00577 0.303632	-0.0250993	0.642542	0.295651	-0.0232366	0.599723	0.303632	-0.0250993	0.642542	0.295566	-0.0235178	0.599769	3.83649	-3.33023	-1.25097	-0.386842	-0.589076	-0.102713	-2.96507	0.211059	4.16952	-1.41457	1.39717	0.421936	
0.00855 0.303632	-0.0250993	0.642542	0.295602	-0.0232297	0.599565	0.303632	-0.0250993	0.642542	0.295517	-0.023512	0.599611	3.66116	-3.17478	-1.24108	-0.367473	-0.568095	-0.102849	-2.78381	0.0440836	4.17006	-1.43386	1.37627	0.422317	
0.00263 0.303632	-0.0250993	0.642542	0.295552	-0.0232233	0.599408	0.303632	-0.0250993	0.642542	0.295466	-0.0235067	0.599454	3.44674	-2.98376	-1.23685	-0.344122	-0.542663	-0.102661	-2.56326	-0.158395	4.1762	-1.45713	1.35091	0.422372	
0.00323 0.303632	-0.0250993	0.642542	0.295502	-0.0232133	0.599248	0.303632	-0.0250993	0.642542	0.295416	-0.0234977	0.599295	3.19727	-2.76478	-1.23259	-0.317617	-0.512986	-0.102081	-2.30766	-0.389228	4.18227	-1.48356	1.32131	0.422035	
0.00436 0.303632	-0.0250993	0.642542	0.29545	-0.0232058	0.599092	0.303632	-0.0250993	0.642542	0.295363	-0.0234913	0.59914	2.92085	-2.52937	-1.2182	-0.289046	-0.479657	-0.101192	-2.02495	-0.636098	4.17809	-1.51206	1.28805	0.421386	
0.00328 0.303632	-0.0250993	0.642542	0.295396	-0.0232	0.598934	0.303632	-0.0250993	0.642542	0.295308	-0.0234865	0.598982	2.62267	-2.27779	-1.19106	-0.258428	-0.443202	-0.100103	-1.72021	-0.899217	4.1614	-1.5426	1.25167	0.420538	
0.00257 0.303632	-0.0250993	0.642542	0.295342	-0.0231929	0.598779	0.303632	-0.0250993	0.642542	0.295254	-0.0234806	0.598827	2.31022	-2.01008	-1.14881	-0.225752	-0.404414	-0.0989535	-1.40129	-1.17834	4.1293	-1.5752	1.21295	0.419626	
0.00519 0.303632	-0.0250993	0.642542	0.295288	-0.0231869	0.598622	0.303632	-0.0250993	0.642542	0.295199	-0.0234757	0.59867	1.9944	-1.73383	-1.08662	-0.191732	-0.364405	-0.0978608	-1.07892	-1.46604	4.07745	-1.60914	1.17302	0.418772	
0.0026 0.303632	-0.0250993	0.642542	0.295233	-0.0231794	0.598468	0.303632	-0.0250993	0.642542	0.295144	-0.0234693	0.598517	1.67712	-1.44981	-1.00221	-0.156367	-0.323389	-0.0968938	-0.755076	-1.76137	4.00308	-1.64444	1.13207	0.418034	
0.00361 0.303632	-0.0250993	0.642542	0.295177	-0.0231715	0.598322	0.303632	-0.0250993	0.642542	0.295087	-0.0234624	0.59837	1.35201	-1.15631	-0.898821	-0.119487	-0.280859	-0.0960399	-0.423355	-2.06576	3.90918	-1.68125	1.08961	0.417394	
0.0023 0.303632	-0.0250993	0.642542	0.295121	-0.0231622	0.598163	0.303632	-0.0250993	0.642542	0.295031	-0.0234542	0.598212	1.02236	-0.865843	-0.793759	-0.082889	-0.237855	-0.0951196	-0.0869878	-2.36799	3.81433	-1.71777	1.04668	0.41671	
0.00153 0.303632	-0.0250993	0.642542	0.295064	-0.0231532	0.598017	0.303632	-0.0250993	0.642542	0.294974	-0.0234464	0.598066	0.695747	-0.59488	-0.697944	-0.0487082	-0.195637	-0.0939449	0.246315	-2.64988	3.72793	-1.75188	1.00453	0.415747	
0.0011 0.303632	-0.0250993	0.642542	0.295008	-0.0231462	0.597863	0.303632	-0.0250993	0.642542	0.294917	-0.0234405	0.597913	0.374059	-0.346307	-0.608811	-0.0173734	-0.154288	-0.0923483	0.574784	-2.90977	3.64883	-1.78315	0.963256	0.41438	
0.00104 0.303632	-0.0250993	0.642542	0.294948	-0.0231376	0.597716	0.303632	-0.0250993	0.642542	0.294857	-0.023433	0.597766	0.0574994	-0.110343	-0.5239	0.0120982	-0.113706	-0.0903188	0.898301	-3.15668	3.57332	-1.81255	0.92274	0.412563	
0.00103 0.303632	-0.0250993	0.642542	0.294889	-0.0231287	0.597576	0.303632	-0.0250993	0.642542	0.294797	-0.0234251	0.597626	-0.257318	0.125771	-0.448216	0.0409861	-0.0737414	-0.0879951	1.21997	-3.40331	3.50659	-1.84137	0.882837	0.410433	
0.001 0.303632	-0.0250993	0.642542	0.294829	-0.0231217	0.597435	0.303632	-0.0250993	0.642542	0.294737	-0.0234193	0.597486	-0.571596	0.367165	-0.389506	0.06976	-0.0346428	-0.0855531	1.54124	-3.65512	3.45693	-1.87008	0.843804	0.408192	
0.00111 0.303632	-0.0250993	0.642542	0.294768	-0.0231116	0.597296	0.303632	-0.0250993	0.642542	0.294675	-0.0234102	0.597348	-0.888801	0.617661	-0.350138	0.0989052	0.00376786	-0.0831558	1.8655	-3.91612	3.42633	-1.89917	0.805457	0.405984	
0.018041 0.303632	-0.0250993	0.642542	0.294705	-0.0231032	0.597161	0.303632	-0.0250993	0.642542	0.294612	-0.0234028	0.597213	-1.21788	0.885595	-0.331432	0.129395	0.0423768	-0.0808877	2.20177	-4.19421	3.4162	-1.9296	0.766907	0.4039	
0.00478 0.303632	-0.0250993	0.642542	0.294642	-0.0230969	0.597023	0.303632	-0.0250993	0.642542	0.294549	-0.0233976	0.597075	-1.55681	1.17052	-0.334823	0.16116	0.0809235	-0.0787827	2.54794	-4.48934	3.42851	-1.9613	0.728425	0.401982	
0.00262 0.303632	-0.0250993	0.642542	0.294578	-0.0230869	0.596893	0.303632	-0.0250993	0.642542	0.294484	-0.0233886	0.596945	-1.90129	1.46623	-0.359862	0.193495	0.119024	-0.0767937	2.89967	-4.79499	3.46169	-1.99358	0.690387	0.40016	
0.002131 0.303632	-0.0250993	0.642542	0.294512	-0.0230804	0.596769	0.303632	-0.0250993	0.642542	0.294419	-0.0233831	0.596822	-2.25031	1.77166	-0.4083	0.226289	0.156596	-0.0749497	3.25607	-5.10964	3.51796	-2.02632	0.652862	0.398477	
0.00209 0.303632	-0.0250993	0.642542	0.294443	-0.0230748	0.596647	0.303632	-0.0250993	0.642542	0.294349	-0.0233785	0.596701	-2.5999	2.09197	-0.480862	0.260196	0.193256	-0.0734387	3.61343	-5.43903	3.59831	-2.06018	0.616247	0.397118	
0.00413 0.303632	-0.0250993	0.642542	0.29437	-0.0230693	0.596527	0.303632	-0.0250993	0.642542	0.294276	-0.0233739	0.596581	-2.9531	2.43461	-0.567825	0.296343	0.229749	-0.0723459	3.97467	-5.79067	3.69293	-2.09628	0.579795	0.396177	
0.00291 0.303632	-0.0250993	0.642542	0.294293	-0.0230635	0.59641	0.303632	-0.0250993	0.642542	0.294199	-0.0233691	0.596465	-3.31476	2.79791	-0.65676	0.334869	0.267111	-0.0715753	4.34479	-6.16272	3.78916	-2.13476	0.542469	0.395543	
0.005081 0.303632	-0.0250993	0.642542	0.294214	-0.0230591	0.596301	0.303632	-0.0250993	0.642542	0.29412	-0.0233655	0.596356	-3.68607	3.17359	-0.740598	0.375103	0.305761	-0.071028	4.72467	-6.54658	3.87991	-2.17496	0.503851	0.395114	
0.0031 0.303632	-0.0250993	0.642542	0.294129	-0.0230566	0.596194	0.303632	-0.0250993	0.642542	0.294035	-0.0233639	0.59625	-4.06811	3.56253	-0.813526	0.41737	0.346095	-0.0707068	5.11582	-6.94342	3.95963	-2.2172	0.463541	0.394903	
0.00202 0.303632	-0.0250993	0.642542	0.294043	-0.0230526	0.596087	0.303632	-0.0250993	0.642542	0.293949	-0.0233607	0.596144	-4.46381	3.97224	-0.861701	0.462861	0.389062	-0.0706314	5.52078	-7.36112	4.01449	-2.26266	0.4206	0.394934	
0.00185 0.303632	-0.0250993	0.642542	0.293953	-0.0230477	0.595988	0.303632	-0.0250993	0.642542	0.293859	-0.0233567	0.596045	-4.87959	4.40741	-0.872728	0.512472	0.435883	-0.0708388	5.94608	-7.80389	4.03158	-2.31224	0.373798	0.395238	
0.00113 0.303632	-0.0250993	0.642542	0.293862	-0.0230445	0.595887	0.303632	-0.0250993	0.642542	0.293768	-0.0233544	0.595945	-5.31778	4.86703	-0.853175	0.566035	0.486594	-0.0713009	6.394	-8.27105	4.01826	-2.36578	0.323109	0.395793	
0.00104 0.303632	-0.0250993	0.642542	0.293769	-0.023041	0.595794	0.303632	-0.0250993	0.642542	0.293675	-0.0233516	0.595853	-5.77225	5.33885	-0.817195	0.621936	0.539937	-0.0719311	6.8582	-8.74991	3.988	-2.42166	0.269783	0.3965	
0.00103 0.303632	-0.0250993	0.642542	0.293675	-0.0230368	0.595699	0.303632	-0.0250993	0.642542	0.293581	-0.0233483	0.595758	-6.23935	5.80876	-0.77316	0.67845	0.595114	-0.0726309	7.33525	-9.22709	3.94976	-2.47815	0.214623	0.397276	
0.00102 0.303632	-0.0250993	0.642542	0.293581	-0.0230329	0.595605	0.303632	-0.0250993	0.642542	0.293487	-0.0233452	0.595666	-6.71378	6.26843	-0.725369	0.734455	0.651361	-0.0732909	7.81951	-9.69387	3.90765	-2.53414	0.158391	0.398007	
0.00105 0.303632	-0.0250993	0.642542	0.293487	-0.0230295	0.595511	0.303632	-0.0250993	0.642542	0.293393	-0.0233427	0.595573	-7.18035	6.70829	-0.672618	0.788773	0.707056	-0.0738856	8.29601	-10.1408	3.86068	-2.58844	0.10271	0.39867	
0.00476 0.303632	-0.0250993	0.642542	0.293392	-0.0230284	0.595418	0.303632	-0.0250993	0.642542	0.293298	-0.0233425	0.595481	-7.62073	7.11214	-0.607914	0.839643	0.760431	-0.074447	8.74635	-10.5516	3.80177	-2.63929	0.0493496	0.399304	
0.00315 0.303632	-0.0250993	0.642542	0.293297	-0.0230257	0.595328	0.303632	-0.0250993	0.642542	0.293204	-0.0233407	0.595391	-8.01819	7.46612	-0.529858	0.885409	0.809713	-0.074973	9.1537	-10.9124	3.7293	-2.68504	8.0101e-05	0.399897	
0.0018 0.303632	-0.0250993	0.642542	0.293201	-0.0230253	0.595235	0.303632	-0.0250993	0.642542	0.293108	-0.0233411	0.595299	-8.35842	7.76771	-0.441834	0.925581	0.853182	-0.0755771	9.50402	-11.2209	3.64711	-2.72519	-0.0433768	0.400571	
0.00266 0.303632	-0.0250993	0.642542	0.293108	-0.0230191	0.595141	0.303632	-0.0250993	0.642542	0.293015	-0.0233358	0.595206	-8.63611	8.01469	-0.34201	0.959837	0.890269	-0.076332	9.79154	-11.4751	3.55283	-2.75943	-0.0804478	0.401392	
0.00501 0.303632	-0.0250993	0.642542	0.293014	-0.0230155	0.595051	0.303632	-0.0250993	0.642542	0.292922	-0.0233332	0.595116	-8.85376	8.19817	-0.229989	0.987082	0.921204	-0.0770976	10.019	-11.6655	3.44632	-2.78666	-0.111373	0.402225	
0.00303 0.303632	-0.0250993	0.642542	0.292919	-0.0230145	0.59496	0.303632	-0.0250993	0.642542	0.292826	-0.0233331	0.595026	-9.01195	8.31334	-0.111094	1.00657	0.945784	-0.0777548	10.1872	-11.7874	3.33307	-2.80613	-0.135945	0.40295	
0.00253 0.303632	-0.0250993	0.642542	0.292825	-0.023007	0.594871	0.303632	-0.0250993	0.642542	0.292732	-0.0233265	0.594938	-9.11914	8.37464	0.00754705	1.01965	0.964625	-0.0782526	10.3042	-11.8557	3.21962	-2.81919	-0.154777	0.403506	
0.00393 0.303632	-0.0250993	0.642542	0.292733	-0.0230018	0.594782	0.303632	-0.0250993	0.642542	0.292641	-0.0233223	0.59485	-9.19084	8.40074	0.118428	1.02816	0.979128	-0.0785373	10.3855	-11.8887	3.11402	-2.82768	-0.169266	0.403853	
0.00214 0.303632	-0.0250993	0.642542	0.29264	-0.0229977	0.59469	0.303632	-0.0250993	0.642542	0.292548	-0.0233191	0.594759	-9.22566	8.39031	0.213749	1.03165	0.988782	-0.0785119	10.4301	-11.8853	3.02427	-2.83116	-0.178904	0.403894	
0.00192 0.303632	-0.0250993	0.642542	0.292549	-0.0229941	0.594601	0.303632	-0.0250993	0.642542	0.292458	-0.0233164	0.594671	-9.21157	8.33314	0.291722	1.02882	0.992114	-0.0781107	10.4256	-11.8349	2.95169	-2.82831	-0.182225	0.403559	
0.008581 0.303632	-0.0250993	0.642542	0.292458	-0.0229891	0.594515	0.303632	-0.0250993	0.642542	0.292367	-0.0233123	0.594585	-9.14342	8.22423	0.3533	1.01919	0.988517	-0.0774686	10.3669	-11.7327	2.89525	-2.81866	-0.178611	0.402979	
0.0031 0.303632	-0.0250993	0.642542	0.292367	-0.0229863	0.594428	0.303632	-0.0250993	0.642542	0.292276	-0.0233105	0.594499	-9.02322	8.06546	0.396246	1.00309	0.978066	-0.0767878	10.2563	-11.5805	2.8576	-2.80254	-0.168154	0.402357	
0.00143 0.303632	-0.0250993	0.642542	0.292279	-0.022982	0.59434	0.303632	-0.0250993	0.642542	0.292189	-0.023307	0.594412	-8.85666	7.86501	0.420889	0.981452	0.961442	-0.0760679	10.0989	-11.3868	2.83828	-2.78089	-0.151511	0.401703	
0.00109 0.303632	-0.0250993	0.642542	0.292193	-0.0229752	0.594251	0.303632	-0.0250993	0.642542	0.292103	-0.0233012	0.594324	-8.65098	7.63003	0.429936	0.955109	0.939616	-0.0751942	9.90223	-11.1587	2.83447	-2.75453	-0.129666	0.400892	
0.00099 0.303632	-0.0250993	0.642542	0.292109	-0.0229691	0.594168	0.303632	-0.0250993	0.642542	0.292019	-0.023296	0.594241	-8.40757	7.3642	0.423995	0.924557	0.912777	-0.0742942	9.66766	-10.8994	2.84526	-2.72396	-0.102816	0.400053	
0.00101 0.303632	-0.0250993	0.642542	0.292026	-0.0229621	0.594079	0.303632	-0.0250993	0.642542	0.291936	-0.0232899	0.594154	-8.12554	7.06975	0.405881	0.890265	0.880912	-0.0736391	9.39435	-10.6119	2.86857	-2.68964	-0.0709325	0.39947	
0.00443 0.303632	-0.0250993	0.642542	0.291946	-0.0229569	0.593997	0.303632	-0.0250993	0.642542	0.291856	-0.0232856	0.594072	-7.80622	6.74368	0.377999	0.852069	0.844252	-0.0732581	9.08347	-10.2922	2.90136	-2.65143	-0.0342609	0.39915	
0.00235 0.303632	-0.0250993	0.642542	0.29187	-0.0229498	0.593911	0.303632	-0.0250993	0.642542	0.29178	-0.0232793	0.593987	-7.44916	6.38649	0.336727	0.809985	0.802672	-0.073065	8.73447	-9.94171	2.94769	-2.60933	0.00733907	0.399028	
0.00186 0.303632	-0.0250993	0.642542	0.291794	-0.0229446	0.593829	0.303632	-0.0250993	0.642542	0.291705	-0.0232749	0.593905	-7.05454	6.00382	0.275253	0.76459	0.755986	-0.0731126	8.34786	-9.56538	3.0141	-2.56391	0.0540418	0.399144	
0.003331 0.303632	-0.0250993	0.642542	0.29172	-0.0229409	0.593745	0.303632	-0.0250993	0.642542	0.291631	-0.0232721	0.593822	-6.63288	5.60487	0.190641	0.716958	0.705275	-0.0733758	7.93405	-9.1728	3.10391	-2.51626	0.104775	0.399481	
0.00477 0.303632	-0.0250993	0.642542	0.29165	-0.0229382	0.593659	0.303632	-0.0250993	0.642542	0.291561	-0.0232702	0.593737	-6.19232	5.19532	0.0931913	0.667967	0.651903	-0.0737428	7.50108	-8.76962	3.20666	-2.46724	0.158166	0.399929	
0.00345 0.303632	-0.0250993	0.642542	0.291579	-0.0229319	0.593575	0.303632	-0.0250993	0.642542	0.29149	-0.0232647	0.593653	-5.72727	4.76642	-0.00326887	0.616949	0.595856	-0.0741546	7.04354	-8.34726	3.30818	-2.4162	0.214241	0.400411	
0.00198 0.303632	-0.0250993	0.642542	0.291512	-0.0229251	0.593487	0.303632	-0.0250993	0.642542	0.291424	-0.0232587	0.593566	-5.23605	4.3109	-0.094073	0.563194	0.537225	-0.0744988	6.55947	-7.89848	3.40427	-2.36242	0.272894	0.40084	
0.00182 0.303632	-0.0250993	0.642542	0.291447	-0.0229183	0.5934	0.303632	-0.0250993	0.642542	0.291359	-0.0232528	0.59348	-4.72097	3.82946	-0.179887	0.506771	0.476356	-0.0747263	6.05144	-7.42377	3.49528	-2.30597	0.333789	0.401157	
0.00506 0.303632	-0.0250993	0.642542	0.291382	-0.0229114	0.593318	0.303632	-0.0250993	0.642542	0.291294	-0.0232466	0.593398	-4.18945	3.32774	-0.254314	0.448538	0.414343	-0.0749578	5.52688	-6.92844	3.57457	-2.24771	0.395828	0.401466	
0.00232 0.303632	-0.0250993	0.642542	0.29132	-0.022907	0.59323	0.303632	-0.0250993	0.642542	0.291231	-0.023243	0.59331	-3.65744	2.81903	-0.304768	0.39045	0.353357	-0.0754232	5.00172	-6.4264	3.63052	-2.18959	0.456839	0.402027	
0.00337 0.303632	-0.0250993	0.642542	0.291258	-0.0229002	0.593145	0.303632	-0.0250993	0.642542	0.29117	-0.023237	0.593226	-3.13432	2.31824	-0.329959	0.334376	0.294424	-0.0763748	4.48526	-5.93215	3.66086	-2.13349	0.515794	0.403066	
0.00442 0.303632	-0.0250993	0.642542	0.291199	-0.0228936	0.59306	0.303632	-0.0250993	0.642542	0.29111	-0.023231	0.593141	-2.62363	1.8379	-0.33772	0.281617	0.237639	-0.0779392	3.98105	-5.45836	3.67377	-2.0807	0.572609	0.404715	
0.00187 0.303632	-0.0250993	0.642542	0.291141	-0.0228908	0.592974	0.303632	-0.0250993	0.642542	0.291052	-0.023229	0.593056	-2.12718	1.38282	-0.33536	0.232487	0.182998	-0.0800344	3.49097	-5.00965	3.67682	-2.03154	0.627278	0.40691	
0.00131 0.303632	-0.0250993	0.642542	0.291086	-0.0228864	0.59289	0.303632	-0.0250993	0.642542	0.290998	-0.0232253	0.592972	-1.64418	0.948432	-0.329438	0.186218	0.130226	-0.0824523	3.01397	-4.58156	3.67615	-1.98524	0.68008	0.409422	
0.00104 0.303632	-0.0250993	0.642542	0.291033	-0.022879	0.592803	0.303632	-0.0250993	0.642542	0.290944	-0.0232186	0.592886	-1.17408	0.528651	-0.320701	0.142031	0.0792431	-0.0850639	2.54975	-4.16846	3.67267	-1.94103	0.731093	0.412128	
0.00103 0.303632	-0.0250993	0.642542	0.290983	-0.0228742	0.592716	0.303632	-0.0250993	0.642542	0.290894	-0.0232145	0.592799	-0.715046	0.121419	-0.308559	0.0996388	0.0298325	-0.0879121	2.09638	-3.76773	3.66591	-1.8986	0.780535	0.415085	
0.00099 0.303632	-0.0250993	0.642542	0.290937	-0.0228712	0.592626	0.303632	-0.0250993	0.642542	0.290848	-0.0232122	0.59271	-0.259341	-0.276295	-0.294235	0.0585792	-0.0189604	-0.0910477	1.646	-3.37658	3.6574	-1.85751	0.829355	0.418337	
0.01372 0.303632	-0.0250993	0.642542	0.29089	-0.0228654	0.592536	0.303632	-0.0250993	0.642542	0.290801	-0.0232071	0.59262	0.199233	-0.667602	-0.275612	0.018395	-0.0677844	-0.0944334	1.19278	-2.99208	3.64436	-1.81729	0.87821	0.421844	
0.00455 0.303632	-0.0250993	0.642542	0.290848	-0.0228576	0.59245	0.303632	-0.0250993	0.642542	0.290758	-0.0232001	0.592534	0.657498	-1.05366	-0.255059	-0.0212291	-0.116452	-0.0979086	0.739378	-2.61262	3.62909	-1.77763	0.926912	0.425426	
0.00521 0.303632	-0.0250993	0.642542	0.290807	-0.0228532	0.59236	0.303632	-0.0250993	0.642542	0.290717	-0.0231964	0.592444	1.11234	-1.43835	-0.236799	-0.0609202	-0.164867	-0.101298	0.289335	-2.23458	3.61654	-1.7379	0.97536	0.42894	
0.0034 0.303632	-0.0250993	0.642542	0.290768	-0.0228467	0.59227	0.303632	-0.0250993	0.642542	0.290678	-0.0231905	0.592355	1.56446	-1.8244	-0.220734	-0.101105	-0.21318	-0.104471	-0.158256	-1.85532	3.6061	-1.69768	1.02371	0.432232	
0.00386 0.303632	-0.0250993	0.642542	0.290732	-0.0228441	0.592179	0.303632	-0.0250993	0.642542	0.290641	-0.0231887	0.592264	2.01617	-2.21219	-0.20542	-0.141921	-0.261638	-0.107327	-0.605558	-1.4741	3.59669	-1.65682	1.07221	0.435223	
0.00326 0.303632	-0.0250993	0.642542	0.2907	-0.0228406	0.592085	0.303632	-0.0250993	0.642542	0.290609	-0.0231858	0.592171	2.47666	-2.60808	-0.186063	-0.18403	-0.311142	-0.109916	-1.06202	-1.085	3.5834	-1.61466	1.12175	0.437953	
0.00261 0.303632	-0.0250993	0.642542	0.290667	-0.0228346	0.591995	0.303632	-0.0250993	0.642542	0.290576	-0.0231805	0.59208	2.95279	-3.01977	-0.165861	-0.228378	-0.362623	-0.112256	-1.53414	-0.680075	3.56892	-1.57027	1.17328	0.440425	
0.00489 0.303632	-0.0250993	0.642542	0.290637	-0.0228312	0.591908	0.303632	-0.0250993	0.642542	0.290545	-0.0231778	0.591994	3.4375	-3.44211	-0.158554	-0.27471	-0.415814	-0.114287	-2.0151	-0.264058	3.56724	-1.5239	1.22651	0.442589	
0.00237 0.303632	-0.0250993	0.642542	0.29061	-0.0228234	0.591818	0.303632	-0.0250993	0.642542	0.290518	-0.0231706	0.591904	3.92088	-3.86537	-0.174272	-0.32208	-0.470031	-0.116104	-2.49505	0.152362	3.58859	-1.47648	1.28076	0.444545	
0.00177 0.303632	-0.0250993	0.642542	0.290584	-0.0228177	0.591727	0.303632	-0.0250993	0.642542	0.290492	-0.0231656	0.591813	4.39679	-4.28529	-0.212978	-0.369944	-0.524627	-0.117743	-2.96758	0.56556	3.63311	-1.42858	1.3354	0.446325	
0.00396 0.303632	-0.0250993	0.642542	0.290561	-0.0228142	0.591641	0.303632	-0.0250993	0.642542	0.290468	-0.0231627	0.591728	4.8603	-4.6971	-0.269468	-0.417665	-0.578832	-0.119118	-3.42797	0.971174	3.69515	-1.38081	1.38965	0.447834	
0.00303 0.303632	-0.0250993	0.642542	0.290539	-0.0228078	0.591552	0.303632	-0.0250993	0.642542	0.290446	-0.0231569	0.591638	5.30684	-5.09423	-0.343067	-0.464498	-0.632035	-0.120165	-3.8716	1.36163	3.77445	-1.33393	1.44291	0.449025	
0.00481 0.303632	-0.0250993	0.642542	0.290518	-0.022805	0.591466	0.303632	-0.0250993	0.642542	0.290424	-0.0231547	0.591553	5.72935	-5.47175	-0.432773	-0.509877	-0.683317	-0.120733	-4.29121	1.73299	3.86977	-1.2885	1.49423	0.449736	
0.00334 0.303632	-0.0250993	0.642542	0.2905	-0.0228003	0.59138	0.303632	-0.0250993	0.642542	0.290405	-0.0231505	0.591466	6.12357	-5.82689	-0.533703	-0.553339	-0.731935	-0.120758	-4.6828	2.08182	3.97631	-1.24499	1.5429	0.449897	
0.00436 0.303632	-0.0250993	0.642542	0.290484	-0.0227943	0.591297	0.303632	-0.0250993	0.642542	0.290389	-0.023145	0.591383	6.49232	-6.15991	-0.643129	-0.594723	-0.778058	-0.120432	-5.04923	2.40865	4.09103	-1.20356	1.58907	0.449708	
0.00192 0.303632	-0.0250993	0.642542	0.290468	-0.022789	0.591216	0.303632	-0.0250993	0.642542	0.290373	-0.0231402	0.591303	6.83947	-6.47231	-0.758991	-0.634004	-0.821998	-0.119997	-5.39412	2.71507	4.21204	-1.16424	1.63306	0.449409	
0.00128 0.303632	-0.0250993	0.642542	0.290456	-0.0227849	0.591134	0.303632	-0.0250993	0.642542	0.290359	-0.0231366	0.591221	7.16578	-6.76255	-0.877851	-0.67083	-0.863676	-0.119612	-5.71839	2.99939	4.33629	-1.12737	1.67478	0.449162	
0.00126 0.303632	-0.0250993	0.642542	0.290443	-0.0227812	0.591054	0.303632	-0.0250993	0.642542	0.290346	-0.0231334	0.591141	7.47217	-7.02854	-0.9958	-0.704846	-0.902992	-0.119325	-6.02274	3.25954	4.45948	-1.0933	1.71414	0.449019	
0.00098 0.303632	-0.0250993	0.642542	0.290434	-0.0227765	0.590974	0.303632	-0.0250993	0.642542	0.290336	-0.0231291	0.591061	7.76178	-7.27272	-1.10885	-0.736228	-0.940097	-0.119095	-6.31064	3.49789	4.57768	-1.06188	1.75129	0.448929	
0.00177 0.303632	-0.0250993	0.642542	0.290425	-0.0227703	0.590895	0.303632	-0.0250993	0.642542	0.290327	-0.0231234	0.590982	8.03163	-7.4998	-1.21351	-0.765438	-0.974495	-0.11872	-6.57886	3.71907	4.68741	-1.03262	1.78574	0.448689	
0.00343 0.303632	-0.0250993	0.642542	0.290417	-0.0227641	0.590816	0.303632	-0.0250993	0.642542	0.290318	-0.0231176	0.590902	8.27117	-7.7105	-1.30556	-0.79252	-1.0048	-0.117861	-6.81691	3.92384	4.78453	-1.00549	1.8161	0.447971	
0.00215 0.303632	-0.0250993	0.642542	0.29041	-0.0227591	0.590735	0.303632	-0.0250993	0.642542	0.29031	-0.023113	0.590822	8.4744	-7.89877	-1.38501	-0.816835	-1.03031	-0.116423	-7.01864	4.10624	4.86918	-0.98112	1.84166	0.446678	
0.00516 0.303632	-0.0250993	0.642542	0.290405	-0.0227529	0.590656	0.303632	-0.0250993	0.642542	0.290305	-0.0231073	0.590742	8.64007	-8.05821	-1.45105	-0.837566	-1.05085	-0.114585	-7.1831	4.25975	4.94036	-0.960338	1.86226	0.444982	
0.0025 0.303632	-0.0250993	0.642542	0.290403	-0.0227481	0.590579	0.303632	-0.0250993	0.642542	0.290302	-0.0231028	0.590665	8.77142	-8.19368	-1.50124	-0.855106	-1.06675	-0.112517	-7.31341	4.38958	4.99556	-0.942749	1.87821	0.443059	
0.00529 0.303632	-0.0250993	0.642542	0.290399	-0.022743	0.590501	0.303632	-0.0250993	0.642542	0.290297	-0.0230981	0.590588	8.87693	-8.31126	-1.539	-0.870135	-1.07913	-0.110396	-7.41776	4.50146	5.03838	-0.927669	1.89064	0.441081	
0.00276 0.303632	-0.0250993	0.642542	0.290398	-0.022736	0.590422	0.303632	-0.0250993	0.642542	0.290295	-0.0230915	0.590509	8.96071	-8.40999	-1.56531	-0.882506	-1.08852	-0.108385	-7.50067	4.59431	5.06967	-0.915248	1.90009	0.439214	
0.00522 0.303632	-0.0250993	0.642542	0.290398	-0.022731	0.590346	0.303632	-0.0250993	0.642542	0.290295	-0.0230868	0.590433	9.02032	-8.4852	-1.57942	-0.891668	-1.09467	-0.106587	-7.55949	4.66396	5.08879	-0.906037	1.90628	0.437557	
0.0041 0.303632	-0.0250993	0.642542	0.290399	-0.0227247	0.59027	0.303632	-0.0250993	0.642542	0.290295	-0.0230809	0.590357	9.05745	-8.53301	-1.58624	-0.89728	-1.09796	-0.105094	-7.59599	4.70611	5.10048	-0.900374	1.90963	0.436209	
0.0023 0.303632	-0.0250993	0.642542	0.2904	-0.0227183	0.590197	0.303632	-0.0250993	0.642542	0.290295	-0.0230749	0.590284	9.07865	-8.55704	-1.59093	-0.899979	-1.09927	-0.103765	-7.61652	4.72469	5.10985	-0.897625	1.91099	0.435018	
0.00239 0.303632	-0.0250993	0.642542	0.290401	-0.0227141	0.590124	0.303632	-0.0250993	0.642542	0.290296	-0.023071	0.590211	9.08628	-8.55883	-1.59209	-0.900159	-1.09871	-0.102265	-7.62355	4.7212	5.11581	-0.897397	1.91048	0.433657	
0.00111 0.303632	-0.0250993	0.642542	0.290404	-0.0227082	0.590051	0.303632	-0.0250993	0.642542	0.290298	-0.0230655	0.590138	9.08159	-8.53943	-1.58301	-0.897861	-1.09616	-0.100562	-7.61838	4.69638	5.11143	-0.899644	1.90798	0.432094	
0.00102 0.303632	-0.0250993	0.642542	0.290407	-0.0227037	0.589977	0.303632	-0.0250993	0.642542	0.290301	-0.0230614	0.590064	9.0671	-8.50486	-1.55788	-0.893625	-1.09174	-0.0987021	-7.60351	4.65647	5.09118	-0.903829	1.90362	0.430376	
0.00099 0.303632	-0.0250993	0.642542	0.290412	-0.0226964	0.589905	0.303632	-0.0250993	0.642542	0.290305	-0.0230544	0.589992	9.04213	-8.45868	-1.5187	-0.88786	-1.0855	-0.0967238	-7.5783	4.60483	5.05658	-0.909542	1.89744	0.428539	
0.00102 0.303632	-0.0250993	0.642542	0.290416	-0.0226891	0.58984	0.303632	-0.0250993	0.642542	0.290309	-0.0230474	0.589927	9.00086	-8.40435	-1.47433	-0.88098	-1.0773	-0.0948095	-7.5368	4.54555	5.01629	-0.916376	1.88929	0.42675	
0.0041 0.303632	-0.0250993	0.642542	0.290422	-0.0226838	0.589777	0.303632	-0.0250993	0.642542	0.290313	-0.0230424	0.589863	8.9378	-8.34489	-1.43442	-0.873391	-1.06703	-0.0931165	-7.47365	4.48135	4.98047	-0.923919	1.87907	0.425184	
0.00175 0.303632	-0.0250993	0.642542	0.290428	-0.0226784	0.589712	0.303632	-0.0250993	0.642542	0.290319	-0.0230373	0.589798	8.85607	-8.28107	-1.40488	-0.86535	-1.05527	-0.0916284	-7.39184	4.41278	4.95513	-0.931915	1.86736	0.423821	
0.00519 0.303632	-0.0250993	0.642542	0.290435	-0.0226719	0.589646	0.303632	-0.0250993	0.642542	0.290326	-0.0230311	0.589732	8.7659	-8.21624	-1.38362	-0.857325	-1.04305	-0.0902566	-7.30172	4.343	4.93807	-0.939892	1.85519	0.422585	
0.00777 0.303632	-0.0250993	0.642542	0.290443	-0.0226668	0.589584	0.303632	-0.0250993	0.642542	0.290332	-0.0230263	0.58967	8.67064	-8.14832	-1.36558	-0.849106	-1.0305	-0.0888867	-7.20654	4.27045	4.92408	-0.948066	1.84269	0.421339	
0.0024 0.303632	-0.0250993	0.642542	0.290449	-0.0226629	0.589524	0.303632	-0.0250993	0.642542	0.290338	-0.0230227	0.58961	8.56137	-8.06709	-1.34954	-0.839529	-1.01662	-0.0875203	-7.09729	4.18489	4.91201	-0.957599	1.82886	0.420092	
0.005601 0.303632	-0.0250993	0.642542	0.290457	-0.0226576	0.589466	0.303632	-0.0250993	0.642542	0.290346	-0.0230176	0.589552	8.43243	-7.96654	-1.33905	-0.827925	-1.00097	-0.0862631	-6.96852	4.07998	4.90526	-0.969159	1.81325	0.418956	
0.00232 0.303632	-0.0250993	0.642542	0.290464	-0.0226541	0.589409	0.303632	-0.0250993	0.642542	0.290352	-0.0230143	0.589495	8.28368	-7.84437	-1.33601	-0.814099	-0.983601	-0.0851272	-6.81985	3.9537	4.90599	-0.982942	1.79593	0.417938	
0.00482 0.303632	-0.0250993	0.642542	0.290474	-0.0226486	0.589354	0.303632	-0.0250993	0.642542	0.290361	-0.0230091	0.58944	8.11669	-7.69883	-1.33785	-0.797902	-0.964522	-0.0839938	-6.65324	3.80404	4.91138	-0.999098	1.7769	0.416915	
0.00299 0.303632	-0.0250993	0.642542	0.290482	-0.0226458	0.589303	0.303632	-0.0250993	0.642542	0.290369	-0.0230065	0.589389	7.93566	-7.53028	-1.34363	-0.779447	-0.944093	-0.0828063	-6.47244	3.63186	4.92054	-1.01751	1.75651	0.415835	
0.005171 0.303632	-0.0250993	0.642542	0.29049	-0.0226412	0.589254	0.303632	-0.0250993	0.642542	0.290376	-0.0230021	0.58934	7.74183	-7.33839	-1.35284	-0.758652	-0.922406	-0.0816283	-6.27888	3.43626	4.93293	-1.03827	1.73487	0.414759	
0.00527 0.303632	-0.0250993	0.642542	0.2905	-0.0226347	0.589202	0.303632	-0.0250993	0.642542	0.290385	-0.0229958	0.589288	7.53636	-7.12557	-1.36378	-0.735679	-0.899535	-0.0805478	-6.07385	3.21946	4.94712	-1.0612	1.71204	0.413785	
0.0034 0.303632	-0.0250993	0.642542	0.290508	-0.0226293	0.589154	0.303632	-0.0250993	0.642542	0.290393	-0.0229906	0.58924	7.32418	-6.89981	-1.37434	-0.711186	-0.876021	-0.0797317	-5.86201	2.99007	4.96077	-1.08566	1.68857	0.413064	
0.00243 0.303632	-0.0250993	0.642542	0.290518	-0.0226252	0.589104	0.303632	-0.0250993	0.642542	0.290402	-0.0229867	0.58919	7.11077	-6.66843	-1.38094	-0.68578	-0.852357	-0.0792785	-5.64908	2.75502	4.97057	-1.11103	1.66495	0.412716	
0.00297 0.303632	-0.0250993	0.642542	0.290526	-0.0226227	0.589058	0.303632	-0.0250993	0.642542	0.29041	-0.0229845	0.589144	6.89848	-6.42797	-1.37991	-0.659019	-0.828573	-0.0791681	-5.43706	2.51127	4.97266	-1.13775	1.6412	0.412702	
0.00141 0.303632	-0.0250993	0.642542	0.290535	-0.0226165	0.589011	0.303632	-0.0250993	0.642542	0.290419	-0.0229785	0.589097	6.67755	-6.1727	-1.3715	-0.630219	-0.803555	-0.0793553	-5.21659	2.25237	4.9672	-1.16651	1.61623	0.412988	
0.00113 0.303632	-0.0250993	0.642542	0.290544	-0.0226142	0.58897	0.303632	-0.0250993	0.642542	0.290427	-0.0229763	0.589056	6.43158	-5.90563	-1.355	-0.599517	-0.775513	-0.0798136	-4.97105	1.98235	4.95342	-1.19718	1.58822	0.413535	
0.00177 0.303632	-0.0250993	0.642542	0.290554	-0.0226103	0.588925	0.303632	-0.0250993	0.642542	0.290437	-0.0229726	0.589011	6.1572	-5.62852	-1.3276	-0.567008	-0.743936	-0.0804788	-4.69713	1.70193	4.92903	-1.22966	1.55668	0.414292	
0.00151 0.303632	-0.0250993	0.642542	0.290561	-0.0226046	0.588886	0.303632	-0.0250993	0.642542	0.290443	-0.0229671	0.588972	5.86006	-5.34189	-1.28662	-0.53275	-0.709267	-0.0812944	-4.4003	1.41228	4.89038	-1.26389	1.52205	0.415189	
0.00308 0.303632	-0.0250993	0.642542	0.29057	-0.022601	0.588848	0.303632	-0.0250993	0.642542	0.290452	-0.0229637	0.588934	5.54797	-5.05145	-1.23122	-0.497395	-0.672306	-0.0822284	-4.08869	1.11898	4.83751	-1.29921	1.48512	0.416205	
0.0048 0.303632	-0.0250993	0.642542	0.290578	-0.0225955	0.58881	0.303632	-0.0250993	0.642542	0.29046	-0.0229584	0.588896	5.23128	-4.76233	-1.16187	-0.461546	-0.634216	-0.083323	-3.77242	0.826926	4.77047	-1.33503	1.44707	0.417379	
0.00299 0.303632	-0.0250993	0.642542	0.290587	-0.0225926	0.588774	0.303632	-0.0250993	0.642542	0.290468	-0.0229557	0.58886	4.91254	-4.47418	-1.0792	-0.425168	-0.595337	-0.0846346	-3.4541	0.536116	4.69023	-1.37138	1.40822	0.418766	
0.00192 0.303632	-0.0250993	0.642542	0.290595	-0.0225877	0.588738	0.303632	-0.0250993	0.642542	0.290476	-0.0229509	0.588825	4.58838	-4.18874	-0.98722	-0.388574	-0.555462	-0.0860815	-3.13045	0.247927	4.60041	-1.40794	1.36838	0.420289	
0.00464 0.303632	-0.0250993	0.642542	0.290602	-0.0225819	0.588706	0.303632	-0.0250993	0.642542	0.290483	-0.0229454	0.588792	4.25881	-3.90501	-0.892569	-0.351836	-0.514862	-0.0876955	-2.80123	-0.0383821	4.50773	-1.44465	1.32781	0.421966	
0.00456 0.303632	-0.0250993	0.642542	0.29061	-0.022582	0.588673	0.303632	-0.0250993	0.642542	0.29049	-0.0229457	0.58876	3.92776	-3.61613	-0.799806	-0.31433	-0.47417	-0.0896337	-2.47052	-0.32951	4.4173	-1.48213	1.28715	0.42398	
0.00253 0.303632	-0.0250993	0.642542	0.290617	-0.0225747	0.588642	0.303632	-0.0250993	0.642542	0.290497	-0.0229386	0.588729	3.59967	-3.32356	-0.710355	-0.276366	-0.433922	-0.0918363	-2.14289	-0.624679	4.32957	-1.52007	1.24694	0.426244	
0.00421 0.303632	-0.0250993	0.642542	0.290623	-0.0225708	0.588615	0.303632	-0.0250993	0.642542	0.290503	-0.0229348	0.588702	3.27536	-3.0323	-0.623857	-0.238561	-0.394231	-0.0942128	-1.81887	-0.918018	4.24478	-1.55785	1.20727	0.428673	
0.00634 0.303632	-0.0250993	0.642542	0.290627	-0.0225655	0.588589	0.303632	-0.0250993	0.642542	0.290507	-0.0229296	0.588677	2.95478	-2.73751	-0.538562	-0.20037	-0.355074	-0.0968279	-1.4985	-1.21489	4.16098	-1.59603	1.16813	0.431335	
0.00252 0.303632	-0.0250993	0.642542	0.290632	-0.022561	0.588566	0.303632	-0.0250993	0.642542	0.290512	-0.0229253	0.588653	2.63547	-2.43107	-0.454395	-0.160921	-0.316201	-0.0997558	-1.17948	-1.52322	4.07817	-1.63546	1.12928	0.434312	
0.00122 0.303632	-0.0250993	0.642542	0.290635	-0.0225593	0.588548	0.303632	-0.0250993	0.642542	0.290515	-0.0229237	0.588635	2.31291	-2.1068	-0.374303	-0.119644	-0.277234	-0.102969	-0.857034	-1.84891	3.99925	-1.67672	1.09034	0.437564	
0.00102 0.303632	-0.0250993	0.642542	0.290638	-0.0225534	0.58853	0.303632	-0.0250993	0.642542	0.290517	-0.0229179	0.588617	1.97886	-1.76058	-0.299988	-0.0761994	-0.237318	-0.106279	-0.523068	-2.1967	3.92586	-1.72015	1.05044	0.440904	
0.00103 0.303632	-0.0250993	0.642542	0.29064	-0.0225479	0.588514	0.303632	-0.0250993	0.642542	0.290519	-0.0229126	0.588602	1.62156	-1.39509	-0.231063	-0.030931	-0.195135	-0.109394	-0.165904	-2.56366	3.85772	-1.7654	1.00827	0.444043	
0.00099 0.303632	-0.0250993	0.642542	0.290643	-0.022543	0.5885	0.303632	-0.0250993	0.642542	0.290522	-0.0229078	0.588588	1.24221	-1.02187	-0.169662	0.0147854	-0.150899	-0.112131	0.213294	-2.93819	3.79702	-1.81111	0.964056	0.446808	
0.00102 0.303632	-0.0250993	0.642542	0.290643	-0.0225391	0.588491	0.303632	-0.0250993	0.642542	0.290522	-0.0229039	0.58858	0.849665	-0.648959	-0.121316	0.0599328	-0.105795	-0.114498	0.605828	-3.3119	3.74902	-1.85625	0.918966	0.449183	
0.00388 0.303632	-0.0250993	0.642542	0.290642	-0.0225342	0.588483	0.303632	-0.0250993	0.642542	0.290522	-0.0228991	0.588571	0.442278	-0.271929	-0.0858043	0.105006	-0.0596189	-0.116541	1.01327	-3.68991	3.71378	-1.90131	0.872804	0.45124	
0.00437 0.303632	-0.0250993	0.642542	0.290642	-0.0225289	0.588477	0.303632	-0.0250993	0.642542	0.290522	-0.0228939	0.588566	0.0195467	0.111302	-0.0553464	0.150415	-0.0120223	-0.118338	1.43602	-4.07386	3.68344	-1.94671	0.825218	0.45304	
0.00204 0.303632	-0.0250993	0.642542	0.290642	-0.0225228	0.588473	0.303632	-0.0250993	0.642542	0.290521	-0.0228879	0.588562	-0.40956	0.493612	-0.0266831	0.195501	0.0361048	-0.120005	1.86509	-4.45689	3.65469	-1.99179	0.777102	0.454704	
0.00653 0.303632	-0.0250993	0.642542	0.290637	-0.0225151	0.588473	0.303632	-0.0250993	0.642542	0.290517	-0.0228802	0.588562	-1.25389	1.23449	0.027416	0.28248	0.13053	-0.123042	2.70971	-5.19835	3.60006	-2.07877	0.682689	0.457729	
0.00298 0.303632	-0.0250993	0.642542	0.290634	-0.0225093	0.588474	0.303632	-0.0250993	0.642542	0.290514	-0.0228744	0.588563	-1.66486	1.59588	0.0556477	0.32478	0.176542	-0.124358	3.12088	-5.56007	3.57138	-2.12107	0.636685	0.459033	
0.00543 0.303632	-0.0250993	0.642542	0.290631	-0.0225028	0.588481	0.303632	-0.0250993	0.642542	0.290511	-0.0228679	0.588571	-2.0695	1.95148	0.084465	0.366426	0.221846	-0.125567	3.52565	-5.91558	3.54163	-2.16272	0.591382	0.460212	
0.00407 0.303632	-0.0250993	0.642542	0.290627	-0.0224989	0.588487	0.303632	-0.0250993	0.642542	0.290508	-0.0228641	0.588578	-2.4647	2.29802	0.113656	0.40712	0.266085	-0.126751	3.92105	-6.26199	3.51176	-2.20342	0.547145	0.461373	
0.00522 0.303632	-0.0250993	0.642542	0.290622	-0.0224936	0.588495	0.303632	-0.0250993	0.642542	0.290503	-0.0228588	0.588586	-2.84531	2.63291	0.144676	0.446596	0.30876	-0.127949	4.30197	-6.59669	3.47986	-2.2429	0.504472	0.462538	
0.00448 0.303632	-0.0250993	0.642542	0.290616	-0.0224884	0.588507	0.303632	-0.0250993	0.642542	0.290497	-0.0228536	0.588598	-3.21379	2.95871	0.178097	0.48513	0.350188	-0.129141	4.67078	-6.92209	3.44522	-2.28144	0.463042	0.463697	
0.00188 0.303632	-0.0250993	0.642542	0.290611	-0.0224829	0.588517	0.303632	-0.0250993	0.642542	0.290492	-0.0228481	0.588608	-3.57699	3.28222	0.210629	0.523418	0.391	-0.13034	5.03433	-7.24531	3.41164	-2.31974	0.422228	0.464862	
0.00162 0.303632	-0.0250993	0.642542	0.290605	-0.0224779	0.58853	0.303632	-0.0250993	0.642542	0.290486	-0.0228431	0.588621	-3.93766	3.60775	0.239532	0.561902	0.431371	-0.131586	5.3953	-7.57032	3.38154	-2.35823	0.381858	0.466066	
0.00279 0.303632	-0.0250993	0.642542	0.290598	-0.0224727	0.588548	0.303632	-0.0250993	0.642542	0.290479	-0.0228379	0.58864	-4.29813	3.93364	0.264816	0.600338	0.471558	-0.132777	5.75614	-7.8954	3.3546	-2.39667	0.341666	0.467208	
0.00129 0.303632	-0.0250993	0.642542	0.29059	-0.0224679	0.588564	0.303632	-0.0250993	0.642542	0.290472	-0.022833	0.588656	-4.65456	4.25196	0.286288	0.637736	0.511153	-0.133773	6.11308	-8.21297	3.33169	-2.43408	0.302062	0.468157	
0.00102 0.303632	-0.0250993	0.642542	0.290581	-0.0224613	0.588584	0.303632	-0.0250993	0.642542	0.290464	-0.0228264	0.588677	-4.99938	4.55909	0.302256	0.673663	0.549182	-0.134703	6.45839	-8.5192	3.31384	-2.47002	0.264028	0.469028	
0.00101 0.303632	-0.0250993	0.642542	0.290573	-0.0224555	0.588603	0.303632	-0.0250993	0.642542	0.290457	-0.0228206	0.588697	-5.32598	4.85196	0.314444	0.707833	0.584888	-0.135701	6.78537	-8.81118	3.29993	-2.50421	0.228318	0.469971	
0.001 0.303632	-0.0250993	0.642542	0.290564	-0.0224521	0.588625	0.303632	-0.0250993	0.642542	0.290447	-0.0228171	0.588719	-5.62206	5.12075	0.326517	0.739122	0.617041	-0.136718	7.08204	-9.0788	3.28605	-2.53551	0.196159	0.47093	
0.00233 0.303632	-0.0250993	0.642542	0.290555	-0.0224452	0.588648	0.303632	-0.0250993	0.642542	0.290439	-0.0228102	0.588743	-5.88629	5.36577	0.334345	0.767405	0.645325	-0.137728	7.3467	-9.3227	3.27611	-2.56381	0.167868	0.471873	
0.00478 0.303632	-0.0250993	0.642542	0.290547	-0.0224401	0.588671	0.303632	-0.0250993	0.642542	0.290431	-0.0228051	0.588765	-6.12931	5.59557	0.332931	0.793555	0.670678	-0.138783	7.59021	-9.55135	3.27562	-2.58997	0.142504	0.472867	
0.00467 0.303632	-0.0250993	0.642542	0.290536	-0.0224353	0.588695	0.303632	-0.0250993	0.642542	0.290421	-0.0228003	0.588791	-6.35603	5.81518	0.324594	0.818181	0.693695	-0.139929	7.81754	-9.76968	3.28186	-2.61462	0.119477	0.473947	
0.0033 0.303632	-0.0250993	0.642542	0.290527	-0.0224305	0.588721	0.303632	-0.0250993	0.642542	0.290413	-0.0227955	0.588817	-6.56951	6.02803	0.313191	0.841691	0.714886	-0.141102	8.03149	-9.98112	3.29116	-2.63814	0.0982783	0.475049	
0.00326 0.303632	-0.0250993	0.642542	0.290518	-0.022425	0.588747	0.303632	-0.0250993	0.642542	0.290405	-0.0227898	0.588843	-6.76718	6.22587	0.302468	0.863214	0.734128	-0.142173	8.22958	-10.1776	3.29967	-2.65968	0.0790284	0.476053	
0.00197 0.303632	-0.0250993	0.642542	0.290508	-0.022417	0.588776	0.303632	-0.0250993	0.642542	0.290394	-0.0227818	0.588873	-6.94768	6.39563	0.29442	0.88131	0.751369	-0.142941	8.4106	-10.346	3.30509	-2.6778	0.0617817	0.47674	
0.00162 0.303632	-0.0250993	0.642542	0.290497	-0.0224122	0.588806	0.303632	-0.0250993	0.642542	0.290385	-0.0227769	0.588903	-7.12137	6.5409	0.283579	0.896241	0.767607	-0.143221	8.58487	-10.4896	3.31354	-2.69275	0.0455318	0.47694	
0.00132 0.303632	-0.0250993	0.642542	0.290488	-0.0224072	0.588835	0.303632	-0.0250993	0.642542	0.290376	-0.0227718	0.588933	-7.2924	6.67236	0.262576	0.909034	0.783087	-0.143011	8.75636	-10.6194	3.3321	-2.70556	0.0300435	0.476652	
0.00289 0.303632	-0.0250993	0.642542	0.290479	-0.0224028	0.588865	0.303632	-0.0250993	0.642542	0.290368	-0.0227674	0.588964	-7.45205	6.79308	0.228651	0.920044	0.796761	-0.142557	8.91638	-10.7384	3.36361	-2.71659	0.0163561	0.476123	
0.00346 0.303632	-0.0250993	0.642542	0.29047	-0.0223957	0.588896	0.303632	-0.0250993	0.642542	0.290359	-0.0227602	0.588995	-7.59393	6.89867	0.186086	0.928979	0.808081	-0.142049	9.05866	-10.8424	3.40351	-2.72554	0.00502793	0.475534	
0.00495 0.303632	-0.0250993	0.642542	0.290461	-0.02239	0.588929	0.303632	-0.0250993	0.642542	0.290351	-0.0227544	0.589029	-7.71936	6.98443	0.144667	0.935568	0.817599	-0.141422	9.1845	-10.9264	3.44223	-2.73215	-0.00450573	0.474824	
0.00327 0.303632	-0.0250993	0.642542	0.290452	-0.0223852	0.588963	0.303632	-0.0250993	0.642542	0.290343	-0.0227495	0.589063	-7.82626	7.04934	0.111817	0.939891	0.825416	-0.140662	9.29171	-10.9894	3.47237	-2.7365	-0.0123308	0.473982	
0.00462 0.303632	-0.0250993	0.642542	0.290444	-0.0223803	0.588995	0.303632	-0.0250993	0.642542	0.290335	-0.0227446	0.589095	-7.90442	7.09087	0.0922022	0.941798	0.830624	-0.139855	9.3702	-11.0291	3.48941	-2.73842	-0.0175527	0.473094	
0.00264 0.303632	-0.0250993	0.642542	0.290438	-0.0223754	0.589026	0.303632	-0.0250993	0.642542	0.29033	-0.0227396	0.589126	-7.94571	7.10407	0.0858814	0.9407	0.832419	-0.13889	9.41156	-11.0405	3.49328	-2.73734	-0.0193535	0.472055	
0.0013 0.303632	-0.0250993	0.642542	0.29043	-0.0223679	0.589059	0.303632	-0.0250993	0.642542	0.290323	-0.022732	0.58916	-7.95095	7.09038	0.0894033	0.936652	0.830833	-0.137662	9.41705	-11.0251	3.48694	-2.73331	-0.0177773	0.470743	
0.00107 0.303632	-0.0250993	0.642542	0.290424	-0.022364	0.58909	0.303632	-0.0250993	0.642542	0.290317	-0.022728	0.589192	-7.92567	7.05561	0.0997131	0.930374	0.826321	-0.136345	9.39196	-10.9885	3.47419	-2.72706	-0.0132772	0.469352	
0.00104 0.303632	-0.0250993	0.642542	0.290419	-0.0223571	0.589124	0.303632	-0.0250993	0.642542	0.290313	-0.022721	0.589226	-7.87125	7.00035	0.110759	0.921904	0.818789	-0.135035	9.33749	-10.9315	3.46032	-2.71861	-0.00575338	0.467961	
0.00133 0.303632	-0.0250993	0.642542	0.290415	-0.0223504	0.589157	0.303632	-0.0250993	0.642542	0.290309	-0.0227141	0.58926	-7.78979	6.92414	0.118786	0.91106	0.808389	-0.133599	9.25591	-10.8535	3.44957	-2.70778	0.00464085	0.466443	
0.00118 0.303632	-0.0250993	0.642542	0.29041	-0.0223458	0.58919	0.303632	-0.0250993	0.642542	0.290305	-0.0227095	0.589293	-7.68641	6.82726	0.126787	0.897895	0.79584	-0.131907	9.15248	-10.7547	3.43893	-2.69463	0.0171819	0.464676	
0.00216 0.303632	-0.0250993	0.642542	0.290408	-0.0223396	0.589221	0.303632	-0.0250993	0.642542	0.290304	-0.0227032	0.589325	-7.56307	6.70729	0.134666	0.882203	0.781299	-0.130017	9.02884	-10.633	3.42854	-2.67895	0.0317206	0.462711	
0.00512 0.303632	-0.0250993	0.642542	0.290406	-0.022333	0.589256	0.303632	-0.0250993	0.642542	0.290303	-0.0226964	0.589361	-7.42564	6.56804	0.137704	0.864384	0.765189	-0.128007	8.89107	-10.4918	3.4226	-2.66115	0.0478215	0.460622	
0.00219 0.303632	-0.0250993	0.642542	0.290406	-0.0223254	0.589288	0.303632	-0.0250993	0.642542	0.290303	-0.0226888	0.589393	-7.28298	6.42026	0.135391	0.84569	0.748436	-0.126014	8.74798	-10.3424	3.42222	-2.64247	0.0645724	0.458558	
0.00516 0.303632	-0.0250993	0.642542	0.290407	-0.0223204	0.589321	0.303632	-0.0250993	0.642542	0.290305	-0.0226837	0.589426	-7.12976	6.26921	0.132225	0.826791	0.730602	-0.1242	8.59413	-10.1894	3.42282	-2.62359	0.0824007	0.456669	
0.0027 0.303632	-0.0250993	0.642542	0.290409	-0.0223127	0.589352	0.303632	-0.0250993	0.642542	0.290307	-0.0226759	0.589458	-6.95621	6.11079	0.130617	0.807149	0.710752	-0.122485	8.41991	-10.0294	3.42177	-2.60396	0.102251	0.454887	
0.00437 0.303632	-0.0250993	0.642542	0.290413	-0.0223065	0.589382	0.303632	-0.0250993	0.642542	0.290312	-0.0226695	0.589488	-6.75747	5.9314	0.130559	0.785177	0.688327	-0.120706	8.22032	-9.84839	3.41938	-2.582	0.124674	0.453045	
0.00217 0.303632	-0.0250993	0.642542	0.290418	-0.0222999	0.58941	0.303632	-0.0250993	0.642542	0.290317	-0.0226629	0.589517	-6.52791	5.71764	0.134129	0.7594	0.662727	-0.11878	7.98984	-9.63316	3.41349	-2.55623	0.150277	0.451063	
0.00365 0.303632	-0.0250993	0.642542	0.290424	-0.0222923	0.589441	0.303632	-0.0250993	0.642542	0.290324	-0.0226552	0.589548	-6.27424	5.47445	0.141409	0.730363	0.634644	-0.116728	7.73508	-9.38837	3.40358	-2.52721	0.17836	0.448948	
0.00518 0.303632	-0.0250993	0.642542	0.290433	-0.0222847	0.589468	0.303632	-0.0250993	0.642542	0.290333	-0.0226476	0.589575	-6.01166	5.21494	0.152873	0.699472	0.605795	-0.114443	7.47129	-9.12754	3.3899	-2.49633	0.207215	0.446606	
0.00433 0.303632	-0.0250993	0.642542	0.290441	-0.0222792	0.589495	0.303632	-0.0250993	0.642542	0.290341	-0.0226419	0.589603	-5.74778	4.94717	0.167988	0.667531	0.577016	-0.111784	7.20621	-8.85827	3.3726	-2.46439	0.235998	0.443897	
0.00288 0.303632	-0.0250993	0.642542	0.290451	-0.022271	0.589522	0.303632	-0.0250993	0.642542	0.290352	-0.0226336	0.58963	-5.4831	4.67827	0.179509	0.63522	0.548043	-0.108897	6.94011	-8.58806	3.35874	-2.43209	0.264981	0.440959	
0.00141 0.303632	-0.0250993	0.642542	0.290462	-0.0222647	0.589551	0.303632	-0.0250993	0.642542	0.290364	-0.0226272	0.589659	-5.2169	4.41436	0.180567	0.603061	0.518517	-0.105881	6.67238	-8.3226	3.35535	-2.39993	0.294511	0.437894	
0.00099 0.303632	-0.0250993	0.642542	0.290474	-0.0222582	0.589576	0.303632	-0.0250993	0.642542	0.290376	-0.0226206	0.589685	-4.94936	4.15788	0.171642	0.571337	0.488448	-0.102811	6.40331	-8.06477	3.36219	-2.36821	0.324591	0.434776	
0.00102 0.303632	-0.0250993	0.642542	0.290487	-0.022251	0.589604	0.303632	-0.0250993	0.642542	0.29039	-0.0226133	0.589713	-4.67951	3.90696	0.157091	0.540002	0.457827	-0.0998297	6.13168	-7.81241	3.37443	-2.33688	0.355221	0.431747	
0.00095 0.303632	-0.0250993	0.642542	0.290503	-0.0222429	0.589629	0.303632	-0.0250993	0.642542	0.290406	-0.0226051	0.589738	-4.4042	3.65623	0.138796	0.508533	0.426355	-0.0969994	5.85441	-7.56051	3.39057	-2.30542	0.386706	0.428878	
0.00096 0.303632	-0.0250993	0.642542	0.290517	-0.0222359	0.589657	0.303632	-0.0250993	0.642542	0.290421	-0.022598	0.589767	-4.12185	3.40187	0.117832	0.476576	0.393875	-0.0943533	5.57028	-7.30465	3.40927	-2.27346	0.419197	0.426182	
0.00332 0.303632	-0.0250993	0.642542	0.290534	-0.0222288	0.589682	0.303632	-0.0250993	0.642542	0.290438	-0.0225908	0.589792	-3.83068	3.14207	0.0970059	0.444003	0.360299	-0.0918885	5.27706	-7.04357	3.42797	-2.24089	0.452786	0.423683	
0.00384 0.303632	-0.0250993	0.642542	0.290554	-0.0222194	0.589704	0.303632	-0.0250993	0.642542	0.290458	-0.0225813	0.589815	-3.52342	2.86793	0.0795315	0.409906	0.32494	-0.0895899	4.96753	-6.76848	3.44347	-2.20679	0.488162	0.421347	
0.00193 0.303632	-0.0250993	0.642542	0.290574	-0.0222139	0.589725	0.303632	-0.0250993	0.642542	0.290479	-0.0225757	0.589836	-3.19262	2.57202	0.0689011	0.373479	0.287173	-0.0873388	4.63441	-6.47148	3.45243	-2.17036	0.525945	0.419075	
0.00157 0.303632	-0.0250993	0.642542	0.290595	-0.022205	0.589749	0.303632	-0.0250993	0.642542	0.2905	-0.0225667	0.589859	-2.84234	2.26059	0.0645161	0.33535	0.247488	-0.0850276	4.28171	-6.15899	3.45477	-2.13223	0.565649	0.41673	
0.00152 0.303632	-0.0250993	0.642542	0.290618	-0.022197	0.589769	0.303632	-0.0250993	0.642542	0.290524	-0.0225586	0.589879	-2.48951	1.94417	0.0615833	0.296698	0.207555	-0.0827008	3.92626	-5.84169	3.45594	-2.09357	0.605603	0.414383	
0.00287 0.303632	-0.0250993	0.642542	0.290643	-0.0221913	0.58979	0.303632	-0.0250993	0.642542	0.290548	-0.0225528	0.589901	-2.1468	1.62675	0.0571729	0.258004	0.168643	-0.0803434	3.58087	-5.5231	3.45867	-2.05488	0.644533	0.412002	
0.00279 0.303632	-0.0250993	0.642542	0.290669	-0.022184	0.589815	0.303632	-0.0250993	0.642542	0.290575	-0.0225454	0.589926	-1.81643	1.31045	0.050121	0.219453	0.131021	-0.0778404	3.24758	-5.2055	3.46374	-2.01632	0.682172	0.409471	
0.00203 0.303632	-0.0250993	0.642542	0.290695	-0.0221748	0.589836	0.303632	-0.0250993	0.642542	0.290601	-0.022536	0.589947	-1.49821	0.999619	0.0405317	0.181532	0.0947129	-0.0752215	2.92646	-4.8938	3.47146	-1.97839	0.718505	0.406832	
0.00152 0.303632	-0.0250993	0.642542	0.290724	-0.0221679	0.589854	0.303632	-0.0250993	0.642542	0.290631	-0.0225291	0.589965	-1.1885	0.697776	0.0344713	0.144813	0.0595267	-0.0726897	2.6136	-4.59107	3.47603	-1.94167	0.753713	0.404289	
0.00161 0.303632	-0.0250993	0.642542	0.290754	-0.022159	0.58987	0.303632	-0.0250993	0.642542	0.29066	-0.02252	0.589982	-0.880523	0.404355	0.0380375	0.109426	0.0249148	-0.0704438	2.30248	-4.29704	3.47097	-1.90627	0.788351	0.402035	
0.00155 0.303632	-0.0250993	0.642542	0.290785	-0.0221501	0.589885	0.303632	-0.0250993	0.642542	0.290692	-0.022511	0.589996	-0.571216	0.115117	0.0531656	0.0750362	-0.00945141	-0.0686333	1.98981	-4.00731	3.45444	-1.87187	0.822747	0.400224	
0.00443 0.303632	-0.0250993	0.642542	0.290818	-0.0221443	0.589902	0.303632	-0.0250993	0.642542	0.290725	-0.0225051	0.590014	-0.261274	-0.171135	0.0775524	0.0415292	-0.0436255	-0.0673373	1.67643	-3.72014	3.4287	-1.83835	0.856945	0.398924	
0.00258 0.303632	-0.0250993	0.642542	0.290852	-0.0221349	0.589918	0.303632	-0.0250993	0.642542	0.290759	-0.0224956	0.590029	0.0440422	-0.450558	0.105468	0.00913881	-0.0771901	-0.0663967	1.36756	-3.44018	3.39937	-1.80595	0.890538	0.397981	
0.00481 0.303632	-0.0250993	0.642542	0.290888	-0.022126	0.589933	0.303632	-0.0250993	0.642542	0.290795	-0.0224866	0.590045	0.33793	-0.721472	0.131817	-0.0221387	-0.109533	-0.0656033	1.06987	-3.16866	3.37162	-1.77466	0.922907	0.397188	
0.00474 0.303632	-0.0250993	0.642542	0.290924	-0.022119	0.589948	0.303632	-0.0250993	0.642542	0.290831	-0.0224795	0.590059	0.620991	-0.98248	0.15111	-0.0522595	-0.140929	-0.0649896	0.783093	-2.90702	3.35113	-1.74452	0.954332	0.39658	
0.00207 0.303632	-0.0250993	0.642542	0.290964	-0.0221118	0.589959	0.303632	-0.0250993	0.642542	0.290871	-0.0224723	0.590071	0.898845	-1.232	0.162864	-0.0810753	-0.172019	-0.0646412	0.501193	-2.65706	3.3384	-1.71569	0.985453	0.396248	
0.00154 0.303632	-0.0250993	0.642542	0.291003	-0.0221041	0.58997	0.303632	-0.0250993	0.642542	0.290911	-0.0224645	0.590082	1.17673	-1.47117	0.1756	-0.10855	-0.203079	-0.0646008	0.219267	-2.4175	3.32465	-1.6882	1.01655	0.396223	
0.00303 0.303632	-0.0250993	0.642542	0.291045	-0.0220947	0.58998	0.303632	-0.0250993	0.642542	0.290952	-0.022455	0.590092	1.45161	-1.69845	0.196236	-0.134268	-0.2336	-0.0650103	-0.0598757	-2.18999	3.30305	-1.66246	1.0471	0.396647	
0.00191 0.303632	-0.0250993	0.642542	0.291088	-0.0220841	0.589988	0.303632	-0.0250993	0.642542	0.290995	-0.0224443	0.5901	1.71003	-1.91431	0.220943	-0.158215	-0.262358	-0.0659256	-0.322635	-1.97412	3.27744	-1.63849	1.0759	0.397582	
0.00521 0.303632	-0.0250993	0.642542	0.29113	-0.022077	0.590002	0.303632	-0.0250993	0.642542	0.291037	-0.0224372	0.590113	1.94072	-2.11965	0.241124	-0.18065	-0.288458	-0.0672394	-0.557628	-1.76821	3.25613	-1.61604	1.10203	0.398912	
0.00271 0.303632	-0.0250993	0.642542	0.291174	-0.0220695	0.590008	0.303632	-0.0250993	0.642542	0.291082	-0.0224296	0.59012	2.14317	-2.30742	0.251972	-0.200997	-0.311878	-0.068836	-0.764552	-1.58028	3.24467	-1.59567	1.12549	0.400536	
0.002 0.303632	-0.0250993	0.642542	0.291219	-0.0220568	0.590019	0.303632	-0.0250993	0.642542	0.291126	-0.0224168	0.590131	2.32392	-2.48044	0.254766	-0.219646	-0.333135	-0.070561	-0.949891	-1.40718	3.24064	-1.577	1.14678	0.402275	
0.00169 0.303632	-0.0250993	0.642542	0.291265	-0.0220493	0.590026	0.303632	-0.0250993	0.642542	0.291172	-0.0224093	0.590137	2.49472	-2.65171	0.255287	-0.237951	-0.353404	-0.0724777	-1.12525	-1.23577	3.23951	-1.55868	1.16709	0.404222	
0.00528 0.303632	-0.0250993	0.642542	0.291312	-0.0220392	0.590034	0.303632	-0.0250993	0.642542	0.291219	-0.0223991	0.590145	2.67022	-2.82352	0.260957	-0.256018	-0.374176	-0.0749003	-1.30556	-1.06396	3.233	-1.54058	1.1879	0.406674	
0.00494 0.303632	-0.0250993	0.642542	0.29136	-0.022029	0.590039	0.303632	-0.0250993	0.642542	0.291267	-0.0223888	0.59015	2.85216	-2.99094	0.275729	-0.273271	-0.395518	-0.0778805	-1.49225	-0.896684	3.21757	-1.52331	1.20928	0.409688	
0.00268 0.303632	-0.0250993	0.642542	0.291406	-0.0220206	0.590046	0.303632	-0.0250993	0.642542	0.291314	-0.0223804	0.590157	3.02931	-3.14992	0.295789	-0.289435	-0.416293	-0.0811456	-1.6741	-0.737591	3.1968	-1.50712	1.2301	0.412982	
0.00201 0.303632	-0.0250993	0.642542	0.291455	-0.0220122	0.590053	0.303632	-0.0250993	0.642542	0.291363	-0.0223719	0.590163	3.19806	-3.30085	0.314601	-0.304782	-0.436273	-0.0844636	-1.84776	-0.586578	3.17733	-1.49175	1.25012	0.416336	
0.00147 0.303632	-0.0250993	0.642542	0.291505	-0.0220016	0.590058	0.303632	-0.0250993	0.642542	0.291412	-0.0223612	0.590169	3.36413	-3.44898	0.330076	-0.319976	-0.456111	-0.0877398	-2.0188	-0.438567	3.16119	-1.47653	1.26999	0.419644	
0.00464 0.303632	-0.0250993	0.642542	0.291555	-0.0219904	0.590067	0.303632	-0.0250993	0.642542	0.291462	-0.0223499	0.590177	3.5218	-3.5937	0.342534	-0.334935	-0.475123	-0.090853	-2.18149	-0.293843	3.14779	-1.46155	1.28905	0.422787	
0.00234 0.303632	-0.0250993	0.642542	0.291605	-0.0219805	0.590072	0.303632	-0.0250993	0.642542	0.291512	-0.02234	0.590182	3.65188	-3.72359	0.353589	-0.348302	-0.49111	-0.0936978	-2.31659	-0.164011	3.13612	-1.44816	1.30507	0.425665	
0.00193 0.303632	-0.0250993	0.642542	0.291655	-0.0219712	0.590079	0.303632	-0.0250993	0.642542	0.291562	-0.0223306	0.590189	3.74192	-3.8249	0.366745	-0.358352	-0.502564	-0.0963653	-2.41163	-0.0626314	3.1223	-1.43808	1.31657	0.428358	
0.00108 0.303632	-0.0250993	0.642542	0.291707	-0.0219603	0.590083	0.303632	-0.0250993	0.642542	0.291614	-0.0223197	0.590193	3.79195	-3.89116	0.38439	-0.364286	-0.509372	-0.098953	-2.46683	0.00338031	3.10404	-1.43212	1.32342	0.43099	
0.00461 0.303632	-0.0250993	0.642542	0.291757	-0.0219511	0.590092	0.303632	-0.0250993	0.642542	0.291664	-0.0223104	0.590202	3.80643	-3.92546	0.405982	-0.366469	-0.511994	-0.101441	-2.48639	0.0378962	3.08158	-1.42991	1.32608	0.433507	
0.00382 0.303632	-0.0250993	0.642542	0.291811	-0.0219395	0.590097	0.303632	-0.0250993	0.642542	0.291717	-0.0222987	0.590207	3.79318	-3.93667	0.427721	-0.366015	-0.511404	-0.103748	-2.47851	0.0488936	3.05916	-1.43034	1.32553	0.435852	
0.00339 0.303632	-0.0250993	0.642542	0.291865	-0.0219319	0.590106	0.303632	-0.0250993	0.642542	0.291771	-0.022291	0.590215	3.76496	-3.93269	0.447481	-0.363842	-0.509079	-0.105941	-2.45564	0.0452119	3.03876	-1.43249	1.32325	0.438081	
0.00262 0.303632	-0.0250993	0.642542	0.291919	-0.0219189	0.590109	0.303632	-0.0250993	0.642542	0.291826	-0.0222779	0.590218	3.73026	-3.9158	0.466014	-0.360138	-0.505949	-0.108211	-2.4264	0.027934	3.01953	-1.43617	1.32016	0.440388	
0.00213 0.303632	-0.0250993	0.642542	0.291974	-0.021909	0.590113	0.303632	-0.0250993	0.642542	0.29188	-0.0222681	0.590221	3.68942	-3.8879	0.489372	-0.354969	-0.501842	-0.11062	-2.39097	-0.000155584	2.99573	-1.44131	1.3161	0.442843	
0.00486 0.303632	-0.0250993	0.642542	0.29203	-0.0218982	0.590116	0.303632	-0.0250993	0.642542	0.291936	-0.0222572	0.590225	3.6419	-3.85118	0.524259	-0.348439	-0.496455	-0.113134	-2.349	-0.0371205	2.96033	-1.44781	1.31076	0.4454	
0.00294 0.303632	-0.0250993	0.642542	0.292084	-0.0218895	0.590122	0.303632	-0.0250993	0.642542	0.29199	-0.0222485	0.59023	3.58675	-3.80422	0.569599	-0.340428	-0.489713	-0.115729	-2.2993	-0.0840615	2.91441	-1.45579	1.30406	0.448036	
0.00505 0.303632	-0.0250993	0.642542	0.29214	-0.0218783	0.59013	0.303632	-0.0250993	0.642542	0.292046	-0.0222372	0.590238	3.52157	-3.74455	0.621505	-0.330794	-0.481468	-0.118299	-2.23972	-0.143673	2.86168	-1.4654	1.29586	0.450638	
0.00318 0.303632	-0.0250993	0.642542	0.292197	-0.0218681	0.590136	0.303632	-0.0250993	0.642542	0.292103	-0.0222269	0.590243	3.44806	-3.67442	0.677859	-0.319857	-0.471997	-0.120766	-2.17189	-0.213903	2.80471	-1.47631	1.28643	0.453153	
0.01574 0.303632	-0.0250993	0.642542	0.292253	-0.0218561	0.590141	0.303632	-0.0250993	0.642542	0.292159	-0.0222149	0.590248	3.36882	-3.60204	0.740202	-0.308489	-0.461566	-0.123084	-2.09822	-0.286477	2.74168	-1.48765	1.27605	0.455508	
0.00283 0.303632	-0.0250993	0.642542	0.292311	-0.0218471	0.590145	0.303632	-0.0250993	0.642542	0.292216	-0.0222059	0.590252	3.28351	-3.5322	0.810833	-0.297202	-0.450095	-0.125218	-2.01861	-0.356451	2.67064	-1.49891	1.26462	0.457693	
0.00147 0.303632	-0.0250993	0.642542	0.292367	-0.0218349	0.590148	0.303632	-0.0250993	0.642542	0.292272	-0.0221938	0.590255	3.19354	-3.46053	0.884948	-0.285624	-0.437935	-0.127256	-1.93423	-0.428423	2.59598	-1.51046	1.25251	0.45977	
0.00117 0.303632	-0.0250993	0.642542	0.292422	-0.0218259	0.590153	0.303632	-0.0250993	0.642542	0.292327	-0.0221847	0.59026	3.09715	-3.37873	0.956648	-0.272978	-0.42511	-0.129268	-1.8433	-0.510253	2.52373	-1.52307	1.23973	0.461824	
0.00112 0.303632	-0.0250993	0.642542	0.292476	-0.0218148	0.590164	0.303632	-0.0250993	0.642542	0.292382	-0.0221735	0.59027	2.99292	-3.28311	1.0222	-0.258956	-0.411581	-0.131236	-1.74461	-0.605662	2.45716	-1.53707	1.22624	0.463821	
0.00104 0.303632	-0.0250993	0.642542	0.292532	-0.0218043	0.59017	0.303632	-0.0250993	0.642542	0.292438	-0.022163	0.590276	2.88059	-3.17703	1.07792	-0.244017	-0.397457	-0.133097	-1.63786	-0.711814	2.40083	-1.55198	1.21216	0.465721	
0.00102 0.303632	-0.0250993	0.642542	0.292588	-0.0217933	0.590176	0.303632	-0.0250993	0.642542	0.292493	-0.022152	0.590282	2.75698	-3.06462	1.12979	-0.228486	-0.382187	-0.134792	-1.5198	-0.824313	2.34822	-1.56749	1.19694	0.467457	
0.00411 0.303632	-0.0250993	0.642542	0.292642	-0.0217833	0.590182	0.303632	-0.0250993	0.642542	0.292547	-0.022142	0.590288	2.62507	-2.94791	1.18758	-0.212374	-0.365767	-0.136397	-1.39331	-0.94104	2.2898	-1.58357	1.18057	0.469095	
0.00185 0.303632	-0.0250993	0.642542	0.292695	-0.0217737	0.590191	0.303632	-0.0250993	0.642542	0.292601	-0.0221324	0.590297	2.48375	-2.82203	1.24992	-0.195186	-0.34813	-0.137942	-1.25737	-1.06673	2.22661	-1.60073	1.16297	0.470674	
0.00254 0.303632	-0.0250993	0.642542	0.29275	-0.0217656	0.590199	0.303632	-0.0250993	0.642542	0.292656	-0.0221243	0.590304	2.32297	-2.67824	1.30778	-0.176194	-0.328458	-0.139306	-1.10207	-1.21031	2.16808	-1.6197	1.14334	0.472077	
0.00181 0.303632	-0.0250993	0.642542	0.292801	-0.0217529	0.59021	0.303632	-0.0250993	0.642542	0.292707	-0.0221115	0.590315	2.1379	-2.51778	1.35805	-0.155644	-0.306298	-0.140307	-0.922211	-1.37066	2.11663	-1.64023	1.12122	0.473099	
0.00452 0.303632	-0.0250993	0.642542	0.292854	-0.021743	0.590223	0.303632	-0.0250993	0.642542	0.292759	-0.0221016	0.590328	1.9278	-2.3458	1.40648	-0.133963	-0.281382	-0.140884	-0.717461	-1.54216	2.06706	-1.66189	1.09634	0.473698	
0.00385 0.303632	-0.0250993	0.642542	0.292905	-0.0217317	0.590232	0.303632	-0.0250993	0.642542	0.292811	-0.0220903	0.590336	1.69559	-2.16105	1.45997	-0.110814	-0.253803	-0.141206	-0.490447	-1.72688	2.01266	-1.68501	1.06881	0.474047	
0.005221 0.303632	-0.0250993	0.642542	0.292957	-0.0217222	0.590244	0.303632	-0.0250993	0.642542	0.292862	-0.0220808	0.590348	1.4492	-1.96245	1.52298	-0.0859942	-0.224265	-0.141412	-0.249315	-1.92509	1.94857	-1.70981	1.03931	0.474275	
0.00471 0.303632	-0.0250993	0.642542	0.293008	-0.0217131	0.590257	0.303632	-0.0250993	0.642542	0.292913	-0.0220716	0.590361	1.19409	-1.75298	1.59158	-0.0599669	-0.193504	-0.141492	0.000641851	-2.13405	1.87888	-1.73582	1.00858	0.474377	
0.00356 0.303632	-0.0250993	0.642542	0.293058	-0.0217037	0.590268	0.303632	-0.0250993	0.642542	0.292964	-0.0220623	0.590372	0.935232	-1.53412	1.65734	-0.0330982	-0.162374	-0.141448	0.254417	-2.3526	1.81212	-1.76266	0.977494	0.474358	
0.00516 0.303632	-0.0250993	0.642542	0.293109	-0.021692	0.590285	0.303632	-0.0250993	0.642542	0.293015	-0.0220505	0.590389	0.681265	-1.30678	1.71816	-0.00556765	-0.13189	-0.141331	0.503119	-2.57936	1.7498	-1.79017	0.947048	0.474252	
0.0021 0.303632	-0.0250993	0.642542	0.293159	-0.021683	0.5903	0.303632	-0.0250993	0.642542	0.293065	-0.0220414	0.590404	0.436491	-1.07487	1.77481	0.0222186	-0.102494	-0.141151	0.742816	-2.81062	1.69191	-1.81794	0.917687	0.474085	
0.00127 0.303632	-0.0250993	0.642542	0.293209	-0.0216728	0.590312	0.303632	-0.0250993	0.642542	0.293115	-0.0220312	0.590415	0.198368	-0.844883	1.8263	0.0495537	-0.0739618	-0.140864	0.975862	-3.04031	1.63929	-1.84525	0.889195	0.473825	
0.00106 0.303632	-0.0250993	0.642542	0.29326	-0.0216631	0.590325	0.303632	-0.0250993	0.642542	0.293166	-0.0220215	0.590428	-0.0331979	-0.625376	1.8704	0.0754726	-0.0463868	-0.14041	1.20221	-3.25934	1.59409	-1.87115	0.861659	0.473389	
0.00099 0.303632	-0.0250993	0.642542	0.293312	-0.0216547	0.590337	0.303632	-0.0250993	0.642542	0.293218	-0.0220132	0.590441	-0.249093	-0.423774	1.90625	0.0991479	-0.0208061	-0.139837	1.41286	-3.46044	1.55721	-1.8948	0.836118	0.472839	
0.00098 0.303632	-0.0250993	0.642542	0.293361	-0.021645	0.590351	0.303632	-0.0250993	0.642542	0.293268	-0.0220036	0.590454	-0.441885	-0.236666	1.93698	0.121007	0.00210465	-0.139259	1.60058	-3.64703	1.52529	-1.91664	0.813245	0.472278	
0.00099 0.303632	-0.0250993	0.642542	0.293411	-0.0216339	0.590367	0.303632	-0.0250993	0.642542	0.293317	-0.0219925	0.59047	-0.617947	-0.0543055	1.96368	0.1421	0.023153	-0.138599	1.77154	-3.82885	1.4971	-1.93771	0.792235	0.471634	
0.00101 0.303632	-0.0250993	0.642542	0.293461	-0.0216221	0.590383	0.303632	-0.0250993	0.642542	0.293367	-0.0219807	0.590486	-0.789371	0.12728	1.98805	0.162906	0.0437568	-0.1377	1.93782	-4.00992	1.47131	-1.9585	0.771669	0.47074	
0.025051 0.303632	-0.0250993	0.642542	0.29351	-0.0216142	0.590397	0.303632	-0.0250993	0.642542	0.293417	-0.0219728	0.5905	-0.963898	0.315306	2.01915	0.18444	0.0651027	-0.136581	2.10735	-4.19732	1.43913	-1.98002	0.750355	0.469642	
0.00348 0.303632	-0.0250993	0.642542	0.293558	-0.0216023	0.59041	0.303632	-0.0250993	0.642542	0.293466	-0.021961	0.590512	-1.1408	0.513893	2.06256	0.207329	0.0872945	-0.135384	2.27927	-4.39565	1.39442	-2.00289	0.728204	0.468462	
0.00548 0.303632	-0.0250993	0.642542	0.293608	-0.0215937	0.590424	0.303632	-0.0250993	0.642542	0.293516	-0.0219524	0.590527	-1.31684	0.714463	2.11641	0.230698	0.10984	-0.134207	2.45022	-4.59555	1.33938	-2.02624	0.705694	0.467298	
0.00273 0.303632	-0.0250993	0.642542	0.293657	-0.0215819	0.590439	0.303632	-0.0250993	0.642542	0.293565	-0.0219407	0.590542	-1.49207	0.910582	2.1797	0.253836	0.132699	-0.132977	2.62043	-4.79127	1.27467	-2.04935	0.682876	0.466086	
0.00196 0.303632	-0.0250993	0.642542	0.293706	-0.0215713	0.590456	0.303632	-0.0250993	0.642542	0.293614	-0.0219301	0.590558	-1.66657	1.09987	2.24928	0.27637	0.155782	-0.13157	2.78983	-4.97995	1.20365	-2.07187	0.659829	0.464687	
0.00245 0.303632	-0.0250993	0.642542	0.293755	-0.0215626	0.590471	0.303632	-0.0250993	0.642542	0.293663	-0.0219215	0.590574	-1.83704	1.27862	2.31781	0.297725	0.178451	-0.12996	2.95535	-5.158	1.13387	-2.0932	0.637196	0.463089	
0.00503 0.303632	-0.0250993	0.642542	0.2938	-0.0215533	0.590489	0.303632	-0.0250993	0.642542	0.293709	-0.0219122	0.590592	-2.0007	1.44758	2.3817	0.317923	0.200237	-0.128237	3.11429	-5.32617	1.06845	-2.11339	0.615443	0.461375	
0.0024 0.303632	-0.0250993	0.642542	0.293849	-0.0215423	0.590507	0.303632	-0.0250993	0.642542	0.293758	-0.0219012	0.590609	-2.16369	1.60925	2.44089	0.337331	0.221744	-0.126513	3.27221	-5.48715	1.00772	-2.13278	0.593972	0.459653	
0.00342 0.303632	-0.0250993	0.642542	0.293895	-0.0215302	0.590528	0.303632	-0.0250993	0.642542	0.293804	-0.0218892	0.59063	-2.33454	1.76266	2.49194	0.355786	0.243766	-0.124709	3.43817	-5.63975	0.954763	-2.15122	0.571986	0.457849	
0.00223 0.303632	-0.0250993	0.642542	0.293944	-0.021521	0.590544	0.303632	-0.0250993	0.642542	0.293853	-0.0218801	0.590646	-2.51413	1.90715	2.53396	0.373127	0.266395	-0.122689	3.61278	-5.78359	0.911455	-2.16854	0.549393	0.45584	
0.00164 0.303632	-0.0250993	0.642542	0.29399	-0.0215129	0.590563	0.303632	-0.0250993	0.642542	0.293899	-0.021872	0.590665	-2.6929	2.04233	2.5743	0.389386	0.28888	-0.120477	3.7868	-5.91787	0.869588	-2.18478	0.526942	0.453637	
0.00264 0.303632	-0.0250993	0.642542	0.294037	-0.0215008	0.590581	0.303632	-0.0250993	0.642542	0.293947	-0.02186	0.590683	-2.86104	2.16755	2.61659	0.404533	0.31028	-0.118164	3.95006	-6.04243	0.825632	-2.19991	0.505576	0.451329	
0.00231 0.303632	-0.0250993	0.642542	0.294082	-0.0214903	0.590602	0.303632	-0.0250993	0.642542	0.293992	-0.0218495	0.590705	-3.02206	2.28762	2.65574	0.419013	0.330766	-0.115791	4.10634	-6.16154	0.784662	-2.21438	0.485127	0.448948	
0.0013 0.303632	-0.0250993	0.642542	0.294129	-0.0214811	0.590625	0.303632	-0.0250993	0.642542	0.29404	-0.0218403	0.590727	-3.18029	2.40939	2.68749	0.433403	0.350715	-0.113284	4.2596	-6.28221	0.751087	-2.22875	0.465212	0.446441	
0.00108 0.303632	-0.0250993	0.642542	0.294177	-0.0214701	0.590645	0.303632	-0.0250993	0.642542	0.294087	-0.0218294	0.590747	-3.33259	2.53125	2.71132	0.447395	0.369827	-0.110552	4.40694	-6.40325	0.725539	-2.24273	0.446136	0.443708	
0.00107 0.303632	-0.0250993	0.642542	0.294224	-0.0214571	0.590667	0.303632	-0.0250993	0.642542	0.294135	-0.0218165	0.590769	-3.47708	2.64626	2.72922	0.460231	0.387966	-0.107551	4.54646	-6.51742	0.705638	-2.25555	0.428033	0.440703	
0.00353 0.303632	-0.0250993	0.642542	0.294271	-0.0214485	0.590686	0.303632	-0.0250993	0.642542	0.294183	-0.0218079	0.590788	-3.60596	2.74904	2.74669	0.471438	0.404436	-0.104372	4.67038	-6.61928	0.686606	-2.26674	0.4116	0.437529	
0.00372 0.303632	-0.0250993	0.642542	0.294317	-0.0214364	0.590709	0.303632	-0.0250993	0.642542	0.294229	-0.0217958	0.590811	-3.71347	2.84049	2.76836	0.481315	0.418695	-0.101267	4.77307	-6.70977	0.662956	-2.2766	0.397374	0.434413	
0.00526 0.303632	-0.0250993	0.642542	0.294364	-0.0214265	0.590732	0.303632	-0.0250993	0.642542	0.294277	-0.021786	0.590833	-3.80549	2.92425	2.79271	0.49041	0.431226	-0.0984425	4.86012	-6.79249	0.636764	-2.28568	0.384879	0.431587	
0.00295 0.303632	-0.0250993	0.642542	0.29441	-0.0214174	0.590752	0.303632	-0.0250993	0.642542	0.294323	-0.021777	0.590854	-3.88384	3.00292	2.8193	0.499102	0.442143	-0.0960918	4.93368	-6.87019	0.608523	-2.29435	0.373995	0.42924	
0.00188 0.303632	-0.0250993	0.642542	0.294458	-0.0214062	0.590774	0.303632	-0.0250993	0.642542	0.294371	-0.0217658	0.590876	-3.95116	3.08026	2.85119	0.507995	0.45176	-0.0944823	4.99596	-6.94659	0.574722	-2.30323	0.364414	0.427625	
0.00236 0.303632	-0.0250993	0.642542	0.294507	-0.0213961	0.590797	0.303632	-0.0250993	0.642542	0.29442	-0.0217558	0.590898	-4.01374	3.15642	2.88758	0.517098	0.460748	-0.0935648	5.05343	-7.02168	0.536472	-2.31232	0.355462	0.426704	
0.0051 0.303632	-0.0250993	0.642542	0.294553	-0.0213842	0.590814	0.303632	-0.0250993	0.642542	0.294468	-0.021744	0.590916	-4.07236	3.22899	2.92625	0.525927	0.469243	-0.0929795	5.10718	-7.09367	0.496199	-2.32113	0.347003	0.426123	
0.0049 0.303632	-0.0250993	0.642542	0.294602	-0.0213761	0.590833	0.303632	-0.0250993	0.642542	0.294516	-0.021736	0.590935	-4.12339	3.29636	2.96871	0.534219	0.476998	-0.0925038	5.15325	-7.16011	0.45224	-2.3294	0.339284	0.425659	
0.00541 0.303632	-0.0250993	0.642542	0.294647	-0.0213618	0.590856	0.303632	-0.0250993	0.642542	0.294562	-0.0217218	0.590957	-4.16525	3.35361	3.01771	0.541424	0.483986	-0.0919205	5.19024	-7.21658	0.401133	-2.33659	0.332336	0.425066	
0.00264 0.303632	-0.0250993	0.642542	0.294696	-0.0213492	0.590876	0.303632	-0.0250993	0.642542	0.294612	-0.0217093	0.590978	-4.20251	3.39263	3.07392	0.546634	0.490752	-0.0909835	5.22235	-7.25484	0.343063	-2.34179	0.325609	0.424128	
0.00194 0.303632	-0.0250993	0.642542	0.294745	-0.0213388	0.590899	0.303632	-0.0250993	0.642542	0.29466	-0.021699	0.591	-4.23828	3.4124	3.13536	0.549858	0.497478	-0.0898832	5.25305	-7.27355	0.279761	-2.34499	0.318919	0.423025	
0.00198 0.303632	-0.0250993	0.642542	0.294792	-0.0213268	0.590922	0.303632	-0.0250993	0.642542	0.294708	-0.021687	0.591023	-4.27198	3.42245	3.19958	0.552284	0.503912	-0.089041	5.28178	-7.28266	0.213532	-2.3474	0.312522	0.422174	
0.00216 0.303632	-0.0250993	0.642542	0.294841	-0.0213152	0.590941	0.303632	-0.0250993	0.642542	0.294757	-0.0216756	0.591042	-4.30535	3.43162	3.26251	0.554738	0.510141	-0.0884678	5.31003	-7.29109	0.148892	-2.34984	0.306333	0.421605	
0.00113 0.303632	-0.0250993	0.642542	0.294886	-0.0213052	0.590963	0.303632	-0.0250993	0.642542	0.294803	-0.0216657	0.591064	-4.33977	3.44428	3.31713	0.557412	0.516134	-0.0879937	5.33967	-7.30274	0.0924621	-2.3525	0.300374	0.421129	
0.00102 0.303632	-0.0250993	0.642542	0.294935	-0.0212926	0.590987	0.303632	-0.0250993	0.642542	0.294852	-0.0216531	0.591088	-4.37412	3.46511	3.35733	0.56065	0.521549	-0.087634	5.36885	-7.32257	0.0501404	-2.35572	0.294996	0.420758	
0.00105 0.303632	-0.0250993	0.642542	0.294982	-0.0212818	0.591012	0.303632	-0.0250993	0.642542	0.2949	-0.0216424	0.591114	-4.40571	3.49373	3.38128	0.564389	0.525998	-0.0874616	5.39547	-7.34998	0.024085	-2.35945	0.290582	0.420576	
0.00127 0.303632	-0.0250993	0.642542	0.29503	-0.0212684	0.591035	0.303632	-0.0250993	0.642542	0.294948	-0.0216291	0.591136	-4.42956	3.52254	3.39057	0.567874	0.528923	-0.0875521	5.41426	-7.37797	0.0127153	-2.36292	0.287695	0.420659	
0.00288 0.303632	-0.0250993	0.642542	0.295077	-0.0212557	0.591058	0.303632	-0.0250993	0.642542	0.294995	-0.0216164	0.591159	-4.44303	3.54616	3.38812	0.570643	0.530057	-0.0880174	5.42276	-7.40064	0.0130789	-2.36567	0.286597	0.421119	
0.00475 0.303632	-0.0250993	0.642542	0.295125	-0.0212437	0.591085	0.303632	-0.0250993	0.642542	0.295044	-0.0216045	0.591186	-4.45228	3.56924	3.37382	0.573223	0.530025	-0.0888433	5.42688	-7.42249	0.0251195	-2.36824	0.286666	0.421929	
0.00257 0.303632	-0.0250993	0.642542	0.295171	-0.0212272	0.591112	0.303632	-0.0250993	0.642542	0.29509	-0.0215881	0.591213	-4.46728	3.59776	3.34467	0.576054	0.529881	-0.0897423	5.43689	-7.45009	0.0517155	-2.37105	0.286846	0.42281	
0.00415 0.303632	-0.0250993	0.642542	0.29522	-0.0212154	0.591138	0.303632	-0.0250993	0.642542	0.29514	-0.0215763	0.591238	-4.49345	3.62899	3.30192	0.578711	0.53033	-0.0903985	5.45789	-7.48014	0.0923045	-2.37369	0.286436	0.423453	
0.002311 0.303632	-0.0250993	0.642542	0.295267	-0.0212033	0.591163	0.303632	-0.0250993	0.642542	0.295187	-0.0215642	0.591263	-4.52485	3.65842	3.25253	0.580779	0.530986	-0.0907918	5.48428	-7.50849	0.139551	-2.37575	0.285815	0.423833	
0.00531 0.303632	-0.0250993	0.642542	0.295316	-0.0211905	0.591189	0.303632	-0.0250993	0.642542	0.295236	-0.0215514	0.591289	-4.54916	3.68437	3.20256	0.582189	0.530732	-0.0910922	5.50338	-7.53334	0.187243	-2.37714	0.286109	0.424122	
0.00305 0.303632	-0.0250993	0.642542	0.295365	-0.0211746	0.591216	0.303632	-0.0250993	0.642542	0.295287	-0.0215356	0.591317	-4.55926	3.70205	3.15684	0.582581	0.528932	-0.0914769	5.50816	-7.55	0.230403	-2.37752	0.287947	0.424493	
0.005 0.303632	-0.0250993	0.642542	0.295415	-0.0211607	0.591242	0.303632	-0.0250993	0.642542	0.295337	-0.0215217	0.591343	-4.55047	3.70228	3.11993	0.581201	0.525143	-0.0921336	5.49406	-7.54916	0.265039	-2.37613	0.291768	0.425135	
0.00472 0.303632	-0.0250993	0.642542	0.295467	-0.0211471	0.591272	0.303632	-0.0250993	0.642542	0.295389	-0.0215081	0.591373	-4.52051	3.68248	3.09049	0.577868	0.519021	-0.0931909	5.45861	-7.52795	0.291908	-2.37278	0.297925	0.426172	
0.00317 0.303632	-0.0250993	0.642542	0.295518	-0.0211319	0.591293	0.303632	-0.0250993	0.642542	0.295441	-0.0214931	0.591393	-4.46891	3.63954	3.06617	0.572158	0.510475	-0.0945254	5.40154	-7.48445	0.314237	-2.36705	0.306516	0.427506	
0.00209 0.303632	-0.0250993	0.642542	0.295571	-0.021118	0.591316	0.303632	-0.0250993	0.642542	0.295495	-0.0214792	0.591416	-4.395	3.56839	3.04844	0.563452	0.499581	-0.0959091	5.32206	-7.41241	0.329873	-2.35833	0.317452	0.428886	
0.00152 0.303632	-0.0250993	0.642542	0.295625	-0.0211036	0.591338	0.303632	-0.0250993	0.642542	0.295549	-0.0214649	0.591438	-4.30649	3.47941	3.03465	0.552926	0.487091	-0.0974435	5.22792	-7.32263	0.341664	-2.34778	0.329987	0.430419	
0.00158 0.303632	-0.0250993	0.642542	0.295679	-0.0210862	0.591365	0.303632	-0.0250993	0.642542	0.295603	-0.0214475	0.591465	-4.21575	3.38912	3.01777	0.542356	0.4741	-0.0992632	5.13143	-7.23144	0.355943	-2.3372	0.343022	0.432224	
0.00103 0.303632	-0.0250993	0.642542	0.295735	-0.0210726	0.591389	0.303632	-0.0250993	0.642542	0.29566	-0.021434	0.591489	-4.12942	3.30639	2.99289	0.532523	0.461286	-0.101215	5.03921	-7.1477	0.378769	-2.32734	0.355876	0.434174	
0.001061 0.303632	-0.0250993	0.642542	0.295792	-0.0210566	0.591412	0.303632	-0.0250993	0.642542	0.295717	-0.0214181	0.591512	-4.04794	3.2341	2.95993	0.523736	0.448727	-0.103308	4.95178	-7.0747	0.409558	-2.31854	0.36848	0.436266	
0.001 0.303632	-0.0250993	0.642542	0.295849	-0.0210416	0.591436	0.303632	-0.0250993	0.642542	0.295774	-0.0214031	0.591535	-3.97046	3.16652	2.91964	0.515397	0.436362	-0.105537	4.86831	-7.00628	0.447665	-2.31018	0.38089	0.438494	
0.00099 0.303632	-0.0250993	0.642542	0.295907	-0.0210239	0.59146	0.303632	-0.0250993	0.642542	0.295832	-0.0213854	0.591559	-3.89949	3.09435	2.87033	0.506404	0.424428	-0.107666	4.79126	-6.93338	0.494689	-2.30117	0.392869	0.440617	
0.00161 0.303632	-0.0250993	0.642542	0.295965	-0.0210089	0.591483	0.303632	-0.0250993	0.642542	0.295891	-0.0213705	0.591582	-3.83534	3.01501	2.81356	0.496523	0.412997	-0.109651	4.72099	-6.85316	0.54934	-2.29127	0.404344	0.4426	
0.00466 0.303632	-0.0250993	0.642542	0.296024	-0.0209937	0.591506	0.303632	-0.0250993	0.642542	0.29595	-0.0213554	0.591605	-3.76793	2.92986	2.75614	0.486035	0.401215	-0.111626	4.64747	-6.76723	0.604693	-2.28076	0.416172	0.444577	
0.00378 0.303632	-0.0250993	0.642542	0.296085	-0.0209764	0.591526	0.303632	-0.0250993	0.642542	0.296012	-0.0213382	0.591625	-3.68802	2.83805	2.70359	0.474824	0.388372	-0.113513	4.56117	-6.6749	0.655206	-2.26952	0.429065	0.446471	
0.00452 0.303632	-0.0250993	0.642542	0.296144	-0.0209602	0.591547	0.303632	-0.0250993	0.642542	0.296071	-0.021322	0.591645	-3.59705	2.73802	2.65419	0.462556	0.374653	-0.115079	4.46403	-6.5743	0.702623	-2.25723	0.442834	0.448042	
0.00323 0.303632	-0.0250993	0.642542	0.296204	-0.0209437	0.591572	0.303632	-0.0250993	0.642542	0.296132	-0.0213055	0.591671	-3.50068	2.62977	2.60492	0.449211	0.360539	-0.116302	4.36134	-6.46514	0.749573	-2.24386	0.456992	0.44926	
0.00215 0.303632	-0.0250993	0.642542	0.296265	-0.0209281	0.591593	0.303632	-0.0250993	0.642542	0.296193	-0.02129	0.591691	-3.40352	2.51524	2.55797	0.43516	0.346559	-0.117309	4.25788	-6.34995	0.794542	-2.22979	0.471022	0.450277	
0.00508 0.303632	-0.0250993	0.642542	0.296326	-0.0209101	0.591615	0.303632	-0.0250993	0.642542	0.296254	-0.021272	0.591713	-3.30846	2.39954	2.51907	0.421168	0.333217	-0.118204	4.15643	-6.23368	0.831297	-2.21578	0.484411	0.451171	
0.00414 0.303632	-0.0250993	0.642542	0.296386	-0.0208942	0.59164	0.303632	-0.0250993	0.642542	0.296315	-0.0212561	0.591738	-3.21659	2.29126	2.4923	0.408363	0.320765	-0.119182	4.05829	-6.1245	0.855796	-2.20295	0.496908	0.452147	
0.00299 0.303632	-0.0250993	0.642542	0.296448	-0.0208748	0.591663	0.303632	-0.0250993	0.642542	0.296377	-0.0212368	0.59176	-3.12876	2.19457	2.47519	0.397199	0.309193	-0.12032	3.96394	-6.02725	0.870593	-2.19176	0.508531	0.453286	
0.00386 0.303632	-0.0250993	0.642542	0.29651	-0.0208584	0.591686	0.303632	-0.0250993	0.642542	0.29644	-0.0212204	0.591784	-3.04834	2.10553	2.46279	0.38709	0.298711	-0.121442	3.877	-5.93741	0.88081	-2.18163	0.519061	0.454409	
0.0022 0.303632	-0.0250993	0.642542	0.296573	-0.0208408	0.591708	0.303632	-0.0250993	0.642542	0.296503	-0.0212028	0.591805	-2.97104	2.0177	2.45063	0.377175	0.288701	-0.122422	3.79316	-5.84897	0.890868	-2.17169	0.529122	0.455392	
0.00456 0.303632	-0.0250993	0.642542	0.296636	-0.0208248	0.591732	0.303632	-0.0250993	0.642542	0.296566	-0.0211869	0.591829	-2.88257	1.92267	2.43551	0.366386	0.277482	-0.123255	3.69817	-5.75313	0.903832	-2.16088	0.540388	0.456231	
0.00296 0.303632	-0.0250993	0.642542	0.296702	-0.0208052	0.591756	0.303632	-0.0250993	0.642542	0.296632	-0.0211672	0.591852	-2.78049	1.81989	2.41771	0.35463	0.264793	-0.123949	3.58917	-5.64972	0.919285	-2.1491	0.55313	0.456923	
0.00143 0.303632	-0.0250993	0.642542	0.296767	-0.0207866	0.59178	0.303632	-0.0250993	0.642542	0.296698	-0.0211487	0.591877	-2.67323	1.71536	2.39878	0.342637	0.251577	-0.124569	3.47503	-5.54442	0.935872	-2.13709	0.566399	0.457541	
0.00113 0.303632	-0.0250993	0.642542	0.296835	-0.0207704	0.5918	0.303632	-0.0250993	0.642542	0.296766	-0.0211324	0.591896	-2.56396	1.6081	2.38156	0.330331	0.23828	-0.125079	3.35883	-5.43664	0.95125	-2.12475	0.579748	0.45807	
0.00102 0.303632	-0.0250993	0.642542	0.296903	-0.0207517	0.591818	0.303632	-0.0250993	0.642542	0.296834	-0.0211138	0.591914	-2.45179	1.49475	2.36795	0.317331	0.224864	-0.125436	3.2396	-5.32295	0.96291	-2.11172	0.593219	0.458444	
0.004641 0.303632	-0.0250993	0.642542	0.296972	-0.0207352	0.59184	0.303632	-0.0250993	0.642542	0.296903	-0.0210974	0.591935	-2.33262	1.37471	2.35438	0.30351	0.210708	-0.125712	3.11335	-5.20222	0.974564	-2.09788	0.607427	0.45873	
0.00514 0.303632	-0.0250993	0.642542	0.297042	-0.0207164	0.591862	0.303632	-0.0250993	0.642542	0.296974	-0.0210786	0.591957	-2.20353	1.25001	2.33611	0.288999	0.195293	-0.12596	2.97696	-5.07693	0.990629	-2.08334	0.622898	0.458989	
0.00337 0.303632	-0.0250993	0.642542	0.297112	-0.0206961	0.591877	0.303632	-0.0250993	0.642542	0.297045	-0.0210583	0.591972	-2.07308	1.12444	2.31492	0.274223	0.179633	-0.126096	2.83924	-4.95136	1.01011	-2.06853	0.638619	0.459147	
0.00439 0.303632	-0.0250993	0.642542	0.297183	-0.0206783	0.591893	0.303632	-0.0250993	0.642542	0.297116	-0.0210406	0.591988	-1.95196	1.00206	2.29673	0.259721	0.165126	-0.126004	2.71086	-4.82872	1.02662	-2.054	0.653186	0.45908	
0.00273 0.303632	-0.0250993	0.642542	0.297255	-0.020659	0.59191	0.303632	-0.0250993	0.642542	0.297188	-0.0210214	0.592004	-1.84268	0.88496	2.28333	0.245658	0.152163	-0.125548	2.59416	-4.71144	1.03826	-2.0399	0.666209	0.458645	
0.00184 0.303632	-0.0250993	0.642542	0.297329	-0.0206399	0.591924	0.303632	-0.0250993	0.642542	0.297262	-0.0210024	0.592018	-1.74055	0.769582	2.2759	0.231613	0.140298	-0.124695	2.48453	-4.59605	1.04409	-2.02582	0.678135	0.457823	
0.00592 0.303632	-0.0250993	0.642542	0.297405	-0.0206212	0.591936	0.303632	-0.0250993	0.642542	0.297338	-0.0209839	0.592029	-1.63519	0.649718	2.27915	0.21709	0.128515	-0.123641	2.37141	-4.47629	1.03948	-2.01126	0.689986	0.456806	
0.00237 0.303632	-0.0250993	0.642542	0.297479	-0.0206007	0.591946	0.303632	-0.0250993	0.642542	0.297412	-0.0209634	0.592039	-1.5152	0.513266	2.29907	0.200973	0.115737	-0.122499	2.24385	-4.34016	1.0182	-1.99511	0.70283	0.455698	
0.00239 0.303632	-0.0250993	0.642542	0.297555	-0.0205819	0.591957	0.303632	-0.0250993	0.642542	0.297489	-0.0209448	0.592049	-1.37382	0.348865	2.33772	0.182091	0.101292	-0.12125	2.09477	-4.17594	0.978261	-1.97619	0.71734	0.45449	
0.00541 0.303632	-0.0250993	0.642542	0.297633	-0.020561	0.591968	0.303632	-0.0250993	0.642542	0.297566	-0.0209241	0.59206	-1.21971	0.167275	2.39032	0.161565	0.0859871	-0.119913	1.93275	-3.9946	0.924245	-1.95563	0.732713	0.453191	
0.00264 0.303632	-0.0250993	0.642542	0.297708	-0.0205419	0.591977	0.303632	-0.0250993	0.642542	0.297643	-0.0209051	0.592069	-1.0718	-0.00781215	2.44929	0.141888	0.071665	-0.118505	1.77711	-3.8198	0.864026	-1.93591	0.747104	0.451826	
0.00191 0.303632	-0.0250993	0.642542	0.297787	-0.0205222	0.591983	0.303632	-0.0250993	0.642542	0.297722	-0.0208856	0.592075	-0.937304	-0.163438	2.51012	0.124454	0.0589504	-0.117144	1.63466	-3.66472	0.802203	-1.91843	0.759891	0.450515	
0.00113 0.303632	-0.0250993	0.642542	0.297866	-0.0205023	0.591994	0.303632	-0.0250993	0.642542	0.297801	-0.0208658	0.592085	-0.812886	-0.298492	2.56755	0.109358	0.0472346	-0.115999	1.50224	-3.52992	0.743496	-1.9033	0.771675	0.449411	
0.00107 0.303632	-0.0250993	0.642542	0.297946	-0.0204835	0.592001	0.303632	-0.0250993	0.642542	0.297881	-0.0208472	0.592092	-0.694132	-0.416613	2.61337	0.0960724	0.0357056	-0.11513	1.37539	-3.41216	0.696631	-1.88997	0.783274	0.448591	
0.00103 0.303632	-0.0250993	0.642542	0.298027	-0.0204629	0.59201	0.303632	-0.0250993	0.642542	0.297962	-0.0208267	0.5921	-0.575076	-0.526029	2.6503	0.0837388	0.0238169	-0.114505	1.24816	-3.30316	0.658485	-1.8776	0.795232	0.448015	
0.00099 0.303632	-0.0250993	0.642542	0.298106	-0.0204422	0.592019	0.303632	-0.0250993	0.642542	0.298041	-0.0208062	0.592108	-0.462382	-0.626677	2.68549	0.0724479	0.0126303	-0.113901	1.12744	-3.20294	0.62207	-1.86626	0.806493	0.447454	
0.00097 0.303632	-0.0250993	0.642542	0.298189	-0.0204242	0.592025	0.303632	-0.0250993	0.642542	0.298124	-0.0207884	0.592114	-0.374835	-0.707108	2.71497	0.0632987	0.00413791	-0.113032	1.03159	-3.12284	0.591734	-1.85707	0.815056	0.446637	
0.00097 0.303632	-0.0250993	0.642542	0.298271	-0.0204057	0.592035	0.303632	-0.0250993	0.642542	0.298206	-0.02077	0.592124	-0.322287	-0.761451	2.73053	0.0568036	-0.000887926	-0.111877	0.970747	-3.06871	0.575012	-1.85054	0.820152	0.445533	
0.00387 0.303632	-0.0250993	0.642542	0.298352	-0.0203859	0.592045	0.303632	-0.0250993	0.642542	0.298287	-0.0207503	0.592133	-0.298294	-0.793261	2.7337	0.0526347	-0.0031334	-0.110556	0.938491	-3.03716	0.570643	-1.84633	0.822466	0.444257	
0.00521 0.303632	-0.0250993	0.642542	0.298436	-0.0203675	0.592049	0.303632	-0.0250993	0.642542	0.298372	-0.0207321	0.592137	-0.286333	-0.809216	2.73598	0.050275	-0.00400338	-0.109213	0.918106	-3.0217	0.567597	-1.84393	0.823409	0.442972	
0.00296 0.303632	-0.0250993	0.642542	0.298518	-0.0203484	0.592058	0.303632	-0.0250993	0.642542	0.298454	-0.0207131	0.592146	-0.277252	-0.810373	2.74399	0.0497333	-0.00427153	-0.107986	0.900741	-3.02083	0.558427	-1.84334	0.823744	0.441797	
0.004781 0.303632	-0.0250993	0.642542	0.298604	-0.0203286	0.592068	0.303632	-0.0250993	0.642542	0.298539	-0.0206935	0.592154	-0.270411	-0.797444	2.75482	0.0508729	-0.00414057	-0.10691	0.885247	-3.03403	0.546501	-1.84444	0.823691	0.440769	
0.00297 0.303632	-0.0250993	0.642542	0.298689	-0.0203096	0.592076	0.303632	-0.0250993	0.642542	0.298624	-0.0206746	0.592162	-0.264078	-0.781097	2.76528	0.0524518	-0.00398139	-0.105977	0.870354	-3.0507	0.534992	-1.84597	0.823604	0.43989	
0.00428 0.303632	-0.0250993	0.642542	0.298772	-0.0202913	0.592083	0.303632	-0.0250993	0.642542	0.298707	-0.0206566	0.592169	-0.259018	-0.768638	2.77621	0.0536792	-0.00372587	-0.105188	0.85693	-3.06348	0.523097	-1.84716	0.82342	0.439154	
0.00415 0.303632	-0.0250993	0.642542	0.298855	-0.0202724	0.592092	0.303632	-0.0250993	0.642542	0.298791	-0.0206377	0.592177	-0.261618	-0.750791	2.788	0.0555661	-0.002653	-0.104566	0.851123	-3.0816	0.51023	-1.849	0.822418	0.43858	
0.00254 0.303632	-0.0250993	0.642542	0.298937	-0.0202528	0.592103	0.303632	-0.0250993	0.642542	0.298873	-0.0206183	0.592187	-0.276549	-0.716092	2.79717	0.0592409	-0.000316396	-0.104068	0.857707	-3.11647	0.499824	-1.85264	0.820152	0.438127	
0.00254 0.303632	-0.0250993	0.642542	0.29902	-0.0202353	0.592115	0.303632	-0.0250993	0.642542	0.298956	-0.020601	0.5922	-0.301126	-0.666081	2.79931	0.0643686	0.00286854	-0.103548	0.873918	-3.16637	0.496392	-1.85773	0.81703	0.43765	
0.00214 0.303632	-0.0250993	0.642542	0.299103	-0.0202149	0.592124	0.303632	-0.0250993	0.642542	0.29904	-0.0205807	0.592208	-0.338182	-0.601994	2.79633	0.0708396	0.0072979	-0.102904	0.902538	-3.23084	0.498207	-1.86416	0.812673	0.437058	
0.0029 0.303632	-0.0250993	0.642542	0.299187	-0.0201959	0.592136	0.303632	-0.0250993	0.642542	0.299123	-0.0205619	0.592219	-0.394776	-0.52314	2.79256	0.0789125	0.0138869	-0.102162	0.950666	-3.30974	0.500702	-1.87219	0.806156	0.436359	
0.00123 0.303632	-0.0250993	0.642542	0.29927	-0.0201778	0.59215	0.303632	-0.0250993	0.642542	0.299207	-0.0205438	0.592233	-0.469127	-0.435746	2.78883	0.0880513	0.0224389	-0.101443	1.01653	-3.39701	0.503018	-1.88129	0.797668	0.435684	
0.001 0.303632	-0.0250993	0.642542	0.299354	-0.0201591	0.592162	0.303632	-0.0250993	0.642542	0.299291	-0.0205253	0.592244	-0.551914	-0.344124	2.78833	0.0979521	0.0320168	-0.100941	1.09087	-3.48866	0.502222	-1.89115	0.788159	0.435226	
0.00101 0.303632	-0.0250993	0.642542	0.299437	-0.0201416	0.592173	0.303632	-0.0250993	0.642542	0.299374	-0.0205079	0.592255	-0.638341	-0.24515	2.79445	0.109049	0.04224	-0.100722	1.16887	-3.58761	0.494945	-1.90221	0.778005	0.435052	
0.00102 0.303632	-0.0250993	0.642542	0.299521	-0.0201226	0.592187	0.303632	-0.0250993	0.642542	0.299458	-0.0204891	0.592268	-0.735071	-0.135439	2.80487	0.121681	0.0537578	-0.100708	1.25709	-3.69727	0.483096	-1.9148	0.766556	0.435082	
0.00101 0.303632	-0.0250993	0.642542	0.299608	-0.0201046	0.592197	0.303632	-0.0250993	0.642542	0.299545	-0.0204712	0.592278	-0.843108	-0.0236956	2.81845	0.134765	0.0666696	-0.100669	1.35633	-3.80911	0.468461	-1.92784	0.753719	0.435093	
0.00308 0.303632	-0.0250993	0.642542	0.299693	-0.0200832	0.592206	0.303632	-0.0250993	0.642542	0.29963	-0.02045	0.592287	-0.955032	0.0772264	2.83843	0.146777	0.0803411	-0.100347	1.45965	-3.9104	0.447233	-1.93981	0.740118	0.434819	
0.0025 0.303632	-0.0250993	0.642542	0.299777	-0.020065	0.592221	0.303632	-0.0250993	0.642542	0.299715	-0.0204319	0.592301	-1.06898	0.167024	2.86165	0.15766	0.0943731	-0.0998815	1.565	-3.99998	0.422612	-1.95066	0.726152	0.434393	
0.00285 0.303632	-0.0250993	0.642542	0.299861	-0.020046	0.592239	0.303632	-0.0250993	0.642542	0.299799	-0.020413	0.592319	-1.18356	0.255452	2.87848	0.168379	0.108152	-0.0995831	1.67101	-4.08804	0.404034	-1.96134	0.712437	0.434127	
0.00182 0.303632	-0.0250993	0.642542	0.299945	-0.0200272	0.592255	0.303632	-0.0250993	0.642542	0.299883	-0.0203943	0.592334	-1.30091	0.352072	2.88586	0.179922	0.12175	-0.0995739	1.77984	-4.18442	0.395122	-1.97285	0.698906	0.434154	
0.00168 0.303632	-0.0250993	0.642542	0.300026	-0.0200083	0.592272	0.303632	-0.0250993	0.642542	0.299964	-0.0203755	0.592351	-1.42462	0.457324	2.89014	0.192327	0.135827	-0.0996481	1.89527	-4.28935	0.389151	-1.98522	0.684894	0.434257	
0.00251 0.303632	-0.0250993	0.642542	0.300108	-0.0199886	0.592291	0.303632	-0.0250993	0.642542	0.300046	-0.0203558	0.592369	-1.55876	0.57138	2.89481	0.205486	0.151048	-0.099495	2.02101	-4.40307	0.382613	-1.99834	0.66974	0.434133	
0.00178 0.303632	-0.0250993	0.642542	0.300187	-0.0199706	0.592314	0.303632	-0.0250993	0.642542	0.300126	-0.0203378	0.592392	-1.71314	0.706373	2.89786	0.220662	0.16843	-0.0991124	2.16718	-4.53727	0.37754	-2.01349	0.652412	0.433768	
0.00523 0.303632	-0.0250993	0.642542	0.300267	-0.0199503	0.592334	0.303632	-0.0250993	0.642542	0.300206	-0.0203177	0.592411	-1.88809	0.870732	2.89869	0.238834	0.187971	-0.0986985	2.33395	-4.70123	0.37469	-2.03162	0.632938	0.433376	
0.002881 0.303632	-0.0250993	0.642542	0.300347	-0.0199283	0.592355	0.303632	-0.0250993	0.642542	0.300286	-0.0202956	0.592432	-2.08057	1.05964	2.89638	0.259577	0.209212	-0.0984563	2.51814	-4.88981	0.374861	-2.05234	0.611758	0.433151	
0.00483 0.303632	-0.0250993	0.642542	0.300426	-0.0199122	0.59238	0.303632	-0.0250993	0.642542	0.300366	-0.0202795	0.592457	-2.28371	1.26371	2.88522	0.281792	0.231165	-0.0984161	2.71311	-5.09282	0.383931	-2.07452	0.589864	0.433124	
0.00536 0.303632	-0.0250993	0.642542	0.300503	-0.019891	0.592403	0.303632	-0.0250993	0.642542	0.300443	-0.0202584	0.59248	-2.47879	1.47356	2.863	0.304271	0.251779	-0.0984599	2.90015	-5.30212	0.403848	-2.09697	0.569312	0.433182	
0.00265 0.303632	-0.0250993	0.642542	0.300582	-0.0198704	0.592424	0.303632	-0.0250993	0.642542	0.300522	-0.0202379	0.5925	-2.65942	1.68427	2.83981	0.326649	0.270772	-0.0984912	3.07264	-5.51236	0.424992	-2.11932	0.550383	0.43323	
0.00133 0.303632	-0.0250993	0.642542	0.300661	-0.0198495	0.592447	0.303632	-0.0250993	0.642542	0.300602	-0.0202171	0.592523	-2.83244	1.89421	2.82302	0.348952	0.28918	-0.0983967	3.23742	-5.72174	0.43954	-2.14159	0.532037	0.433147	
0.00107 0.303632	-0.0250993	0.642542	0.300739	-0.0198311	0.592472	0.303632	-0.0250993	0.642542	0.30068	-0.0201987	0.592547	-3.00295	2.09984	2.81281	0.370828	0.307584	-0.0980562	3.39991	-5.92654	0.447568	-2.16344	0.513688	0.43282	
0.00107 0.303632	-0.0250993	0.642542	0.300818	-0.0198119	0.592494	0.303632	-0.0250993	0.642542	0.300759	-0.0201795	0.592569	-3.17613	2.30374	2.80983	0.392665	0.326561	-0.0975492	3.56492	-6.12983	0.448459	-2.18524	0.494777	0.432329	
0.00105 0.303632	-0.0250993	0.642542	0.300897	-0.0197908	0.592519	0.303632	-0.0250993	0.642542	0.300839	-0.0201585	0.592593	-3.35276	2.50772	2.81027	0.414684	0.34601	-0.097068	3.73333	-6.33312	0.445664	-2.20723	0.475389	0.431857	
0.00101 0.303632	-0.0250993	0.642542	0.300975	-0.0197686	0.592544	0.303632	-0.0250993	0.642542	0.300918	-0.0201363	0.592618	-3.52426	2.70104	2.80614	0.435609	0.364645	-0.0967504	3.89663	-6.52579	0.447336	-2.22812	0.456817	0.431545	
0.00368 0.303632	-0.0250993	0.642542	0.301053	-0.0197476	0.592569	0.303632	-0.0250993	0.642542	0.300995	-0.0201154	0.592643	-3.68576	2.88071	2.79615	0.455118	0.381854	-0.0967459	4.0501	-6.70475	0.454887	-2.2476	0.439668	0.431551	
0.0035 0.303632	-0.0250993	0.642542	0.301132	-0.019725	0.592594	0.303632	-0.0250993	0.642542	0.301075	-0.0200928	0.592667	-3.83494	3.05058	2.78887	0.473753	0.397756	-0.0970742	4.19103	-6.87405	0.459749	-2.26621	0.423831	0.431885	
0.00886 0.303632	-0.0250993	0.642542	0.30121	-0.0197015	0.592622	0.303632	-0.0250993	0.642542	0.301153	-0.0200694	0.592694	-3.96918	3.20508	2.78977	0.490964	0.412296	-0.0976577	4.31709	-7.02782	0.456141	-2.28339	0.409351	0.432469	
0.00285 0.303632	-0.0250993	0.642542	0.301286	-0.0196813	0.59265	0.303632	-0.0250993	0.642542	0.30123	-0.0200492	0.592723	-4.09406	3.33924	2.79714	0.506242	0.42598	-0.0984401	4.43397	-7.16101	0.446092	-2.29864	0.395722	0.433256	
0.0016 0.303632	-0.0250993	0.642542	0.301364	-0.0196621	0.592674	0.303632	-0.0250993	0.642542	0.301308	-0.0200301	0.592746	-4.21017	3.45303	2.81314	0.519659	0.438955	-0.0993909	4.54204	-7.27408	0.427979	-2.31203	0.382811	0.434218	
0.00264 0.303632	-0.0250993	0.642542	0.301439	-0.0196375	0.5927	0.303632	-0.0250993	0.642542	0.301384	-0.0200056	0.592772	-4.31028	3.54416	2.8354	0.530918	0.450331	-0.100512	4.63416	-7.36463	0.402989	-2.32326	0.371498	0.435333	
0.00351 0.303632	-0.0250993	0.642542	0.301517	-0.0196156	0.592727	0.303632	-0.0250993	0.642542	0.301462	-0.0199837	0.592799	-4.39426	3.60891	2.85285	0.539308	0.459746	-0.101629	4.71002	-7.42861	0.38295	-2.33162	0.362144	0.436452	
0.00416 0.303632	-0.0250993	0.642542	0.301595	-0.0195927	0.592753	0.303632	-0.0250993	0.642542	0.301541	-0.019961	0.592824	-4.476	3.65716	2.86478	0.545826	0.468806	-0.102529	4.7836	-7.47622	0.368467	-2.33811	0.353145	0.437357	
0.00218 0.303632	-0.0250993	0.642542	0.301673	-0.0195702	0.592779	0.303632	-0.0250993	0.642542	0.301619	-0.0199385	0.59285	-4.56569	3.70406	2.87889	0.552385	0.47893	-0.103338	4.86519	-7.52245	0.351844	-2.34464	0.343082	0.43817	
0.00247 0.303632	-0.0250993	0.642542	0.301751	-0.0195495	0.592807	0.303632	-0.0250993	0.642542	0.301697	-0.0199179	0.592878	-4.65882	3.75491	2.89618	0.559694	0.489607	-0.104287	4.95015	-7.57236	0.331936	-2.35192	0.33246	0.439122	
0.00274 0.303632	-0.0250993	0.642542	0.301833	-0.0195254	0.592831	0.303632	-0.0250993	0.642542	0.30178	-0.0198939	0.592901	-4.74879	3.80937	2.91494	0.567657	0.500048	-0.105428	5.03157	-7.62636	0.310769	-2.35986	0.322081	0.440271	
0.00204 0.303632	-0.0250993	0.642542	0.301914	-0.0195043	0.592854	0.303632	-0.0250993	0.642542	0.301862	-0.0198729	0.592924	-4.82349	3.85763	2.93936	0.575212	0.509074	-0.106728	5.09785	-7.67402	0.284185	-2.36738	0.313118	0.441582	
0.00128 0.303632	-0.0250993	0.642542	0.301996	-0.0194828	0.592877	0.303632	-0.0250993	0.642542	0.301944	-0.0198515	0.592946	-4.86965	3.88654	2.97556	0.580948	0.515429	-0.108184	5.13555	-7.70242	0.245755	-2.37308	0.306828	0.443056	
0.00105 0.303632	-0.0250993	0.642542	0.302079	-0.0194604	0.592902	0.303632	-0.0250993	0.642542	0.302027	-0.0198292	0.592971	-4.88122	3.8929	3.02042	0.584402	0.518279	-0.109911	5.13854	-7.70811	0.19847	-2.37651	0.304036	0.444795	
0.00103 0.303632	-0.0250993	0.642542	0.302162	-0.0194384	0.592924	0.303632	-0.0250993	0.642542	0.302111	-0.0198074	0.592993	-4.8589	3.88031	3.06567	0.585798	0.517318	-0.112041	5.10758	-7.69502	0.15103	-2.37787	0.305064	0.446939	
0.00435 0.303632	-0.0250993	0.642542	0.302246	-0.0194163	0.592947	0.303632	-0.0250993	0.642542	0.302195	-0.0197854	0.593015	-4.80986	3.84946	3.10962	0.585116	0.513239	-0.114464	5.04986	-7.66368	0.104899	-2.37716	0.309208	0.449381	
0.00167 0.303632	-0.0250993	0.642542	0.30233	-0.0193933	0.59297	0.303632	-0.0250993	0.642542	0.30228	-0.0197625	0.593037	-4.74186	3.8	3.15116	0.582193	0.506839	-0.11695	4.97315	-7.61372	0.0610612	-2.3742	0.315668	0.451881	
0.00245 0.303632	-0.0250993	0.642542	0.302416	-0.019374	0.592993	0.303632	-0.0250993	0.642542	0.302366	-0.0197434	0.59306	-4.66324	3.74213	3.18581	0.578005	0.498864	-0.119438	4.88572	-7.55511	0.024378	-2.36998	0.323706	0.454386	
0.00457 0.303632	-0.0250993	0.642542	0.302499	-0.0193501	0.593014	0.303632	-0.0250993	0.642542	0.30245	-0.0197196	0.593081	-4.58552	3.69026	3.21097	0.574105	0.490456	-0.121978	4.79936	-7.50296	-0.00300645	-2.36605	0.332179	0.456944	
0.00488 0.303632	-0.0250993	0.642542	0.302584	-0.0193276	0.593034	0.303632	-0.0250993	0.642542	0.302535	-0.0196973	0.5931	-4.51469	3.64428	3.22839	0.570502	0.482323	-0.124501	4.71978	-7.45667	-0.0224818	-2.36241	0.340373	0.459494	
0.00349 0.303632	-0.0250993	0.642542	0.30267	-0.0193067	0.593058	0.303632	-0.0250993	0.642542	0.302621	-0.0196765	0.593124	-4.44918	3.59383	3.23931	0.565992	0.474391	-0.126765	4.64541	-7.40553	-0.0355593	-2.35787	0.34837	0.461773	
0.00291 0.303632	-0.0250993	0.642542	0.302755	-0.0192837	0.593077	0.303632	-0.0250993	0.642542	0.302707	-0.0196537	0.593142	-4.39056	3.53961	3.24017	0.560579	0.466741	-0.128691	4.57802	-7.3511	-0.0384352	-2.35242	0.356088	0.463726	
0.00506 0.303632	-0.0250993	0.642542	0.302843	-0.0192631	0.593098	0.303632	-0.0250993	0.642542	0.302795	-0.0196332	0.593163	-4.33554	3.48667	3.23142	0.554917	0.459042	-0.130431	4.51398	-7.29765	-0.0316367	-2.34673	0.363851	0.465493	
0.0028 0.303632	-0.0250993	0.642542	0.302931	-0.0192414	0.59312	0.303632	-0.0250993	0.642542	0.302884	-0.0196117	0.593185	-4.26824	3.42552	3.21356	0.547987	0.449632	-0.132024	4.43758	-7.23595	-0.0158707	-2.33976	0.373326	0.467106	
0.00473 0.303632	-0.0250993	0.642542	0.303021	-0.0192204	0.59314	0.303632	-0.0250993	0.642542	0.302974	-0.0195909	0.593204	-4.17557	3.34343	3.18522	0.538381	0.437061	-0.133461	4.33574	-7.15343	0.0106132	-2.33012	0.385964	0.468572	
0.00254 0.303632	-0.0250993	0.642542	0.303112	-0.0191995	0.593159	0.303632	-0.0250993	0.642542	0.303065	-0.0195701	0.593223	-4.06126	3.24573	3.1521	0.526918	0.421937	-0.134864	4.21212	-7.0553	0.0418951	-2.31862	0.401154	0.470006	
0.00219 0.303632	-0.0250993	0.642542	0.303204	-0.019178	0.593182	0.303632	-0.0250993	0.642542	0.303158	-0.0195487	0.593246	-3.94148	3.14785	3.1168	0.515436	0.406154	-0.136266	4.08286	-6.95677	0.0750661	-2.30711	0.417003	0.471433	
0.00302 0.303632	-0.0250993	0.642542	0.303299	-0.0191557	0.593204	0.303632	-0.0250993	0.642542	0.303253	-0.0195266	0.593267	-3.8259	3.05144	3.0798	0.504092	0.390858	-0.13749	3.95758	-6.85987	0.11004	-2.29572	0.432366	0.472687	
0.00247 0.303632	-0.0250993	0.642542	0.303395	-0.0191324	0.593222	0.303632	-0.0250993	0.642542	0.30335	-0.0195035	0.593284	-3.70813	2.94651	3.04687	0.491864	0.37558	-0.138511	3.82998	-6.75476	0.141183	-2.28346	0.447717	0.473746	
0.0011 0.303632	-0.0250993	0.642542	0.303491	-0.0191103	0.593239	0.303632	-0.0250993	0.642542	0.303446	-0.0194816	0.593301	-3.57775	2.82573	3.02012	0.477965	0.359242	-0.139389	3.68983	-6.63377	0.16627	-2.26951	0.464131	0.474665	
0.00101 0.303632	-0.0250993	0.642542	0.303587	-0.0190886	0.593259	0.303632	-0.0250993	0.642542	0.303542	-0.0194601	0.59332	-3.43701	2.69008	2.99902	0.462413	0.342108	-0.140009	3.53927	-6.49769	0.185448	-2.25392	0.481338	0.475319	
0.001 0.303632	-0.0250993	0.642542	0.303683	-0.0190657	0.593272	0.303632	-0.0250993	0.642542	0.303638	-0.0194374	0.593333	-3.29731	2.54765	2.98755	0.446137	0.325619	-0.140284	3.38982	-6.35541	0.195534	-2.2376	0.497905	0.475639	
0.00408 0.303632	-0.0250993	0.642542	0.30378	-0.019043	0.593288	0.303632	-0.0250993	0.642542	0.303736	-0.0194149	0.593349	-3.1632	2.40655	2.99002	0.430162	0.310426	-0.14031	3.24576	-6.21412	0.191407	-2.22159	0.513171	0.475703	
0.00401 0.303632	-0.0250993	0.642542	0.303878	-0.0190214	0.593307	0.303632	-0.0250993	0.642542	0.303835	-0.0193934	0.593366	-3.02844	2.27128	3.00603	0.415023	0.295817	-0.140281	3.10101	-6.07854	0.173693	-2.20641	0.527851	0.475717	
0.00183 0.303632	-0.0250993	0.642542	0.304069	-0.0189734	0.593344	0.303632	-0.0250993	0.642542	0.304025	-0.0193455	0.593403	-2.76873	2.03949	3.0545	0.38924	0.268758	-0.140302	2.82179	-5.84637	0.121402	-2.18054	0.555057	0.475803	
0.00394 0.303632	-0.0250993	0.642542	0.304162	-0.0189506	0.593365	0.303632	-0.0250993	0.642542	0.304119	-0.0193229	0.593423	-2.66593	1.94823	3.07793	0.379155	0.258342	-0.140269	2.70941	-5.75465	0.0959411	-2.17042	0.565543	0.475799	
0.00219 0.303632	-0.0250993	0.642542	0.304259	-0.0189271	0.593383	0.303632	-0.0250993	0.642542	0.304216	-0.0192995	0.59344	-2.58	1.86836	3.10224	0.370434	0.24992	-0.140135	2.61353	-5.67465	0.0698207	-2.16166	0.574044	0.475705	
0.01308 0.303632	-0.0250993	0.642542	0.304358	-0.0189033	0.593404	0.303632	-0.0250993	0.642542	0.304315	-0.0192759	0.593461	-2.51565	1.80544	3.12184	0.363553	0.243813	-0.13982	2.53909	-5.61132	0.0482158	-2.15474	0.580224	0.475417	
0.00427 0.303632	-0.0250993	0.642542	0.304456	-0.0188789	0.593424	0.303632	-0.0250993	0.642542	0.304414	-0.0192516	0.59348	-2.47828	1.76419	3.13032	0.358899	0.240356	-0.139305	2.49157	-5.56982	0.0377237	-2.15004	0.583758	0.474938	
0.00262 0.303632	-0.0250993	0.642542	0.304555	-0.0188526	0.593441	0.303632	-0.0250993	0.642542	0.304514	-0.0192255	0.593496	-2.46608	1.73828	3.13104	0.355806	0.239444	-0.138544	2.4692	-5.54399	0.0351093	-2.1469	0.584752	0.474215	
0.00495 0.303632	-0.0250993	0.642542	0.304657	-0.0188285	0.593462	0.303632	-0.0250993	0.642542	0.304615	-0.0192015	0.593517	-2.47117	1.71486	3.12973	0.352838	0.240433	-0.137338	2.4639	-5.52018	0.0344381	-2.14389	0.583841	0.473043	
0.0024 0.303632	-0.0250993	0.642542	0.304758	-0.018803	0.59348	0.303632	-0.0250993	0.642542	0.304717	-0.0191762	0.593534	-2.47822	1.68409	3.12568	0.348732	0.241619	-0.135607	2.46057	-5.48934	0.0365747	-2.13974	0.582738	0.471349	
0.00471 0.303632	-0.0250993	0.642542	0.30486	-0.0187754	0.5935	0.303632	-0.0250993	0.642542	0.304819	-0.0191487	0.593553	-2.47604	1.64232	3.11923	0.343078	0.241679	-0.133582	2.44789	-5.44747	0.0408904	-2.13404	0.582758	0.469356	
0.005231 0.303632	-0.0250993	0.642542	0.30496	-0.0187485	0.593517	0.303632	-0.0250993	0.642542	0.30492	-0.019122	0.59357	-2.46041	1.58815	3.1122	0.335878	0.240047	-0.131612	2.42201	-5.39337	0.0460118	-2.1268	0.584467	0.467426	
0.00462 0.303632	-0.0250993	0.642542	0.305061	-0.0187232	0.593542	0.303632	-0.0250993	0.642542	0.305021	-0.0190967	0.593595	-2.437	1.53173	3.09742	0.328147	0.236971	-0.129881	2.38817	-5.33633	0.0584011	-2.11903	0.587616	0.465715	
0.00273 0.303632	-0.0250993	0.642542	0.305162	-0.0186982	0.593563	0.303632	-0.0250993	0.642542	0.305122	-0.0190718	0.593615	-2.42535	1.4989	3.06803	0.322513	0.234385	-0.128345	2.36621	-5.30323	0.0857219	-2.11336	0.590277	0.464213	
0.00179 0.303632	-0.0250993	0.642542	0.305262	-0.0186715	0.593583	0.303632	-0.0250993	0.642542	0.305222	-0.0190453	0.593634	-2.43875	1.5044	3.02781	0.320544	0.233979	-0.126781	2.36932	-5.30856	0.123849	-2.11135	0.590761	0.462677	
0.00146 0.303632	-0.0250993	0.642542	0.305362	-0.018645	0.59361	0.303632	-0.0250993	0.642542	0.305323	-0.0190188	0.593661	-2.47549	1.53977	2.97907	0.321338	0.235688	-0.125039	2.39565	-5.34329	0.169988	-2.1121	0.589127	0.46095	
0.00527 0.303632	-0.0250993	0.642542	0.30546	-0.0186195	0.593635	0.303632	-0.0250993	0.642542	0.305421	-0.0189934	0.593685	-2.53427	1.59816	2.92504	0.3244	0.239401	-0.123348	2.44431	-5.40116	0.221615	-2.11513	0.585488	0.459279	
0.00339 0.303632	-0.0250993	0.642542	0.305561	-0.0185908	0.593658	0.303632	-0.0250993	0.642542	0.305522	-0.0189647	0.593708	-2.61225	1.67554	2.8715	0.329628	0.244945	-0.121998	2.51186	-5.47825	0.272698	-2.12032	0.580023	0.457952	
0.00251 0.303632	-0.0250993	0.642542	0.305663	-0.0185675	0.593685	0.303632	-0.0250993	0.642542	0.305624	-0.0189414	0.593734	-2.69528	1.75861	2.81421	0.335542	0.250617	-0.121056	2.58438	-5.56048	0.327558	-2.12619	0.574423	0.457037	
0.00527 0.303632	-0.0250993	0.642542	0.305765	-0.0185404	0.593713	0.303632	-0.0250993	0.642542	0.305726	-0.0189143	0.593761	-2.76812	1.83382	2.74947	0.340573	0.254661	-0.120468	2.64667	-5.63502	0.389654	-2.13118	0.570455	0.456461	
0.00296 0.303632	-0.0250993	0.642542	0.30587	-0.0185122	0.593737	0.303632	-0.0250993	0.642542	0.305832	-0.0188862	0.593785	-2.82319	1.89293	2.68269	0.343887	0.256546	-0.120041	2.69089	-5.69379	0.454005	-2.13446	0.568652	0.456064	
0.00279 0.303632	-0.0250993	0.642542	0.305974	-0.0184899	0.593763	0.303632	-0.0250993	0.642542	0.305937	-0.018864	0.59381	-2.84833	1.92711	2.6174	0.344452	0.255239	-0.119553	2.70529	-5.72707	0.51709	-2.13498	0.570033	0.4556	
0.00236 0.303632	-0.0250993	0.642542	0.306081	-0.0184609	0.59379	0.303632	-0.0250993	0.642542	0.306043	-0.0188351	0.593836	-2.8346	1.93058	2.5525	0.341579	0.249851	-0.118985	2.68055	-5.73006	0.579338	-2.13207	0.575502	0.45505	
0.00236 0.303632	-0.0250993	0.642542	0.306189	-0.0184351	0.593818	0.303632	-0.0250993	0.642542	0.306152	-0.0188092	0.593864	-2.79268	1.91021	2.48664	0.336122	0.241536	-0.118475	2.62752	-5.70887	0.642628	-2.12657	0.583892	0.454567	
0.001951 0.303632	-0.0250993	0.642542	0.306292	-0.0184107	0.593847	0.303632	-0.0250993	0.642542	0.306256	-0.0187848	0.593892	-2.73817	1.88011	2.42189	0.329788	0.232101	-0.118123	2.5623	-5.67786	0.704828	-2.1202	0.593402	0.454236	
0.00193 0.303632	-0.0250993	0.642542	0.306401	-0.018384	0.593876	0.303632	-0.0250993	0.642542	0.306364	-0.0187582	0.59392	-2.68612	1.85149	2.36317	0.323947	0.223416	-0.117844	2.49904	-5.64844	0.760879	-2.11432	0.602161	0.453979	
0.00505 0.303632	-0.0250993	0.642542	0.306506	-0.0183585	0.593905	0.303632	-0.0250993	0.642542	0.30647	-0.0187326	0.593949	-2.64795	1.82998	2.31366	0.319289	0.216881	-0.117503	2.45001	-5.62598	0.807755	-2.10963	0.608768	0.453655	
0.00456 0.303632	-0.0250993	0.642542	0.306613	-0.0183312	0.593932	0.303632	-0.0250993	0.642542	0.306577	-0.0187053	0.593975	-2.62703	1.81806	2.27346	0.31612	0.212853	-0.117075	2.41805	-5.6135	0.845423	-2.10642	0.612873	0.453254	
0.002201 0.303632	-0.0250993	0.642542	0.306719	-0.0183035	0.593959	0.303632	-0.0250993	0.642542	0.306683	-0.0186777	0.594002	-2.62801	1.8194	2.23959	0.314837	0.211713	-0.116572	2.40811	-5.61418	0.876635	-2.1051	0.614087	0.452769	
0.00116 0.303632	-0.0250993	0.642542	0.306824	-0.0182769	0.593983	0.303632	-0.0250993	0.642542	0.306789	-0.0186511	0.594025	-2.65296	1.83555	2.2137	0.315653	0.21374	-0.115972	2.42216	-5.62988	0.900257	-2.10587	0.612141	0.452192	
0.00103 0.303632	-0.0250993	0.642542	0.30693	-0.0182491	0.594009	0.303632	-0.0250993	0.642542	0.306896	-0.0186234	0.59405	-2.6974	1.86082	2.19916	0.31791	0.218613	-0.115092	2.45564	-5.65462	0.912258	-2.10808	0.607351	0.45134	
0.00106 0.303632	-0.0250993	0.642542	0.307039	-0.0182244	0.594035	0.303632	-0.0250993	0.642542	0.307005	-0.0185987	0.594075	-2.75531	1.8932	2.19301	0.321246	0.225593	-0.113858	2.50235	-5.68628	0.916125	-2.11138	0.600451	0.450136	
0.00141 0.303632	-0.0250993	0.642542	0.307148	-0.0181946	0.594052	0.303632	-0.0250993	0.642542	0.307114	-0.018569	0.594092	-2.81439	1.93186	2.19647	0.325544	0.233367	-0.112415	2.55024	-5.72511	0.910684	-2.11563	0.592768	0.448733	
0.00506 0.303632	-0.0250993	0.642542	0.307261	-0.018168	0.59407	0.303632	-0.0250993	0.642542	0.307227	-0.0185426	0.594109	-2.86043	1.96595	2.21694	0.329689	0.24061	-0.110809	2.58474	-5.75907	0.888409	-2.11972	0.585611	0.447168	
0.00367 0.303632	-0.0250993	0.642542	0.307371	-0.0181389	0.594092	0.303632	-0.0250993	0.642542	0.307338	-0.0185136	0.594131	-2.88443	1.9799	2.2549	0.331933	0.246282	-0.109049	2.59742	-5.77284	0.848162	-2.12192	0.580023	0.445443	
0.00504 0.303632	-0.0250993	0.642542	0.307484	-0.0181096	0.594109	0.303632	-0.0250993	0.642542	0.307451	-0.0184845	0.594147	-2.88501	1.96177	2.30334	0.33079	0.249864	-0.107109	2.58643	-5.75486	0.797878	-2.12073	0.576528	0.44355	
0.00423 0.303632	-0.0250993	0.642542	0.307595	-0.0180833	0.59413	0.303632	-0.0250993	0.642542	0.307563	-0.0184583	0.594167	-2.87412	1.91703	2.35619	0.326717	0.252353	-0.104984	2.56414	-5.70982	0.743043	-2.11661	0.574124	0.441463	
0.00273 0.303632	-0.0250993	0.642542	0.307707	-0.0180527	0.594146	0.303632	-0.0250993	0.642542	0.307675	-0.018428	0.594182	-2.86053	1.86222	2.41054	0.321465	0.254502	-0.102843	2.53912	-5.65531	0.686781	-2.11131	0.572063	0.439367	
0.005071 0.303632	-0.0250993	0.642542	0.307819	-0.0180265	0.59416	0.303632	-0.0250993	0.642542	0.307787	-0.0184019	0.594195	-2.84139	1.80644	2.46959	0.316088	0.256035	-0.100887	2.50862	-5.59968	0.626295	-2.10588	0.570618	0.437461	
0.00345 0.303632	-0.0250993	0.642542	0.307931	-0.0179954	0.59418	0.303632	-0.0250993	0.642542	0.307899	-0.018371	0.594215	-2.81219	1.74722	2.53071	0.310207	0.256325	-0.0990995	2.4679	-5.54052	0.562939	-2.09995	0.570418	0.435714	
0.00266 0.303632	-0.0250993	0.642542	0.30804	-0.017967	0.594199	0.303632	-0.0250993	0.642542	0.308009	-0.0183427	0.594233	-2.77069	1.67906	2.58416	0.302934	0.254774	-0.0973292	2.41513	-5.47228	0.50748	-2.09263	0.572051	0.43398	
0.00185 0.303632	-0.0250993	0.642542	0.308152	-0.0179373	0.594219	0.303632	-0.0250993	0.642542	0.308121	-0.0183131	0.594252	-2.72567	1.61004	2.63049	0.295153	0.252385	-0.0954706	2.35862	-5.40328	0.459049	-2.08481	0.574527	0.432163	
0.00173 0.303632	-0.0250993	0.642542	0.308265	-0.0179073	0.594236	0.303632	-0.0250993	0.642542	0.308234	-0.0182833	0.594269	-2.68711	1.55008	2.67188	0.288033	0.250347	-0.0934726	2.30846	-5.34342	0.415711	-2.07764	0.576655	0.430205	
0.00465 0.303632	-0.0250993	0.642542	0.30838	-0.0178781	0.594253	0.303632	-0.0250993	0.642542	0.308349	-0.0182543	0.594285	-2.65545	1.4959	2.70681	0.281183	0.248682	-0.0912503	2.2651	-5.28941	0.378964	-2.07073	0.578416	0.428029	
0.00182 0.303632	-0.0250993	0.642542	0.308497	-0.0178483	0.594269	0.303632	-0.0250993	0.642542	0.308466	-0.0182247	0.594301	-2.62337	1.43883	2.73635	0.273705	0.24663	-0.0888656	2.22105	-5.23247	0.347633	-2.06321	0.580556	0.425692	
0.00242 0.303632	-0.0250993	0.642542	0.308614	-0.0178161	0.594286	0.303632	-0.0250993	0.642542	0.308584	-0.0181927	0.594316	-2.57567	1.36822	2.76347	0.264574	0.242622	-0.0865423	2.16129	-5.16222	0.318588	-2.05402	0.584663	0.423411	
0.00125 0.303632	-0.0250993	0.642542	0.308733	-0.0177838	0.594301	0.303632	-0.0250993	0.642542	0.308703	-0.0181606	0.594331	-2.50499	1.27662	2.79092	0.253088	0.235952	-0.0844227	2.07841	-5.07104	0.289265	-2.04248	0.591428	0.421346	
0.0011 0.303632	-0.0250993	0.642542	0.308851	-0.0177552	0.594317	0.303632	-0.0250993	0.642542	0.308821	-0.0181322	0.594346	-2.41644	1.17181	2.81588	0.240163	0.227065	-0.0826584	1.97787	-4.96632	0.262635	-2.0295	0.600403	0.419632	
0.001111 0.303632	-0.0250993	0.642542	0.30897	-0.0177272	0.594329	0.303632	-0.0250993	0.642542	0.30894	-0.0181045	0.594357	-2.31496	1.06736	2.83758	0.227353	0.216484	-0.0813874	1.86431	-4.86221	0.239557	-2.01664	0.611081	0.418423	
0.0011 0.303632	-0.0250993	0.642542	0.30909	-0.0176966	0.594344	0.303632	-0.0250993	0.642542	0.30906	-0.0180741	0.594371	-2.20417	0.96501	2.85883	0.214911	0.204737	-0.0805452	1.74133	-4.76018	0.216657	-2.00414	0.622918	0.417635	
0.00149 0.303632	-0.0250993	0.642542	0.309208	-0.0176639	0.594364	0.303632	-0.0250993	0.642542	0.309179	-0.0180415	0.59439	-2.09212	0.867247	2.87554	0.203072	0.192571	-0.080054	1.61713	-4.66249	0.197747	-1.99226	0.635177	0.417181	
0.00505 0.303632	-0.0250993	0.642542	0.30933	-0.017634	0.594377	0.303632	-0.0250993	0.642542	0.309301	-0.0180118	0.594403	-1.98763	0.78102	2.88411	0.192568	0.180819	-0.0799096	1.50022	-4.57663	0.187672	-1.9817	0.64702	0.417098	
0.00449 0.303632	-0.0250993	0.642542	0.309451	-0.0176031	0.594393	0.303632	-0.0250993	0.642542	0.309422	-0.0179811	0.594417	-1.88965	0.701201	2.88184	0.18277	0.169291	-0.0800468	1.38992	-4.4971	0.18819	-1.97185	0.658638	0.417288	
0.00442 0.303632	-0.0250993	0.642542	0.309573	-0.0175722	0.594409	0.303632	-0.0250993	0.642542	0.309545	-0.0179503	0.594433	-1.79877	0.623189	2.86329	0.173031	0.157884	-0.0803209	1.28652	-4.41929	0.204975	-1.96206	0.670139	0.417613	
0.00486 0.303632	-0.0250993	0.642542	0.309696	-0.0175424	0.594425	0.303632	-0.0250993	0.642542	0.309668	-0.0179208	0.594448	-1.72818	0.561301	2.82938	0.164962	0.148106	-0.0806802	1.20341	-4.35758	0.237244	-1.95393	0.680011	0.418027	
0.01109 0.303632	-0.0250993	0.642542	0.309818	-0.0175122	0.594443	0.303632	-0.0250993	0.642542	0.30979	-0.0178907	0.594465	-1.68502	0.529263	2.78746	0.160217	0.141033	-0.0811668	1.14777	-4.3256	0.277297	-1.94914	0.687178	0.41856	
0.00298 0.303632	-0.0250993	0.642542	0.309942	-0.0174836	0.594455	0.303632	-0.0250993	0.642542	0.309915	-0.0178624	0.594477	-1.66228	0.520586	2.74701	0.158208	0.13628	-0.0817583	1.11242	-4.31719	0.316442	-1.94707	0.692024	0.419214	
0.00517 0.303632	-0.0250993	0.642542	0.310069	-0.0174539	0.594469	0.303632	-0.0250993	0.642542	0.310042	-0.0178329	0.594489	-1.64521	0.517009	2.71546	0.15701	0.132511	-0.0824022	1.08246	-4.3139	0.346553	-1.94582	0.695891	0.41992	
0.00476 0.303632	-0.0250993	0.642542	0.310194	-0.0174217	0.594478	0.303632	-0.0250993	0.642542	0.310167	-0.017801	0.594498	-1.61986	0.501254	2.69733	0.154753	0.128353	-0.0830905	1.04443	-4.29888	0.363373	-1.94351	0.700141	0.420675	
0.00358 0.303632	-0.0250993	0.642542	0.31032	-0.017392	0.59449	0.303632	-0.0250993	0.642542	0.310293	-0.0177715	0.594509	-1.58685	0.470545	2.69304	0.151138	0.123858	-0.0838234	0.998663	-4.26855	0.36639	-1.93984	0.704727	0.421473	
0.00316 0.303632	-0.0250993	0.642542	0.310446	-0.0173632	0.594503	0.303632	-0.0250993	0.642542	0.310419	-0.0177429	0.594521	-1.55215	0.435682	2.69485	0.14721	0.119373	-0.0846463	0.951247	-4.23395	0.36323	-1.93585	0.709307	0.422359	
0.00184 0.303632	-0.0250993	0.642542	0.310574	-0.0173335	0.594511	0.303632	-0.0250993	0.642542	0.310547	-0.0177136	0.594528	-1.51643	0.404284	2.69829	0.143718	0.11479	-0.0856471	0.902614	-4.20321	0.358777	-1.9323	0.713985	0.423437	
0.00158 0.303632	-0.0250993	0.642542	0.310704	-0.0173054	0.594521	0.303632	-0.0250993	0.642542	0.310678	-0.0176858	0.594537	-1.4802	0.378543	2.70897	0.141057	0.110361	-0.086885	0.853225	-4.17787	0.347053	-1.92958	0.718508	0.424753	
0.00107 0.303632	-0.0250993	0.642542	0.310835	-0.0172739	0.594531	0.303632	-0.0250993	0.642542	0.310808	-0.0176545	0.594546	-1.44378	0.360738	2.73143	0.139638	0.106257	-0.0884358	0.803607	-4.16067	0.323404	-1.92811	0.722706	0.426371	
0.00132 0.303632	-0.0250993	0.642542	0.310966	-0.017247	0.59454	0.303632	-0.0250993	0.642542	0.31094	-0.0176279	0.594555	-1.4067	0.352332	2.76178	0.139591	0.102264	-0.0903449	0.753266	-4.15263	0.292162	-1.928	0.726797	0.428363	
0.00154 0.303632	-0.0250993	0.642542	0.311097	-0.0172189	0.594549	0.303632	-0.0250993	0.642542	0.311071	-0.0176001	0.594562	-1.36565	0.351083	2.7923	0.140445	0.0977573	-0.0925333	0.699035	-4.15185	0.260738	-1.92879	0.731401	0.430627	
0.001391 0.303632	-0.0250993	0.642542	0.311231	-0.0171906	0.594556	0.303632	-0.0250993	0.642542	0.311205	-0.0175721	0.594569	-1.31715	0.349094	2.82002	0.141183	0.0922883	-0.0948216	0.637056	-4.1504	0.232258	-1.92947	0.736969	0.432995	
0.00501 0.303632	-0.0250993	0.642542	0.311367	-0.0171615	0.594564	0.303632	-0.0250993	0.642542	0.311342	-0.0175434	0.594575	-1.25634	0.330806	2.84542	0.140035	0.0853784	-0.0970049	0.562508	-4.1327	0.206018	-1.92826	0.743982	0.435262	
0.00413 0.303632	-0.0250993	0.642542	0.311499	-0.0171318	0.594571	0.303632	-0.0250993	0.642542	0.311474	-0.017514	0.594581	-1.17846	0.286404	2.8695	0.135888	0.0765814	-0.0989753	0.471325	-4.08898	0.181092	-1.92405	0.752877	0.437313	
0.00498 0.303632	-0.0250993	0.642542	0.311632	-0.0171057	0.594579	0.303632	-0.0250993	0.642542	0.311607	-0.0174882	0.594589	-1.09594	0.231976	2.89127	0.130491	0.0672481	-0.100726	0.375443	-4.03493	0.158597	-1.91859	0.762305	0.43915	
0.00253 0.303632	-0.0250993	0.642542	0.311766	-0.0170736	0.594591	0.303632	-0.0250993	0.642542	0.31174	-0.0174564	0.594599	-1.02653	0.184042	2.8994	0.125471	0.0589077	-0.102224	0.292517	-3.98749	0.14915	-1.91352	0.770743	0.440715	
0.00383 0.303632	-0.0250993	0.642542	0.311894	-0.0170479	0.594602	0.303632	-0.0250993	0.642542	0.311869	-0.017431	0.59461	-0.980592	0.146791	2.88476	0.121185	0.0523321	-0.103462	0.233614	-3.95039	0.162857	-1.90917	0.777409	0.442026	
0.00217 0.303632	-0.0250993	0.642542	0.312025	-0.0170191	0.594617	0.303632	-0.0250993	0.642542	0.312	-0.0174024	0.594624	-0.973926	0.136417	2.85486	0.119635	0.0495409	-0.104481	0.213635	-3.94005	0.191336	-1.90757	0.780295	0.443104	
0.00164 0.303632	-0.0250993	0.642542	0.312157	-0.0169881	0.594624	0.303632	-0.0250993	0.642542	0.312132	-0.0173717	0.59463	-1.01383	0.164562	2.8254	0.122479	0.0519408	-0.105427	0.240268	-3.96902	0.219865	-1.91035	0.77799	0.444129	
0.00495 0.303632	-0.0250993	0.642542	0.312288	-0.0169615	0.594638	0.303632	-0.0250993	0.642542	0.312263	-0.0173453	0.594643	-1.09077	0.226264	2.80736	0.12947	0.0588894	-0.106446	0.303971	-4.0307	0.236739	-1.91729	0.771132	0.445219	
0.00174 0.303632	-0.0250993	0.642542	0.312422	-0.0169308	0.594651	0.303632	-0.0250993	0.642542	0.312398	-0.0173148	0.594655	-1.19276	0.311784	2.80018	0.139548	0.0690588	-0.107556	0.392309	-4.11652	0.242611	-1.92731	0.761065	0.446396	
0.00195 0.303632	-0.0250993	0.642542	0.312554	-0.0169041	0.594661	0.303632	-0.0250993	0.642542	0.312529	-0.0172884	0.594665	-1.30921	0.413652	2.80053	0.151794	0.0811788	-0.108762	0.495495	-4.21864	0.241308	-1.93949	0.749039	0.447678	
0.00393 0.303632	-0.0250993	0.642542	0.312686	-0.016876	0.594679	0.303632	-0.0250993	0.642542	0.312662	-0.0172606	0.594681	-1.43365	0.531577	2.80601	0.166075	0.0944797	-0.110087	0.606533	-4.33641	0.234366	-1.95372	0.735831	0.449062	
0.00182 0.303632	-0.0250993	0.642542	0.312816	-0.0168488	0.594698	0.303632	-0.0250993	0.642542	0.312792	-0.0172335	0.594699	-1.56614	0.668667	2.8108	0.182542	0.108786	-0.111488	0.725781	-4.4732	0.227975	-1.97014	0.72161	0.450516	
0.00174 0.303632	-0.0250993	0.642542	0.312948	-0.0168187	0.594721	0.303632	-0.0250993	0.642542	0.312924	-0.0172035	0.594721	-1.71066	0.824625	2.80686	0.200951	0.124245	-0.112875	0.856841	-4.62877	0.229847	-1.9885	0.706238	0.451952	
0.00106 0.303632	-0.0250993	0.642542	0.31308	-0.016792	0.594744	0.303632	-0.0250993	0.642542	0.313056	-0.0171769	0.594744	-1.86534	0.990398	2.79047	0.220195	0.140474	-0.114154	0.998104	-4.79386	0.24438	-2.00769	0.690094	0.45328	
0.0011 0.303632	-0.0250993	0.642542	0.313211	-0.0167632	0.594762	0.303632	-0.0250993	0.642542	0.313188	-0.0171483	0.594761	-2.02067	1.15575	2.76929	0.23925	0.156665	-0.115296	1.14008	-4.95908	0.264001	-2.0267	0.673993	0.454479	
0.00099 0.303632	-0.0250993	0.642542	0.313341	-0.0167353	0.594785	0.303632	-0.0250993	0.642542	0.313318	-0.0171205	0.594783	-2.17974	1.32345	2.75261	0.258589	0.173452	-0.116331	1.28587	-5.12628	0.278755	-2.04598	0.657293	0.455561	
0.001 0.303632	-0.0250993	0.642542	0.313471	-0.0167063	0.594802	0.303632	-0.0250993	0.642542	0.313448	-0.0170917	0.594799	-2.35125	1.49961	2.74084	0.278896	0.191787	-0.117288	1.4442	-5.30233	0.288925	-2.06624	0.639048	0.456573	
0.0048 0.303632	-0.0250993	0.642542	0.313603	-0.0166772	0.594825	0.303632	-0.0250993	0.642542	0.31358	-0.0170628	0.594821	-2.52594	1.67583	2.73017	0.299182	0.210488	-0.118231	1.60548	-5.47812	0.297694	-2.08648	0.620428	0.457566	
0.00255 0.303632	-0.0250993	0.642542	0.313736	-0.0166463	0.594843	0.303632	-0.0250993	0.642542	0.313714	-0.0170322	0.594838	-2.69777	1.84447	2.72284	0.318715	0.228934	-0.119242	1.7637	-5.64674	0.303337	-2.10596	0.602076	0.45863	
0.00434 0.303632	-0.0250993	0.642542	0.313866	-0.0166184	0.594863	0.303632	-0.0250993	0.642542	0.313844	-0.0170045	0.594858	-2.87203	2.00825	2.72379	0.337906	0.24789	-0.120301	1.9247	-5.81013	0.300669	-2.1251	0.583206	0.45974	
0.00221 0.303632	-0.0250993	0.642542	0.313998	-0.0165927	0.594883	0.303632	-0.0250993	0.642542	0.313976	-0.0169789	0.594876	-3.05084	2.17185	2.73468	0.357228	0.267722	-0.121265	2.09017	-5.97328	0.288257	-2.14437	0.563455	0.460762	
0.00302 0.303632	-0.0250993	0.642542	0.314129	-0.0165634	0.594906	0.303632	-0.0250993	0.642542	0.314108	-0.0169498	0.594899	-3.23727	2.34105	2.75392	0.377225	0.288777	-0.122029	2.26316	-6.14198	0.266977	-2.16432	0.542485	0.461575	
0.00173 0.303632	-0.0250993	0.642542	0.314259	-0.0165355	0.594932	0.303632	-0.0250993	0.642542	0.314238	-0.016922	0.594924	-3.4278	2.5173	2.77495	0.397929	0.310418	-0.122611	2.44044	-6.31748	0.243841	-2.18498	0.520931	0.462193	
0.00235 0.303632	-0.0250993	0.642542	0.314391	-0.0165081	0.594955	0.303632	-0.0250993	0.642542	0.31437	-0.0168948	0.594946	-3.61225	2.69759	2.79487	0.418924	0.331396	-0.123064	2.61142	-6.49722	0.222107	-2.20592	0.500038	0.462694	
0.00478 0.303632	-0.0250993	0.642542	0.314519	-0.0164793	0.594982	0.303632	-0.0250993	0.642542	0.314499	-0.0168661	0.594972	-3.78836	2.87655	2.81467	0.439593	0.351484	-0.123335	2.77436	-6.6754	0.200003	-2.22655	0.480033	0.462998	
0.017111 0.303632	-0.0250993	0.642542	0.314651	-0.0164496	0.595002	0.303632	-0.0250993	0.642542	0.314631	-0.0168366	0.594991	-3.95873	3.04759	2.83486	0.45917	0.370974	-0.123302	2.93127	-6.84621	0.178035	-2.24607	0.46063	0.463017	
0.00452 0.303632	-0.0250993	0.642542	0.314785	-0.016421	0.595026	0.303632	-0.0250993	0.642542	0.314765	-0.0168082	0.595015	-4.11845	3.20139	2.8532	0.476565	0.389199	-0.122952	3.07738	-6.99939	0.157727	-2.26342	0.442491	0.462715	
0.00211 0.303632	-0.0250993	0.642542	0.314914	-0.0163899	0.59505	0.303632	-0.0250993	0.642542	0.314895	-0.0167773	0.595038	-4.26131	3.33016	2.86529	0.49078	0.405253	-0.122287	3.20695	-7.12777	0.143477	-2.27759	0.426523	0.46209	
0.01442 0.303632	-0.0250993	0.642542	0.315046	-0.0163605	0.595078	0.303632	-0.0250993	0.642542	0.315028	-0.016748	0.595065	-4.39087	3.43736	2.87194	0.502194	0.41948	-0.121359	3.32294	-7.23417	0.134484	-2.28896	0.412378	0.461197	
0.00293 0.303632	-0.0250993	0.642542	0.315174	-0.0163327	0.595105	0.303632	-0.0250993	0.642542	0.315155	-0.0167203	0.595091	-4.50542	3.52172	2.87532	0.510642	0.431731	-0.120141	3.42442	-7.31772	0.128881	-2.29736	0.40021	0.460016	
0.0016 0.303632	-0.0250993	0.642542	0.315304	-0.0163045	0.595133	0.303632	-0.0250993	0.642542	0.315286	-0.0166923	0.595118	-4.60132	3.5787	2.87137	0.515443	0.441469	-0.118498	3.50699	-7.37379	0.130516	-2.30211	0.390558	0.458404	
0.00133 0.303632	-0.0250993	0.642542	0.315434	-0.0162736	0.595162	0.303632	-0.0250993	0.642542	0.315417	-0.0166615	0.595146	-4.69112	3.61925	2.85095	0.517617	0.449739	-0.116422	3.58329	-7.41357	0.148466	-2.30424	0.382381	0.456354	
0.00129 0.303632	-0.0250993	0.642542	0.315563	-0.016245	0.59519	0.303632	-0.0250993	0.642542	0.315546	-0.016633	0.595174	-4.78917	3.6603	2.81265	0.519073	0.458069	-0.114025	3.66813	-7.45376	0.18437	-2.30565	0.374133	0.453988	
0.00236 0.303632	-0.0250993	0.642542	0.315694	-0.0162153	0.595219	0.303632	-0.0250993	0.642542	0.315677	-0.0166034	0.595202	-4.89746	3.71072	2.76475	0.521037	0.467032	-0.111485	3.76297	-7.50333	0.229835	-2.30757	0.365253	0.45148	
0.00193 0.303632	-0.0250993	0.642542	0.315825	-0.0161852	0.595245	0.303632	-0.0250993	0.642542	0.315809	-0.0165735	0.595227	-4.99996	3.75992	2.71386	0.522528	0.475155	-0.108916	3.85198	-7.55192	0.278504	-2.30901	0.357217	0.44895	
0.00558 0.303632	-0.0250993	0.642542	0.315956	-0.0161545	0.595276	0.303632	-0.0250993	0.642542	0.31594	-0.0165428	0.595258	-5.07776	3.78935	2.66061	0.521572	0.480423	-0.106325	3.91626	-7.58036	0.329065	-2.30802	0.352031	0.446382	
0.0027 0.303632	-0.0250993	0.642542	0.31609	-0.0161218	0.595306	0.303632	-0.0250993	0.642542	0.316074	-0.0165103	0.595287	-5.13246	3.79631	2.60177	0.517893	0.482933	-0.103663	3.95718	-7.58658	0.385288	-2.30429	0.34961	0.443748	
0.00539 0.303632	-0.0250993	0.642542	0.316222	-0.0160911	0.595333	0.303632	-0.0250993	0.642542	0.316207	-0.0164797	0.595313	-5.17321	3.79287	2.53877	0.512914	0.483811	-0.100937	3.98436	-7.58245	0.445922	-2.29926	0.348822	0.441055	
0.00522 0.303632	-0.0250993	0.642542	0.316354	-0.0160606	0.595358	0.303632	-0.0250993	0.642542	0.316339	-0.0164493	0.595337	-5.20744	3.79444	2.48003	0.508498	0.484286	-0.0981396	4.00504	-7.58348	0.502507	-2.2948	0.348434	0.438298	
0.00283 0.303632	-0.0250993	0.642542	0.31649	-0.0160312	0.595381	0.303632	-0.0250993	0.642542	0.316476	-0.0164202	0.595359	-5.23605	3.80463	2.43136	0.505269	0.484688	-0.095392	4.01969	-7.59319	0.549292	-2.29152	0.348124	0.4356	
0.00398 0.303632	-0.0250993	0.642542	0.316624	-0.0159991	0.595402	0.303632	-0.0250993	0.642542	0.31661	-0.0163883	0.595379	-5.25082	3.81065	2.39653	0.50198	0.484268	-0.0927136	4.02077	-7.59903	0.582261	-2.28818	0.34864	0.432964	
0.00237 0.303632	-0.0250993	0.642542	0.316761	-0.0159675	0.595419	0.303632	-0.0250993	0.642542	0.316748	-0.016357	0.595395	-5.24513	3.80083	2.38505	0.497563	0.482717	-0.0900233	4.0011	-7.58922	0.592131	-2.2837	0.350285	0.430331	
0.00277 0.303632	-0.0250993	0.642542	0.316895	-0.0159365	0.595438	0.303632	-0.0250993	0.642542	0.316883	-0.0163263	0.595413	-5.21689	3.77314	2.40478	0.492086	0.480103	-0.0874831	3.95915	-7.56142	0.570729	-2.27817	0.352993	0.427842	
0.00497 0.303632	-0.0250993	0.642542	0.317032	-0.0159051	0.595457	0.303632	-0.0250993	0.642542	0.31702	-0.0162951	0.595431	-5.17181	3.73123	2.44865	0.485938	0.476784	-0.0851698	3.90012	-7.5194	0.525181	-2.27197	0.356403	0.425582	
0.00315 0.303632	-0.0250993	0.642542	0.31717	-0.0158739	0.595477	0.303632	-0.0250993	0.642542	0.317158	-0.0162641	0.595451	-5.12025	3.68315	2.50219	0.479715	0.473392	-0.0829793	3.83448	-7.47107	0.469892	-2.2657	0.359885	0.423443	
0.00151 0.303632	-0.0250993	0.642542	0.317308	-0.0158418	0.59549	0.303632	-0.0250993	0.642542	0.317296	-0.0162324	0.595463	-5.06443	3.63186	2.56131	0.473559	0.470062	-0.0807763	3.76464	-7.42012	0.409511	-2.25948	0.363314	0.421307	
0.00109 0.303632	-0.0250993	0.642542	0.31745	-0.0158118	0.595504	0.303632	-0.0250993	0.642542	0.317438	-0.0162028	0.595475	-4.99694	3.56967	2.62733	0.466629	0.465968	-0.0785733	3.68281	-7.35803	0.34237	-2.2525	0.367503	0.419167	
0.00105 0.303632	-0.0250993	0.642542	0.31759	-0.0157806	0.595513	0.303632	-0.0250993	0.642542	0.317579	-0.016172	0.595484	-4.89596	3.48017	2.69598	0.457033	0.458475	-0.0765626	3.56759	-7.26901	0.272819	-2.24284	0.375098	0.417233	
0.00103 0.303632	-0.0250993	0.642542	0.317733	-0.0157484	0.595524	0.303632	-0.0250993	0.642542	0.317722	-0.0161402	0.595494	-4.74665	3.35519	2.75783	0.443595	0.44557	-0.0748192	3.40386	-7.1445	0.209956	-2.22934	0.388105	0.415563	
0.00098 0.303632	-0.0250993	0.642542	0.317881	-0.0157197	0.595529	0.303632	-0.0250993	0.642542	0.31787	-0.0161119	0.595498	-4.56387	3.20588	2.81215	0.427389	0.428873	-0.0731959	3.20621	-6.9957	0.155298	-2.21307	0.404901	0.414027	
0.00483 0.303632	-0.0250993	0.642542	0.318025	-0.0156877	0.595539	0.303632	-0.0250993	0.642542	0.318014	-0.0160804	0.595507	-4.3644	3.0408	2.86938	0.409525	0.410564	-0.0716336	2.99218	-6.83113	0.0971723	-2.19514	0.423311	0.412541	
0.00463 0.303632	-0.0250993	0.642542	0.318173	-0.0156547	0.595545	0.303632	-0.0250993	0.642542	0.318163	-0.0160478	0.595513	-4.15957	2.86669	2.93395	0.390882	0.391918	-0.0702454	2.77238	-6.65775	0.0319404	-2.17644	0.442057	0.41124	
0.0049 0.303632	-0.0250993	0.642542	0.318322	-0.0156231	0.595554	0.303632	-0.0250993	0.642542	0.318313	-0.0160166	0.595521	-3.96264	2.69904	3.00015	0.373108	0.374055	-0.0691834	2.56042	-6.49059	-0.0350298	-2.1586	0.460019	0.410263	
0.00387 0.303632	-0.0250993	0.642542	0.318472	-0.0155915	0.595562	0.303632	-0.0250993	0.642542	0.318462	-0.0159855	0.595528	-3.77586	2.5462	3.05742	0.356888	0.356755	-0.0685261	2.35859	-6.33829	-0.0929536	-2.14232	0.477419	0.409692	
0.00235 0.303632	-0.0250993	0.642542	0.318624	-0.0155609	0.595567	0.303632	-0.0250993	0.642542	0.318615	-0.0159553	0.595531	-3.58905	2.39813	3.10107	0.340915	0.338679	-0.0681726	2.15649	-6.19092	-0.136951	-2.12628	0.495596	0.409434	
0.00429 0.303632	-0.0250993	0.642542	0.318776	-0.0155301	0.595571	0.303632	-0.0250993	0.642542	0.318767	-0.0159251	0.595534	-3.39323	2.24198	3.13465	0.323722	0.318959	-0.0679396	1.94536	-6.03549	-0.170772	-2.10902	0.515423	0.409293	
0.00497 0.303632	-0.0250993	0.642542	0.318931	-0.0155006	0.595572	0.303632	-0.0250993	0.642542	0.318922	-0.0158961	0.595535	-3.18485	2.07553	3.16424	0.305121	0.297414	-0.0677744	1.7215	-5.86985	-0.200317	-2.09035	0.537076	0.409234	
0.00564 0.303632	-0.0250993	0.642542	0.319091	-0.0154693	0.595574	0.303632	-0.0250993	0.642542	0.319082	-0.0158654	0.595535	-2.96264	1.89731	3.19608	0.28507	0.274133	-0.0677003	1.48328	-5.69249	-0.232187	-2.07023	0.560467	0.40926	
0.00457 0.303632	-0.0250993	0.642542	0.319245	-0.0154373	0.595579	0.303632	-0.0250993	0.642542	0.319237	-0.0158338	0.595539	-2.72958	1.70177	3.23036	0.262937	0.249483	-0.0676286	1.23471	-5.49772	-0.266795	-2.04803	0.585219	0.409281	
0.00241 0.303632	-0.0250993	0.642542	0.319404	-0.0154074	0.595584	0.303632	-0.0250993	0.642542	0.319396	-0.0158044	0.595543	-2.49655	1.49733	3.25846	0.239541	0.224398	-0.0675497	0.985701	-5.29381	-0.29513	-2.02456	0.610405	0.409303	
0.00189 0.303632	-0.0250993	0.642542	0.319559	-0.015374	0.595591	0.303632	-0.0250993	0.642542	0.319551	-0.0157714	0.595549	-2.27946	1.30721	3.2676	0.217268	0.200205	-0.067551	0.75305	-5.10436	-0.304874	-2.00223	0.634699	0.409396	
0.00163 0.303632	-0.0250993	0.642542	0.319719	-0.0153439	0.595598	0.303632	-0.0250993	0.642542	0.319711	-0.0157418	0.595555	-2.08992	1.14416	3.24928	0.197359	0.177826	-0.0675983	0.547499	-4.94172	-0.286897	-1.98225	0.657181	0.40954	
0.00102 0.303632	-0.0250993	0.642542	0.319877	-0.0153136	0.595605	0.303632	-0.0250993	0.642542	0.31987	-0.0157119	0.595561	-1.92862	1.00564	3.20245	0.179514	0.157214	-0.0676687	0.37025	-4.80365	-0.240419	-1.96434	0.677898	0.409707	
0.00098 0.303632	-0.0250993	0.642542	0.320035	-0.0152847	0.59561	0.303632	-0.0250993	0.642542	0.320027	-0.0156834	0.595565	-1.79152	0.887726	3.13544	0.163476	0.138197	-0.0677549	0.217387	-4.68625	-0.173543	-1.94823	0.697016	0.409891	
0.00097 0.303632	-0.0250993	0.642542	0.320194	-0.0152533	0.595615	0.303632	-0.0250993	0.642542	0.320187	-0.0156525	0.595568	-1.6822	0.793833	3.06103	0.14988	0.121697	-0.0677955	0.0920407	-4.59299	-0.0993621	-1.93457	0.713621	0.410025	
0.001 0.303632	-0.0250993	0.642542	0.320354	-0.0152255	0.595619	0.303632	-0.0250993	0.642542	0.320346	-0.0156252	0.595571	-1.59199	0.72027	2.97932	0.138343	0.106847	-0.0678503	-0.0140909	-4.5199	-0.0176411	-1.92297	0.728575	0.410186	
0.00098 0.303632	-0.0250993	0.642542	0.320511	-0.0151967	0.595628	0.303632	-0.0250993	0.642542	0.320504	-0.0155968	0.59558	-1.49962	0.654254	2.8847	0.127377	0.0912008	-0.0680374	-0.122299	-4.45407	0.0765529	-1.91193	0.744321	0.410461	
0.010011 0.303632	-0.0250993	0.642542	0.320672	-0.0151669	0.595639	0.303632	-0.0250993	0.642542	0.320665	-0.0155674	0.595589	-1.40789	0.601889	2.78109	0.117822	0.0752877	-0.0684301	-0.230192	-4.40184	0.179626	-1.90232	0.760331	0.410946	
0.00447 0.303632	-0.0250993	0.642542	0.320832	-0.0151388	0.595647	0.303632	-0.0250993	0.642542	0.320825	-0.0155396	0.595596	-1.33263	0.578707	2.6726	0.111601	0.0610493	-0.0690847	-0.32149	-4.37885	0.287808	-1.89603	0.774673	0.411696	
0.00369 0.303632	-0.0250993	0.642542	0.320996	-0.0151065	0.595654	0.303632	-0.0250993	0.642542	0.320989	-0.0155078	0.595602	-1.27841	0.580784	2.56561	0.10843	0.0492698	-0.0698794	-0.392166	-4.38146	0.394477	-1.89279	0.786555	0.412587	
0.00485 0.303632	-0.0250993	0.642542	0.32116	-0.0150791	0.59566	0.303632	-0.0250993	0.642542	0.321153	-0.0154808	0.595607	-1.23663	0.593172	2.47139	0.106883	0.0394647	-0.0707318	-0.450385	-4.39412	0.488673	-1.89118	0.796462	0.413545	
0.00526 0.303632	-0.0250993	0.642542	0.321322	-0.015048	0.59567	0.303632	-0.0250993	0.642542	0.321316	-0.01545	0.595616	-1.20046	0.611358	2.3946	0.106567	0.0310786	-0.0716923	-0.502858	-4.41254	0.564931	-1.8908	0.804949	0.414592	
0.00276 0.303632	-0.0250993	0.642542	0.321489	-0.0150211	0.595671	0.303632	-0.0250993	0.642542	0.321483	-0.0154236	0.595615	-1.16937	0.631866	2.33656	0.107117	0.0241316	-0.0727101	-0.55056	-4.43365	0.623451	-1.89127	0.812003	0.415729	
0.00327 0.303632	-0.0250993	0.642542	0.321651	-0.0149884	0.595676	0.303632	-0.0250993	0.642542	0.321645	-0.0153914	0.59562	-1.1432	0.648486	2.301	0.107906	0.0187644	-0.0737163	-0.593001	-4.45091	0.658708	-1.892	0.817475	0.416831	
0.00217 0.303632	-0.0250993	0.642542	0.321816	-0.0149587	0.595681	0.303632	-0.0250993	0.642542	0.32181	-0.0153621	0.595623	-1.13537	0.66863	2.28814	0.109788	0.0164601	-0.0746513	-0.617375	-4.47155	0.671554	-1.89381	0.819886	0.417869	
0.00202 0.303632	-0.0250993	0.642542	0.321982	-0.0149283	0.595685	0.303632	-0.0250993	0.642542	0.321976	-0.0153321	0.595626	-1.15628	0.700227	2.29372	0.113541	0.0182359	-0.0754062	-0.613063	-4.50371	0.666028	-1.89749	0.818218	0.418729	
0.00525 0.303632	-0.0250993	0.642542	0.322147	-0.0148963	0.595681	0.303632	-0.0250993	0.642542	0.322141	-0.0153007	0.595621	-1.19869	0.741024	2.31537	0.118824	0.0232205	-0.0759963	-0.587106	-4.54576	0.644911	-1.9027	0.813344	0.419441	
0.00341 0.303632	-0.0250993	0.642542	0.322314	-0.0148642	0.595688	0.303632	-0.0250993	0.642542	0.322307	-0.015269	0.595627	-1.2538	0.786972	2.35097	0.125176	0.0303122	-0.0765711	-0.548724	-4.59218	0.609055	-1.90898	0.806356	0.42011	
0.00149 0.303632	-0.0250993	0.642542	0.322479	-0.0148345	0.595686	0.303632	-0.0250993	0.642542	0.322473	-0.0152399	0.595623	-1.30204	0.817908	2.39367	0.130177	0.0370904	-0.0771271	-0.516933	-4.62408	0.566891	-1.91391	0.799682	0.420783	
0.00108 0.303632	-0.0250993	0.642542	0.322645	-0.0148035	0.595686	0.303632	-0.0250993	0.642542	0.322639	-0.0152094	0.595622	-1.31986	0.809167	2.4407	0.130949	0.0408563	-0.0775734	-0.515739	-4.61623	0.520193	-1.91461	0.796024	0.421344	
0.00099 0.303632	-0.0250993	0.642542	0.322812	-0.014772	0.595686	0.303632	-0.0250993	0.642542	0.322806	-0.0151785	0.595621	-1.31613	0.768144	2.49662	0.128368	0.0427187	-0.0778512	-0.536151	-4.57607	0.464584	-1.91196	0.794274	0.421732	
0.00101 0.303632	-0.0250993	0.642542	0.322975	-0.0147415	0.595689	0.303632	-0.0250993	0.642542	0.322969	-0.0151485	0.595623	-1.32154	0.725103	2.56201	0.125808	0.0460167	-0.0779489	-0.547065	-4.5337	0.399229	-1.90933	0.791078	0.421935	
0.00102 0.303632	-0.0250993	0.642542	0.323142	-0.0147089	0.595695	0.303632	-0.0250993	0.642542	0.323135	-0.0151163	0.595628	-1.36133	0.709586	2.63033	0.126422	0.0532435	-0.0779282	-0.523983	-4.51878	0.33072	-1.90987	0.783959	0.42201	
0.00126 0.303632	-0.0250993	0.642542	0.323306	-0.014676	0.595696	0.303632	-0.0250993	0.642542	0.3233	-0.0150839	0.595627	-1.4452	0.731361	2.69147	0.131079	0.0650681	-0.0777462	-0.45663	-4.54148	0.269717	-1.91446	0.772247	0.421929	
0.00503 0.303632	-0.0250993	0.642542	0.323466	-0.0146428	0.595699	0.303632	-0.0250993	0.642542	0.323461	-0.0150513	0.595629	-1.57238	0.783242	2.74085	0.138884	0.0812023	-0.0773168	-0.345566	-4.59419	0.220258	-1.9222	0.756217	0.421591	
0.00287 0.303632	-0.0250993	0.642542	0.323625	-0.0146144	0.595703	0.303632	-0.0250993	0.642542	0.323619	-0.0150233	0.595632	-1.74457	0.865126	2.78525	0.149948	0.102058	-0.0766691	-0.189249	-4.67655	0.175927	-1.93319	0.735467	0.421045	
0.00483 0.303632	-0.0250993	0.642542	0.323777	-0.0145814	0.595711	0.303632	-0.0250993	0.642542	0.323771	-0.0149907	0.595639	-1.9638	0.983535	2.83	0.165022	0.128037	-0.075854	0.0146503	-4.79551	0.130616	-1.9482	0.709584	0.42031	
0.00629 0.303632	-0.0250993	0.642542	0.323928	-0.0145474	0.595723	0.303632	-0.0250993	0.642542	0.323922	-0.014957	0.59565	-2.23235	1.14447	2.87201	0.184639	0.159243	-0.0749271	0.267879	-4.9568	0.0876453	-1.96776	0.678474	0.419453	
0.00926 0.303632	-0.0250993	0.642542	0.324073	-0.014516	0.595739	0.303632	-0.0250993	0.642542	0.324068	-0.0149259	0.595665	-2.55068	1.35678	2.90491	0.209653	0.195433	-0.074063	0.571415	-5.16903	0.0535343	-1.99272	0.642375	0.41865	
0.00395 0.303632	-0.0250993	0.642542	0.324212	-0.0144887	0.595757	0.303632	-0.0250993	0.642542	0.324207	-0.0148989	0.595682	-2.91609	1.63269	2.92351	0.241277	0.236115	-0.07339	0.922737	-5.44453	0.0337743	-2.0243	0.601776	0.418029	
0.0021 0.303632	-0.0250993	0.642542	0.324351	-0.0144564	0.595781	0.303632	-0.0250993	0.642542	0.324346	-0.0148667	0.595705	-3.33339	1.98298	2.92301	0.280579	0.281657	-0.0728905	1.32577	-5.79431	0.0323533	-2.06356	0.556314	0.417564	
0.00341 0.303632	-0.0250993	0.642542	0.324483	-0.014427	0.595806	0.303632	-0.0250993	0.642542	0.324479	-0.0148374	0.595729	-3.80434	2.40211	2.90592	0.327034	0.332338	-0.0724997	1.78314	-6.21278	0.0475582	-2.10996	0.505715	0.417207	
0.00353 0.303632	-0.0250993	0.642542	0.324615	-0.0143964	0.595835	0.303632	-0.0250993	0.642542	0.324611	-0.0148069	0.595757	-4.31761	2.87207	2.88046	0.378853	0.3872	-0.0721815	2.28285	-6.68183	0.0706574	-2.16175	0.450925	0.416911	
0.00209 0.303632	-0.0250993	0.642542	0.324747	-0.0143644	0.595864	0.303632	-0.0250993	0.642542	0.324743	-0.014775	0.595785	-4.8625	3.3746	2.84737	0.434064	0.445095	-0.0718455	2.81409	-7.18353	0.101338	-2.21691	0.393113	0.416594	
0.0019 0.303632	-0.0250993	0.642542	0.324876	-0.0143325	0.595898	0.303632	-0.0250993	0.642542	0.324872	-0.0147431	0.595819	-5.42836	3.89205	2.80303	0.490645	0.504735	-0.0713632	3.36655	-7.69981	0.142805	-2.27346	0.333549	0.416118	
0.00312 0.303632	-0.0250993	0.642542	0.325006	-0.0143041	0.595928	0.303632	-0.0250993	0.642542	0.325003	-0.0147149	0.595848	-6.00429	4.41048	2.74965	0.547066	0.565015	-0.0706588	3.92902	-8.21713	0.193958	-2.32984	0.273347	0.415432	
0.00145 0.303632	-0.0250993	0.642542	0.325134	-0.0142717	0.595961	0.303632	-0.0250993	0.642542	0.325132	-0.0146825	0.59588	-6.56541	4.90525	2.69149	0.600578	0.623392	-0.069663	4.47684	-8.71087	0.249315	-2.38331	0.215046	0.414444	
0.0011 0.303632	-0.0250993	0.642542	0.325263	-0.0142408	0.595993	0.303632	-0.0250993	0.642542	0.325261	-0.0146517	0.595911	-7.0735	5.34589	2.62255	0.647549	0.675485	-0.0684109	4.97154	-9.15042	0.315641	-2.43025	0.163027	0.413201	
0.00103 0.303632	-0.0250993	0.642542	0.325394	-0.0142114	0.596019	0.303632	-0.0250993	0.642542	0.325393	-0.0146225	0.595936	-7.51055	5.72464	2.54104	0.687051	0.719272	-0.0670842	5.39508	-9.52842	0.39513	-2.46971	0.119317	0.411896	
0.00099 0.303632	-0.0250993	0.642542	0.325522	-0.0141791	0.596052	0.303632	-0.0250993	0.642542	0.325522	-0.0145903	0.595968	-7.88225	6.05121	2.4522	0.720312	0.755612	-0.0658088	5.75338	-9.85395	0.481172	-2.50294	0.0830533	0.410621	
0.00534 0.303632	-0.0250993	0.642542	0.32565	-0.0141518	0.59608	0.303632	-0.0250993	0.642542	0.325649	-0.0145632	0.595996	-8.2022	6.33832	2.35935	0.748876	0.786214	-0.0645663	6.06021	-10.14	0.571893	-2.53146	0.052529	0.409397	
0.00284 0.303632	-0.0250993	0.642542	0.325779	-0.0141178	0.596108	0.303632	-0.0250993	0.642542	0.32578	-0.0145293	0.596023	-8.47876	6.59323	2.26734	0.773798	0.812227	-0.0633942	6.32332	-10.3943	0.661462	-2.55634	0.0265923	0.408238	
0.0057 0.303632	-0.0250993	0.642542	0.325907	-0.0140861	0.596135	0.303632	-0.0250993	0.642542	0.325908	-0.0144978	0.596049	-8.70973	6.80953	2.18028	0.794635	0.833603	-0.0623795	6.54112	-10.6099	0.746253	-2.57714	0.00529609	0.407246	
0.005771 0.303632	-0.0250993	0.642542	0.326036	-0.0140553	0.596165	0.303632	-0.0250993	0.642542	0.326037	-0.0144672	0.596078	-8.89128	6.98034	2.09822	0.810634	0.849947	-0.0614569	6.70928	-10.7798	0.825872	-2.5931	-0.0109704	0.40634	
0.0049 0.303632	-0.0250993	0.642542	0.326163	-0.0140218	0.59619	0.303632	-0.0250993	0.642542	0.326165	-0.0144339	0.596103	-9.02379	7.10279	2.02069	0.821438	0.861315	-0.0604955	6.82865	-10.9018	0.901139	-2.60386	-0.0222556	0.405395	
0.00264 0.303632	-0.0250993	0.642542	0.326293	-0.0139898	0.596215	0.303632	-0.0250993	0.642542	0.326296	-0.0144022	0.596127	-9.10308	7.16705	1.95147	0.826078	0.867397	-0.0593952	6.89447	-10.9655	0.96828	-2.60846	-0.0282576	0.404325	
0.00446 0.303632	-0.0250993	0.642542	0.326425	-0.0139598	0.596234	0.303632	-0.0250993	0.642542	0.326428	-0.0143725	0.596145	-9.11918	7.17001	1.89801	0.824435	0.867406	-0.0582497	6.89711	-10.9682	1.02029	-2.60677	-0.0281832	0.403217	
0.00222 0.303632	-0.0250993	0.642542	0.326555	-0.0139286	0.59625	0.303632	-0.0250993	0.642542	0.326559	-0.0143416	0.59616	-9.06882	7.12044	1.86781	0.817717	0.861277	-0.0572274	6.83345	-10.9186	1.04914	-2.6	-0.0219692	0.402236	
0.00507 0.303632	-0.0250993	0.642542	0.326685	-0.0139013	0.596263	0.303632	-0.0250993	0.642542	0.32669	-0.0143148	0.596173	-8.95754	7.02592	1.86565	0.806871	0.849845	-0.0563131	6.70883	-10.824	1.05042	-2.5891	-0.0104483	0.401376	
0.00513 0.303632	-0.0250993	0.642542	0.326815	-0.0138699	0.596274	0.303632	-0.0250993	0.642542	0.32682	-0.0142839	0.596183	-8.78347	6.87982	1.89307	0.791152	0.833035	-0.0554058	6.52162	-10.6783	1.0221	-2.57333	0.00644982	0.400523	
0.00269 0.303632	-0.0250993	0.642542	0.326947	-0.0138415	0.596286	0.303632	-0.0250993	0.642542	0.326953	-0.0142559	0.596194	-8.54261	6.67291	1.94608	0.769503	0.810242	-0.0545295	6.26724	-10.4715	0.96828	-2.55163	0.0293268	0.399699	
0.00228 0.303632	-0.0250993	0.642542	0.327081	-0.0138116	0.596295	0.303632	-0.0250993	0.642542	0.327087	-0.0142265	0.596202	-8.24602	6.41678	2.02	0.743198	0.782478	-0.0538609	5.95714	-10.2157	0.893672	-2.52528	0.0571728	0.399092	
0.00185 0.303632	-0.0250993	0.642542	0.327212	-0.0137812	0.596304	0.303632	-0.0250993	0.642542	0.327218	-0.0141965	0.596211	-7.91234	6.13245	2.11	0.714492	0.751572	-0.0534868	5.61016	-9.93181	0.802933	-2.49652	0.088162	0.398779	
0.00115 0.303632	-0.0250993	0.642542	0.327346	-0.0137542	0.596309	0.303632	-0.0250993	0.642542	0.327352	-0.0141701	0.596215	-7.55903	5.83836	2.21257	0.685278	0.71928	-0.0533173	5.24337	-9.63816	0.7002	-2.46725	0.120537	0.398684	
0.00172 0.303632	-0.0250993	0.642542	0.327478	-0.013726	0.596312	0.303632	-0.0250993	0.642542	0.327485	-0.0141424	0.596218	-7.19495	5.54518	2.32258	0.656591	0.686288	-0.053324	4.86592	-9.34564	0.590061	-2.43851	0.153614	0.398766	
0.00117 0.303632	-0.0250993	0.642542	0.32761	-0.0137003	0.596319	0.303632	-0.0250993	0.642542	0.327617	-0.0141172	0.596223	-6.82562	5.2591	2.42762	0.628882	0.652574	-0.0535951	4.48332	-9.05984	0.484824	-2.41075	0.187411	0.399105	
0.00525 0.303632	-0.0250993	0.642542	0.327745	-0.0136742	0.596315	0.303632	-0.0250993	0.642542	0.327753	-0.0140918	0.596218	-6.46497	4.9903	2.52362	0.603139	0.619402	-0.0540963	4.10911	-8.79202	0.389494	-2.38494	0.220675	0.399697	
0.02226 0.303632	-0.0250993	0.642542	0.327878	-0.01365	0.596311	0.303632	-0.0250993	0.642542	0.327887	-0.0140682	0.596214	-6.1213	4.74301	2.61634	0.579795	0.587846	-0.054739	3.75215	-8.54559	0.297465	-2.36154	0.252323	0.400431	
0.00328 0.303632	-0.0250993	0.642542	0.328013	-0.0136231	0.596314	0.303632	-0.0250993	0.642542	0.328021	-0.0140418	0.596216	-5.79227	4.50715	2.70715	0.557584	0.557681	-0.0553861	3.40961	-8.31025	0.206665	-2.33927	0.282574	0.401149	
0.00488 0.303632	-0.0250993	0.642542	0.328149	-0.0135977	0.596312	0.303632	-0.0250993	0.642542	0.328157	-0.0140171	0.596213	-5.47441	4.2766	2.79112	0.535648	0.528302	-0.0560614	3.07818	-8.08054	0.123276	-2.31728	0.312037	0.401917	
0.00215 0.303632	-0.0250993	0.642542	0.328282	-0.0135709	0.596312	0.303632	-0.0250993	0.642542	0.328291	-0.0139909	0.596213	-5.16628	4.0604	2.85858	0.514702	0.499162	-0.0569087	2.75664	-7.8651	0.0560376	-2.29628	0.341257	0.40285	
0.00132 0.303632	-0.0250993	0.642542	0.328418	-0.0135451	0.596308	0.303632	-0.0250993	0.642542	0.328427	-0.0139657	0.596208	-4.87126	3.86434	2.90658	0.495206	0.470515	-0.0578607	2.4481	-7.67004	0.00873855	-2.27673	0.369988	0.403895	
0.00107 0.303632	-0.0250993	0.642542	0.328554	-0.0135196	0.596303	0.303632	-0.0250993	0.642542	0.328563	-0.0139409	0.596202	-4.58945	3.68159	2.93937	0.476485	0.442453	-0.0588474	2.15274	-7.48828	-0.0232854	-2.25795	0.398136	0.404978	
0.01089 0.303632	-0.0250993	0.642542	0.328694	-0.0134914	0.596294	0.303632	-0.0250993	0.642542	0.328703	-0.0139134	0.596192	-4.30751	3.49257	2.95776	0.45646	0.41345	-0.0598701	1.85689	-7.30073	-0.0406897	-2.23786	0.427233	0.406106	
0.00407 0.303632	-0.0250993	0.642542	0.328834	-0.0134694	0.596283	0.303632	-0.0250993	0.642542	0.328844	-0.0138922	0.596181	-4.01368	3.27853	2.96484	0.433143	0.3823	-0.0608254	1.54915	-7.08778	-0.0462642	-2.21447	0.458473	0.407173	
0.00488 0.303632	-0.0250993	0.642542	0.328972	-0.0134435	0.596272	0.303632	-0.0250993	0.642542	0.328981	-0.013867	0.596168	-3.71132	3.04102	2.96465	0.40677	0.34957	-0.0615619	1.23312	-6.85171	-0.0447839	-2.18804	0.491299	0.408015	
0.00204 0.303632	-0.0250993	0.642542	0.329114	-0.0134204	0.596256	0.303632	-0.0250993	0.642542	0.329124	-0.0138447	0.596152	-3.4085	2.79241	2.96051	0.378791	0.316344	-0.0620442	0.916264	-6.6046	-0.0387668	-2.15999	0.524624	0.408616	
0.00464 0.303632	-0.0250993	0.642542	0.329254	-0.0133955	0.596244	0.303632	-0.0250993	0.642542	0.329264	-0.0138206	0.596138	-3.09834	2.53259	2.95156	0.349238	0.281913	-0.0623736	0.592274	-6.34621	-0.0282923	-2.13037	0.559146	0.409056	
0.00179 0.303632	-0.0250993	0.642542	0.329395	-0.0133712	0.59623	0.303632	-0.0250993	0.642542	0.329404	-0.0137971	0.596124	-2.76679	2.25519	2.93266	0.317331	0.244639	-0.0626589	0.246817	-6.07031	-0.00778146	-2.0984	0.596511	0.409464	
0.00124 0.303632	-0.0250993	0.642542	0.329539	-0.013343	0.596213	0.303632	-0.0250993	0.642542	0.329549	-0.0137697	0.596105	-2.42006	1.96633	2.90971	0.283937	0.205478	-0.0629776	-0.11418	-5.78342	0.0169271	-2.06493	0.635768	0.409906	
0.00103 0.303632	-0.0250993	0.642542	0.32968	-0.0133177	0.596197	0.303632	-0.0250993	0.642542	0.32969	-0.0137451	0.596089	-2.07634	1.67248	2.89132	0.250049	0.166758	-0.0632643	-0.471837	-5.49122	0.0370609	-2.03098	0.674579	0.41031	
0.00099 0.303632	-0.0250993	0.642542	0.329824	-0.0132938	0.596179	0.303632	-0.0250993	0.642542	0.329833	-0.0137221	0.596069	-1.75103	1.38169	2.87946	0.216622	0.130282	-0.063367	-0.811247	-5.20218	0.0509927	-1.99748	0.711151	0.410542	
0.00309 0.303632	-0.0250993	0.642542	0.329966	-0.0132648	0.596163	0.303632	-0.0250993	0.642542	0.329975	-0.0136938	0.596053	-1.45359	1.10619	2.87508	0.185048	0.0971641	-0.0632538	-1.12277	-4.92856	0.0568865	-1.96584	0.744369	0.410547	
0.00154 0.303632	-0.0250993	0.642542	0.330108	-0.013242	0.596146	0.303632	-0.0250993	0.642542	0.330117	-0.0136718	0.596035	-1.18447	0.850857	2.87495	0.155843	0.0673475	-0.0629547	-1.40591	-4.6748	0.0590716	-1.93656	0.774284	0.410366	
0.00129 0.303632	-0.0250993	0.642542	0.330388	-0.0131892	0.596108	0.303632	-0.0250993	0.642542	0.330398	-0.0136205	0.595994	-0.724154	0.401322	2.87611	0.104379	0.0165729	-0.0617284	-1.89391	-4.22924	0.0618465	-1.88496	0.825257	0.409392	
0.00506 0.303632	-0.0250993	0.642542	0.330531	-0.0131645	0.596085	0.303632	-0.0250993	0.642542	0.33054	-0.0135966	0.595971	-0.537803	0.215532	2.87006	0.0828112	-0.00403554	-0.0607341	-2.09432	-4.04547	0.0702633	-1.86331	0.845968	0.408525	
0.0052 0.303632	-0.0250993	0.642542	0.330674	-0.0131387	0.596062	0.303632	-0.0250993	0.642542	0.330683	-0.0135718	0.595946	-0.379852	0.0562753	2.86464	0.0641612	-0.0213737	-0.0595893	-2.26629	-3.88843	0.0780278	-1.84459	0.863402	0.407517	
0.00273 0.303632	-0.0250993	0.642542	0.330814	-0.0131103	0.596042	0.303632	-0.0250993	0.642542	0.330823	-0.0135441	0.595925	-0.248414	-0.0803915	2.86205	0.0481159	-0.0356534	-0.0584673	-2.41159	-3.75391	0.0825691	-1.82848	0.877783	0.406516	
0.00271 0.303632	-0.0250993	0.642542	0.330956	-0.0130818	0.596021	0.303632	-0.0250993	0.642542	0.330964	-0.0135165	0.595903	-0.144636	-0.197503	2.85792	0.0342802	-0.0469879	-0.057403	-2.52932	-3.63908	0.0887467	-1.81457	0.889213	0.40558	
0.00455 0.303632	-0.0250993	0.642542	0.331093	-0.0130544	0.595998	0.303632	-0.0250993	0.642542	0.331102	-0.0134899	0.595879	-0.0678797	-0.301976	2.85098	0.0218564	-0.0555416	-0.0563272	-2.61964	-3.53685	0.0978754	-1.80207	0.897868	0.404626	
0.009891 0.303632	-0.0250993	0.642542	0.331232	-0.0130282	0.595979	0.303632	-0.0250993	0.642542	0.33124	-0.0134645	0.595859	-0.0177875	-0.395174	2.83921	0.0105924	-0.0614371	-0.0551368	-2.68338	-3.44564	0.111605	-1.79074	0.903859	0.403559	
0.0029 0.303632	-0.0250993	0.642542	0.331368	-0.0130014	0.595957	0.303632	-0.0250993	0.642542	0.331377	-0.0134385	0.595836	0.00304149	-0.46729	2.82211	0.00156641	-0.0644161	-0.0539005	-2.71769	-3.37569	0.130843	-1.78165	0.906935	0.402444	
0.00413 0.303632	-0.0250993	0.642542	0.331504	-0.0129763	0.595938	0.303632	-0.0250993	0.642542	0.331512	-0.0134142	0.595816	-0.00710893	-0.504243	2.80113	-0.00360042	-0.0642308	-0.0527871	-2.72088	-3.34069	0.153824	-1.77641	0.906846	0.401451	
0.00321 0.303632	-0.0250993	0.642542	0.331641	-0.0129483	0.595916	0.303632	-0.0250993	0.642542	0.331649	-0.0133869	0.595793	-0.0452238	-0.505447	2.78	-0.00475182	-0.0610393	-0.051848	-2.69636	-3.34172	0.177029	-1.77519	0.903755	0.400633	
0.0033 0.303632	-0.0250993	0.642542	0.331778	-0.0129224	0.595897	0.303632	-0.0250993	0.642542	0.331785	-0.0133619	0.595773	-0.0934632	-0.49573	2.76051	-0.00455546	-0.0567262	-0.0510597	-2.6616	-3.35339	0.198557	-1.77531	0.89954	0.399962	
0.00242 0.303632	-0.0250993	0.642542	0.331914	-0.0128943	0.595878	0.303632	-0.0250993	0.642542	0.331921	-0.0133345	0.595753	-0.129867	-0.496907	2.73346	-0.00560922	-0.0540122	-0.0504102	-2.63865	-3.35433	0.227439	-1.77419	0.896917	0.399431	
0.00144 0.303632	-0.0250993	0.642542	0.332052	-0.0128636	0.595855	0.303632	-0.0250993	0.642542	0.332059	-0.0133046	0.595729	-0.158005	-0.504798	2.69556	-0.00741708	-0.0526834	-0.0500329	-2.62417	-3.34889	0.267338	-1.77231	0.89569	0.399171	
0.00136 0.303632	-0.0250993	0.642542	0.332185	-0.0128339	0.595835	0.303632	-0.0250993	0.642542	0.332192	-0.0132757	0.595708	-0.193349	-0.508482	2.65412	-0.00847221	-0.0508934	-0.0500788	-2.60195	-3.34749	0.310581	-1.77119	0.893993	0.399332	
0.00131 0.303632	-0.0250993	0.642542	0.332321	-0.0128069	0.595816	0.303632	-0.0250993	0.642542	0.332327	-0.0132494	0.595688	-0.243196	-0.49402	2.61118	-0.00729802	-0.0477113	-0.0504685	-2.56555	-3.36397	0.355409	-1.7723	0.890905	0.399837	
0.00232 0.303632	-0.0250993	0.642542	0.332456	-0.0127817	0.595796	0.303632	-0.0250993	0.642542	0.332463	-0.013225	0.595667	-0.30715	-0.452776	2.56758	-0.00310992	-0.0430304	-0.0510399	-2.51496	-3.40718	0.401124	-1.77642	0.88632	0.400529	
0.00284 0.303632	-0.0250993	0.642542	0.332591	-0.0127555	0.595773	0.303632	-0.0250993	0.642542	0.332598	-0.0131997	0.595643	-0.37866	-0.393854	2.5248	0.0030135	-0.037442	-0.0516228	-2.45675	-3.46834	0.446231	-1.78247	0.88083	0.401232	
0.00347 0.303632	-0.0250993	0.642542	0.332725	-0.0127267	0.595753	0.303632	-0.0250993	0.642542	0.332732	-0.0131717	0.595621	-0.452986	-0.331132	2.48437	0.00951963	-0.0313752	-0.0520882	-2.39572	-3.53328	0.488543	-1.78891	0.874861	0.401812	
0.00443 0.303632	-0.0250993	0.642542	0.332862	-0.0126995	0.595726	0.303632	-0.0250993	0.642542	0.332868	-0.0131454	0.595594	-0.526804	-0.275895	2.45041	0.0152659	-0.0250535	-0.0524585	-2.33535	-3.59102	0.525045	-1.79458	0.86864	0.40231	
0.00225 0.303632	-0.0250993	0.642542	0.332997	-0.0126732	0.595704	0.303632	-0.0250993	0.642542	0.333003	-0.0131198	0.59557	-0.593693	-0.233889	2.42219	0.0196418	-0.0192367	-0.0528317	-2.28177	-3.63525	0.555534	-1.79889	0.86292	0.40281	
0.002141 0.303632	-0.0250993	0.642542	0.333136	-0.012643	0.595681	0.303632	-0.0250993	0.642542	0.333142	-0.0130905	0.595546	-0.649069	-0.203324	2.39502	0.0227731	-0.0146128	-0.0533072	-2.24005	-3.66829	0.584785	-1.80195	0.858393	0.403411	
0.00175 0.303632	-0.0250993	0.642542	0.333273	-0.0126153	0.595655	0.303632	-0.0250993	0.642542	0.333279	-0.0130637	0.59552	-0.68679	-0.186881	2.36918	0.0244084	-0.0118783	-0.0539487	-2.21583	-3.68721	0.613106	-1.80351	0.855757	0.404178	
0.00263 0.303632	-0.0250993	0.642542	0.33341	-0.012588	0.595632	0.303632	-0.0250993	0.642542	0.333416	-0.0130372	0.595495	-0.699479	-0.189534	2.34646	0.024061	-0.0118104	-0.0547398	-2.21664	-3.68689	0.638144	-1.80309	0.855787	0.405099	
0.00257 0.303632	-0.0250993	0.642542	0.333547	-0.0125624	0.595611	0.303632	-0.0250993	0.642542	0.333553	-0.0130124	0.595473	-0.677775	-0.213712	2.32301	0.0213684	-0.0155946	-0.0556995	-2.25185	-3.66472	0.663773	-1.80033	0.859665	0.406179	
0.00465 0.303632	-0.0250993	0.642542	0.333686	-0.012536	0.595585	0.303632	-0.0250993	0.642542	0.333691	-0.0129869	0.595446	-0.613126	-0.262597	2.29346	0.0158497	-0.0243724	-0.056846	-2.33013	-3.61826	0.695968	-1.79474	0.868543	0.407456	
0.00434 0.303632	-0.0250993	0.642542	0.333828	-0.0125108	0.595561	0.303632	-0.0250993	0.642542	0.333833	-0.0129626	0.595422	-0.517365	-0.327542	2.25644	0.00844393	-0.0369133	-0.058162	-2.43978	-3.55544	0.735509	-1.78726	0.881183	0.4089	
0.00216 0.303632	-0.0250993	0.642542	0.333967	-0.0124828	0.595536	0.303632	-0.0250993	0.642542	0.333972	-0.0129354	0.595396	-0.40907	-0.400513	2.21488	9.19657e-05	-0.0510763	-0.0595742	-2.56181	-3.48491	0.779481	-1.77884	0.895449	0.410442	
0.00146 0.303632	-0.0250993	0.642542	0.334109	-0.0124569	0.595509	0.303632	-0.0250993	0.642542	0.334113	-0.0129104	0.595367	-0.293459	-0.484381	2.17409	-0.00946511	-0.0660768	-0.0609922	-2.69129	-3.40347	0.823095	-1.7692	0.91055	0.411995	
0.00133 0.303632	-0.0250993	0.642542	0.334251	-0.0124321	0.59548	0.303632	-0.0250993	0.642542	0.334256	-0.0128866	0.595337	-0.16792	-0.579165	2.1398	-0.0201391	-0.0819846	-0.0624624	-2.83079	-3.31115	0.860407	-1.75845	0.926561	0.413605	
0.00131 0.303632	-0.0250993	0.642542	0.334392	-0.0124049	0.59545	0.303632	-0.0250993	0.642542	0.334396	-0.0128603	0.595306	-0.0282021	-0.687886	2.1178	-0.0321539	-0.0990425	-0.0640348	-2.98428	-3.20518	0.885318	-1.74636	0.943721	0.41532	
0.00131 0.303632	-0.0250993	0.642542	0.334532	-0.0123814	0.595419	0.303632	-0.0250993	0.642542	0.334536	-0.0128377	0.595274	0.116561	-0.805035	2.10714	-0.0449191	-0.116255	-0.0656574	-3.14268	-3.09051	0.899178	-1.73352	0.961032	0.417085	
0.00167 0.303632	-0.0250993	0.642542	0.334672	-0.012354	0.595389	0.303632	-0.0250993	0.642542	0.334676	-0.0128113	0.595243	0.249228	-0.908095	2.10195	-0.0560479	-0.131932	-0.0673553	-3.28904	-2.99025	0.90732	-1.72232	0.97681	0.418927	
0.0017 0.303632	-0.0250993	0.642542	0.334813	-0.0123301	0.595357	0.303632	-0.0250993	0.642542	0.334816	-0.0127884	0.59521	0.365342	-0.988482	2.09982	-0.0646347	-0.145646	-0.0691121	-3.41888	-2.91245	0.912706	-1.71365	0.990621	0.420828	
0.00182 0.303632	-0.0250993	0.642542	0.334955	-0.0123072	0.595323	0.303632	-0.0250993	0.642542	0.334957	-0.0127665	0.595175	0.466345	-1.05163	2.09972	-0.0712987	-0.157563	-0.0708061	-3.53361	-2.85202	0.916318	-1.70691	1.00264	0.422677	
0.00379 0.303632	-0.0250993	0.642542	0.335093	-0.0122853	0.595299	0.303632	-0.0250993	0.642542	0.335096	-0.0127454	0.59515	0.553811	-1.09887	2.10012	-0.0761821	-0.167886	-0.0723644	-3.63462	-2.80676	0.918727	-1.70196	1.01306	0.424363	
0.00499 0.303632	-0.0250993	0.642542	0.335235	-0.012262	0.595264	0.303632	-0.0250993	0.642542	0.335237	-0.0127231	0.595114	0.63145	-1.12907	2.09994	-0.0791237	-0.17706	-0.073858	-3.72601	-2.77931	0.922489	-1.69894	1.02233	0.426009	
0.00313 0.303632	-0.0250993	0.642542	0.335376	-0.0122373	0.595233	0.303632	-0.0250993	0.642542	0.335378	-0.0126994	0.595082	0.715276	-1.15498	2.0996	-0.0814856	-0.186852	-0.0754142	-3.82361	-2.75603	0.926045	-1.6965	1.03223	0.427709	
0.0049 0.303632	-0.0250993	0.642542	0.335519	-0.0122144	0.595199	0.303632	-0.0250993	0.642542	0.335521	-0.0126775	0.595047	0.827211	-1.2026	2.10331	-0.0861343	-0.199501	-0.0769709	-3.94944	-2.71105	0.925917	-1.69177	1.04498	0.429417	
0.00237 0.303632	-0.0250993	0.642542	0.335662	-0.0121891	0.595164	0.303632	-0.0250993	0.642542	0.335664	-0.0126532	0.595011	0.962043	-1.27295	2.11556	-0.0931936	-0.214237	-0.0783789	-4.0982	-2.64362	0.917199	-1.68463	1.05982	0.430977	
0.00314 0.303632	-0.0250993	0.642542	0.335801	-0.0121663	0.595133	0.303632	-0.0250993	0.642542	0.335802	-0.0126314	0.594979	1.09517	-1.34396	2.13107	-0.100419	-0.228556	-0.0795621	-4.24475	-2.57509	0.904965	-1.67733	1.07423	0.432307	
0.00528 0.303632	-0.0250993	0.642542	0.335944	-0.0121451	0.595097	0.303632	-0.0250993	0.642542	0.335944	-0.0126113	0.594941	1.20684	-1.40081	2.14263	-0.106337	-0.240619	-0.0804809	-4.37022	-2.521	0.897327	-1.67134	1.08639	0.43339	
0.00252 0.303632	-0.0250993	0.642542	0.336086	-0.0121202	0.595055	0.303632	-0.0250993	0.642542	0.336087	-0.0125875	0.594899	1.29992	-1.45119	2.14824	-0.111892	-0.250867	-0.0811121	-4.47711	-2.47393	0.895764	-1.6657	1.09675	0.434183	
0.00332 0.303632	-0.0250993	0.642542	0.336229	-0.0120962	0.595019	0.303632	-0.0250993	0.642542	0.336229	-0.0125645	0.594861	1.39429	-1.51217	2.14552	-0.119136	-0.261565	-0.0814059	-4.5853	-2.41586	0.902209	-1.65838	1.10754	0.434634	
0.00124 0.303632	-0.0250993	0.642542	0.336371	-0.0120726	0.594979	0.303632	-0.0250993	0.642542	0.336371	-0.012542	0.59482	1.49282	-1.57724	2.13796	-0.127303	-0.272928	-0.0814263	-4.69754	-2.35393	0.913833	-1.65013	1.11901	0.434815	
0.00101 0.303632	-0.0250993	0.642542	0.336512	-0.0120504	0.594936	0.303632	-0.0250993	0.642542	0.336511	-0.0125209	0.594777	1.58505	-1.62984	2.13365	-0.134308	-0.283586	-0.0813693	-4.80329	-2.30456	0.922442	-1.64304	1.12977	0.434929	
0.001 0.303632	-0.0250993	0.642542	0.336657	-0.0120272	0.594893	0.303632	-0.0250993	0.642542	0.336656	-0.0124989	0.594732	1.66749	-1.66757	2.13472	-0.139796	-0.293096	-0.0812542	-4.89972	-2.27015	0.925785	-1.63747	1.13939	0.434984	
0.00098 0.303632	-0.0250993	0.642542	0.3368	-0.0120018	0.59485	0.303632	-0.0250993	0.642542	0.336798	-0.0124747	0.594688	1.74266	-1.6985	2.14127	-0.144698	-0.301683	-0.0809369	-4.98871	-2.24263	0.923443	-1.63248	1.14808	0.434831	
0.00097 0.303632	-0.0250993	0.642542	0.336942	-0.0119754	0.594803	0.303632	-0.0250993	0.642542	0.336939	-0.0124495	0.59464	1.80968	-1.73123	2.15469	-0.149874	-0.309203	-0.0803539	-5.06937	-2.21367	0.914465	-1.62722	1.15571	0.43442	
0.00142 0.303632	-0.0250993	0.642542	0.337086	-0.0119513	0.594757	0.303632	-0.0250993	0.642542	0.337083	-0.0124266	0.594593	1.8612	-1.76825	2.17043	-0.155592	-0.315034	-0.0794855	-5.13474	-2.18021	0.903352	-1.62142	1.16165	0.433729	
0.00161 0.303632	-0.0250993	0.642542	0.337227	-0.0119261	0.594711	0.303632	-0.0250993	0.642542	0.337224	-0.0124027	0.594546	1.8897	-1.80183	2.18076	-0.161067	-0.318623	-0.0783943	-5.17681	-2.15025	0.897484	-1.61586	1.16535	0.432809	
0.00149 0.303632	-0.0250993	0.642542	0.337372	-0.0119017	0.594657	0.303632	-0.0250993	0.642542	0.337368	-0.0123796	0.594491	1.89738	-1.82642	2.1862	-0.16565	-0.320125	-0.0771619	-5.19832	-2.12972	0.897175	-1.61118	1.16696	0.431765	
0.00316 0.303632	-0.0250993	0.642542	0.337518	-0.0118774	0.594611	0.303632	-0.0250993	0.642542	0.337513	-0.0123565	0.594443	1.901	-1.85493	2.19278	-0.170646	-0.321077	-0.0758062	-5.21596	-2.1048	0.895257	-1.6061	1.16802	0.430584	
0.00221 0.303632	-0.0250993	0.642542	0.337659	-0.01185	0.59456	0.303632	-0.0250993	0.642542	0.337654	-0.0123304	0.594391	1.91213	-1.90057	2.20607	-0.177366	-0.322488	-0.0742894	-5.24065	-2.06325	0.886695	-1.59929	1.16955	0.429244	
0.00577 0.303632	-0.0250993	0.642542	0.3378	-0.0118243	0.594509	0.303632	-0.0250993	0.642542	0.337795	-0.012306	0.594339	1.91934	-1.9549	2.2317	-0.184671	-0.322874	-0.0725859	-5.26142	-2.01289	0.865917	-1.59189	1.17004	0.427718	
0.00443 0.303632	-0.0250993	0.642542	0.33794	-0.0117986	0.59446	0.303632	-0.0250993	0.642542	0.337934	-0.0122816	0.594289	1.91651	-2.00789	2.26587	-0.191476	-0.32167	-0.0707006	-5.27204	-1.96375	0.836425	-1.585	1.16895	0.426005	
0.00564 0.303632	-0.0250993	0.642542	0.338082	-0.0117713	0.594409	0.303632	-0.0250993	0.642542	0.338075	-0.0122556	0.594237	1.91558	-2.06557	2.30322	-0.198556	-0.320302	-0.0686367	-5.2847	-1.91019	0.80389	-1.57783	1.16769	0.424118	
0.00273 0.303632	-0.0250993	0.642542	0.338221	-0.0117479	0.594358	0.303632	-0.0250993	0.642542	0.338214	-0.0122334	0.594185	1.91573	-2.12705	2.34917	-0.205684	-0.318439	-0.0664371	-5.29814	-1.85258	0.762907	-1.57062	1.16594	0.422103	
0.00296 0.303632	-0.0250993	0.642542	0.338358	-0.0117172	0.59431	0.303632	-0.0250993	0.642542	0.33835	-0.012204	0.594136	1.89964	-2.17833	2.404	-0.21128	-0.31417	-0.0641002	-5.29526	-1.80543	0.712382	-1.56494	1.16178	0.419928	
0.00212 0.303632	-0.0250993	0.642542	0.338496	-0.0116935	0.594259	0.303632	-0.0250993	0.642542	0.338488	-0.0121815	0.594084	1.85355	-2.20337	2.45857	-0.213758	-0.306338	-0.0616555	-5.26238	-1.78428	0.662745	-1.56237	1.15406	0.417663	
0.00204 0.303632	-0.0250993	0.642542	0.338631	-0.0116621	0.594204	0.303632	-0.0250993	0.642542	0.338622	-0.0121515	0.594028	1.78081	-2.19933	2.51456	-0.212735	-0.295308	-0.059253	-5.2026	-1.79298	0.611512	-1.5633	1.14314	0.415435	
0.00106 0.303632	-0.0250993	0.642542	0.338762	-0.0116369	0.594154	0.303632	-0.0250993	0.642542	0.338753	-0.0121276	0.593977	1.6858	-2.17183	2.58038	-0.208666	-0.281301	-0.0569035	-5.12018	-1.82441	0.550399	-1.56729	1.12924	0.41325	
0.00102 0.303632	-0.0250993	0.642542	0.338893	-0.0116088	0.594104	0.303632	-0.0250993	0.642542	0.338884	-0.0121008	0.593925	1.5553	-2.11252	2.65356	-0.200706	-0.262991	-0.0545152	-5.00233	-1.88793	0.481813	-1.57516	1.11104	0.411028	
0.00246 0.303632	-0.0250993	0.642542	0.339021	-0.0115824	0.594053	0.303632	-0.0250993	0.642542	0.339011	-0.0120756	0.593874	1.38147	-2.01265	2.73103	-0.187956	-0.239669	-0.0521225	-4.84072	-1.99186	0.408904	-1.58783	1.08783	0.408798	
0.00144 0.303632	-0.0250993	0.642542	0.339147	-0.0115558	0.594	0.303632	-0.0250993	0.642542	0.339137	-0.0120504	0.593819	1.16515	-1.86608	2.81435	-0.169739	-0.211387	-0.0498125	-4.63648	-2.14276	0.33045	-1.60596	1.05965	0.40666	
0.00128 0.303632	-0.0250993	0.642542	0.339525	-0.0114751	0.593845	0.303632	-0.0250993	0.642542	0.339514	-0.0119734	0.593661	0.286497	-1.13177	3.06592	-0.0815494	-0.100944	-0.0441171	-3.79405	-2.88965	0.0928703	-1.6939	0.949532	0.401456	
0.0025 0.303632	-0.0250993	0.642542	0.339647	-0.0114456	0.593793	0.303632	-0.0250993	0.642542	0.339635	-0.0119452	0.593607	-0.0247989	-0.849776	3.15879	-0.0476605	-0.0617412	-0.0427479	-3.49443	-3.17613	0.00449028	-1.7277	0.910438	0.400248	
0.00162 0.303632	-0.0250993	0.642542	0.339769	-0.0114171	0.593747	0.303632	-0.0250993	0.642542	0.339757	-0.011918	0.593561	-0.328069	-0.576997	3.2518	-0.0147269	-0.0234874	-0.041561	-3.203	-3.45281	-0.0844668	-1.76055	0.87229	0.399205	
0.00424 0.303632	-0.0250993	0.642542	0.339891	-0.0113944	0.593695	0.303632	-0.0250993	0.642542	0.339879	-0.0118967	0.593507	-0.626655	-0.312255	3.33123	0.0170452	0.0136569	-0.0404573	-2.91597	-3.72159	-0.158975	-1.79225	0.835242	0.398271	
0.0019 0.303632	-0.0250993	0.642542	0.340011	-0.0113657	0.593646	0.303632	-0.0250993	0.642542	0.339998	-0.0118692	0.593458	-0.91566	-0.0534425	3.39558	0.0478057	0.0490856	-0.039474	-2.63847	-3.9846	-0.219076	-1.82293	0.799916	0.39744	
0.00123 0.303632	-0.0250993	0.642542	0.340129	-0.011345	0.593596	0.303632	-0.0250993	0.642542	0.340117	-0.0118499	0.593407	-1.19219	0.199775	3.44967	0.0776782	0.0826322	-0.0386647	-2.37324	-4.24154	-0.268376	-1.85272	0.766471	0.396793	
0.00106 0.303632	-0.0250993	0.642542	0.340245	-0.0113154	0.593548	0.303632	-0.0250993	0.642542	0.340232	-0.0118216	0.593358	-1.45351	0.441114	3.49746	0.106026	0.114118	-0.037986	-2.12306	-4.48709	-0.312086	-1.88099	0.735086	0.396261	
0.0012 0.303632	-0.0250993	0.642542	0.340361	-0.0112899	0.593504	0.303632	-0.0250993	0.642542	0.340348	-0.0117974	0.593313	-1.69341	0.663314	3.53901	0.132044	0.14285	-0.0374411	-1.89434	-4.71297	-0.349604	-1.90693	0.706449	0.395861	
0.00111 0.303632	-0.0250993	0.642542	0.340478	-0.0112634	0.593458	0.303632	-0.0250993	0.642542	0.340464	-0.0117722	0.593265	-1.91876	0.876065	3.57118	0.156761	0.169452	-0.0370952	-1.68021	-4.92963	-0.377628	-1.93157	0.67995	0.395662	
0.00484 0.303632	-0.0250993	0.642542	0.340591	-0.0112341	0.593411	0.303632	-0.0250993	0.642542	0.340577	-0.0117442	0.593218	-2.14397	1.09154	3.59727	0.181621	0.195622	-0.0369324	-1.46589	-5.14919	-0.399761	-1.95635	0.653878	0.39564	
0.00321 0.303632	-0.0250993	0.642542	0.340704	-0.0112108	0.593367	0.303632	-0.0250993	0.642542	0.34069	-0.0117222	0.593173	-2.37565	1.31422	3.62079	0.207213	0.222233	-0.0368922	-1.24508	-5.37545	-0.419186	-1.98187	0.62736	0.395745	
0.00118 0.303632	-0.0250993	0.642542	0.340819	-0.0111806	0.593325	0.303632	-0.0250993	0.642542	0.340804	-0.0116933	0.59313	-2.61546	1.54687	3.63503	0.233737	0.24925	-0.0369637	-1.01641	-5.61194	-0.429868	-2.00832	0.600442	0.395948	
0.00098 0.303632	-0.0250993	0.642542	0.34093	-0.0111579	0.593284	0.303632	-0.0250993	0.642542	0.340916	-0.0116718	0.593088	-2.86256	1.78775	3.63557	0.260959	0.276436	-0.0371393	-0.780004	-5.85618	-0.426456	-2.03547	0.573346	0.396262	
0.00107 0.303632	-0.0250993	0.642542	0.341041	-0.0111309	0.59324	0.303632	-0.0250993	0.642542	0.341027	-0.011646	0.593043	-3.11798	2.0349	3.62885	0.288803	0.304158	-0.0373708	-0.53533	-6.10707	-0.415937	-2.06324	0.545724	0.396628	
0.00102 0.303632	-0.0250993	0.642542	0.341153	-0.0111065	0.5932	0.303632	-0.0250993	0.642542	0.341138	-0.0116229	0.593002	-3.38322	2.28474	3.6211	0.316976	0.332831	-0.0375955	-0.280797	-6.36029	-0.404444	-2.09135	0.517142	0.396984	
0.00515 0.303632	-0.0250993	0.642542	0.341262	-0.0110829	0.593163	0.303632	-0.0250993	0.642542	0.341247	-0.0116004	0.592965	-3.65197	2.53464	3.61051	0.345115	0.361731	-0.0378292	-0.0225763	-6.6133	-0.39047	-2.11942	0.488329	0.397343	
0.004661 0.303632	-0.0250993	0.642542	0.341372	-0.0110581	0.593125	0.303632	-0.0250993	0.642542	0.341357	-0.0115769	0.592926	-3.91873	2.78714	3.59097	0.373326	0.390054	-0.0381348	0.23354	-6.86905	-0.367383	-2.14756	0.460093	0.397775	
0.00367 0.303632	-0.0250993	0.642542	0.341477	-0.0110323	0.593091	0.303632	-0.0250993	0.642542	0.341461	-0.0115522	0.592891	-4.18256	3.04264	3.55746	0.401538	0.417503	-0.0385314	0.487174	-7.12769	-0.330879	-2.17571	0.432729	0.39829	
0.00206 0.303632	-0.0250993	0.642542	0.341581	-0.0110088	0.59306	0.303632	-0.0250993	0.642542	0.341566	-0.0115298	0.592859	-4.4463	3.30209	3.51036	0.429836	0.44438	-0.0389622	0.740783	-7.38992	-0.280819	-2.20394	0.405936	0.398832	
0.00259 0.303632	-0.0250993	0.642542	0.341683	-0.010984	0.593028	0.303632	-0.0250993	0.642542	0.341668	-0.0115062	0.592826	-4.7062	3.55988	3.45659	0.457723	0.47051	-0.0393724	0.990739	-7.65059	-0.224174	-2.23177	0.379888	0.399349	
0.00392 0.303632	-0.0250993	0.642542	0.341783	-0.0109596	0.592999	0.303632	-0.0250993	0.642542	0.341767	-0.0114827	0.592797	-4.95488	3.80937	3.40271	0.484647	0.495295	-0.039831	1.22967	-7.9028	-0.167692	-2.25863	0.355183	0.399912	
0.0052 0.303632	-0.0250993	0.642542	0.341882	-0.0109371	0.592969	0.303632	-0.0250993	0.642542	0.341867	-0.0114613	0.592766	-5.20273	4.06353	3.34825	0.512088	0.519862	-0.0403917	1.46782	-8.15957	-0.110405	-2.28602	0.330695	0.400575	
0.00315 0.303632	-0.0250993	0.642542	0.341978	-0.0109117	0.592941	0.303632	-0.0250993	0.642542	0.341963	-0.011437	0.592738	-5.46109	4.3313	3.29153	0.541	0.545466	-0.0409619	1.71678	-8.43006	-0.0512789	-2.31487	0.305173	0.401241	
0.00455 0.303632	-0.0250993	0.642542	0.342076	-0.0108884	0.592917	0.303632	-0.0250993	0.642542	0.342061	-0.0114147	0.592712	-5.72714	4.60726	3.23304	0.570785	0.571873	-0.0414895	1.97321	-8.70838	0.00952991	-2.3446	0.278842	0.401862	
0.00286 0.303632	-0.0250993	0.642542	0.342175	-0.010861	0.59289	0.303632	-0.0250993	0.642542	0.34216	-0.0113884	0.592685	-5.99068	4.88119	3.17479	0.600387	0.598055	-0.0420325	2.22702	-8.985	0.0699816	-2.37414	0.25274	0.402495	
0.0047 0.303632	-0.0250993	0.642542	0.342271	-0.0108385	0.592864	0.303632	-0.0250993	0.642542	0.342256	-0.0113669	0.592659	-6.24056	5.13737	3.12352	0.628227	0.62305	-0.0425899	2.46747	-9.2436	0.1237	-2.40193	0.227822	0.403147	
0.00216 0.303632	-0.0250993	0.642542	0.342368	-0.0108138	0.592837	0.303632	-0.0250993	0.642542	0.342353	-0.0113432	0.592631	-6.47025	5.3673	3.08487	0.653435	0.646387	-0.043084	2.68764	-9.47613	0.164743	-2.42708	0.204561	0.403735	
0.00105 0.303632	-0.0250993	0.642542	0.342462	-0.0107885	0.592813	0.303632	-0.0250993	0.642542	0.342447	-0.0113189	0.592606	-6.67616	5.56835	3.05819	0.675667	0.667665	-0.0434621	2.88432	-9.67971	0.193577	-2.44926	0.183359	0.404203	
0.00102 0.303632	-0.0250993	0.642542	0.342558	-0.0107661	0.592792	0.303632	-0.0250993	0.642542	0.342543	-0.0112975	0.592584	-6.85674	5.73979	3.03633	0.694651	0.686449	-0.0436653	3.05546	-9.85317	0.217469	-2.46819	0.16465	0.404488	
0.001 0.303632	-0.0250993	0.642542	0.342654	-0.0107419	0.592767	0.303632	-0.0250993	0.642542	0.34264	-0.0112743	0.592559	-7.01514	5.88733	3.01178	0.710833	0.702782	-0.0437082	3.20439	-10.0032	0.244297	-2.48432	0.14839	0.404625	
0.00103 0.303632	-0.0250993	0.642542	0.342745	-0.010718	0.59274	0.303632	-0.0250993	0.642542	0.342731	-0.0112515	0.592532	-7.15601	6.01722	2.98687	0.724906	0.7172	-0.0436377	3.33633	-10.1356	0.271554	-2.49834	0.134046	0.404648	
0.00106 0.303632	-0.0250993	0.642542	0.342842	-0.0106932	0.592713	0.303632	-0.0250993	0.642542	0.342828	-0.0112278	0.592504	-7.28079	6.13064	2.96376	0.737018	0.729804	-0.0435117	3.45167	-10.2517	0.297084	-2.51039	0.121515	0.404612	
0.00278 0.303632	-0.0250993	0.642542	0.342935	-0.0106688	0.592685	0.303632	-0.0250993	0.642542	0.34292	-0.0112044	0.592475	-7.38539	6.22329	2.9382	0.746619	0.73984	-0.0434592	3.54719	-10.3471	0.325112	-2.51994	0.111554	0.404659	
0.00387 0.303632	-0.0250993	0.642542	0.343032	-0.0106442	0.592654	0.303632	-0.0250993	0.642542	0.343018	-0.011181	0.592444	-7.46256	6.29033	2.90766	0.753035	0.746322	-0.043498	3.61489	-10.4169	0.358364	-2.5263	0.105148	0.404793	
0.00293 0.303632	-0.0250993	0.642542	0.343131	-0.0106173	0.592623	0.303632	-0.0250993	0.642542	0.343117	-0.0111552	0.592413	-7.50949	6.33104	2.86941	0.756034	0.748825	-0.0435685	3.6521	-10.4606	0.399217	-2.52924	0.102725	0.404961	
0.0028 0.303632	-0.0250993	0.642542	0.34323	-0.0105917	0.592584	0.303632	-0.0250993	0.642542	0.343217	-0.0111309	0.592373	-7.52372	6.34214	2.82197	0.755219	0.747054	-0.0436146	3.65666	-10.4752	0.45006	-2.52836	0.104583	0.40512	
0.0045 0.303632	-0.0250993	0.642542	0.343335	-0.010566	0.592544	0.303632	-0.0250993	0.642542	0.343321	-0.0111066	0.592332	-7.49629	6.31232	2.77042	0.749496	0.740236	-0.043649	3.61916	-10.4488	0.50524	-2.52257	0.111491	0.405273	
0.00481 0.303632	-0.0250993	0.642542	0.343442	-0.0105393	0.592498	0.303632	-0.0250993	0.642542	0.343428	-0.0110813	0.592285	-7.405	6.21732	2.7191	0.736265	0.72607	-0.0437069	3.51755	-10.3577	0.560593	-2.50927	0.12575	0.405455	
0.00274 0.303632	-0.0250993	0.642542	0.343551	-0.0105132	0.592452	0.303632	-0.0250993	0.642542	0.343537	-0.0110566	0.592239	-7.22831	6.03526	2.66656	0.712985	0.702207	-0.0437559	3.33032	-10.1795	0.617178	-2.48592	0.149703	0.405629	
0.0017 0.303632	-0.0250993	0.642542	0.343661	-0.0104864	0.592403	0.303632	-0.0250993	0.642542	0.343647	-0.0110313	0.592189	-6.97482	5.77477	2.60874	0.680534	0.669581	-0.043777	3.06629	-9.92313	0.679289	-2.4534	0.182421	0.405786	
0.0022 0.303632	-0.0250993	0.642542	0.34377	-0.010461	0.59235	0.303632	-0.0250993	0.642542	0.343756	-0.0110075	0.592135	-6.6628	5.45955	2.54668	0.641609	0.630332	-0.0438171	2.74383	-9.6122	0.746114	-2.4144	0.221769	0.405969	
0.00179 0.303632	-0.0250993	0.642542	0.34388	-0.0104344	0.592295	0.303632	-0.0250993	0.642542	0.343867	-0.0109824	0.592079	-6.30365	5.10753	2.48291	0.598257	0.585844	-0.0439086	2.37418	-9.26473	0.814745	-2.37097	0.266353	0.406209	
0.00513 0.303632	-0.0250993	0.642542	0.343993	-0.010407	0.592237	0.303632	-0.0250993	0.642542	0.343979	-0.0109567	0.59202	-5.91386	4.7326	2.41454	0.552002	0.537799	-0.0440338	1.9737	-8.89453	0.888196	-2.32463	0.314498	0.406488	
0.00429 0.303632	-0.0250993	0.642542	0.344103	-0.010381	0.592182	0.303632	-0.0250993	0.642542	0.344089	-0.0109322	0.591965	-5.51114	4.34696	2.33728	0.504188	0.487917	-0.0441593	1.56056	-8.51333	0.970339	-2.27674	0.364475	0.406762	
0.00243 0.303632	-0.0250993	0.642542	0.344211	-0.0103515	0.592123	0.303632	-0.0250993	0.642542	0.344197	-0.0109042	0.591905	-5.11807	3.96758	2.2548	0.456824	0.438738	-0.0442449	1.15718	-8.13889	1.05783	-2.2293	0.413759	0.406999	
0.00308 0.303632	-0.0250993	0.642542	0.34432	-0.0103265	0.59206	0.303632	-0.0250993	0.642542	0.344305	-0.0108809	0.591841	-4.75679	3.61277	2.177	0.412151	0.392926	-0.0443401	0.785673	-7.78898	1.14124	-2.18454	0.459675	0.407262	
0.00153 0.303632	-0.0250993	0.642542	0.344432	-0.0102986	0.592	0.303632	-0.0250993	0.642542	0.344417	-0.0108545	0.59178	-4.42858	3.28987	2.10697	0.370974	0.350622	-0.0445377	0.446869	-7.47101	1.21653	-2.14328	0.502084	0.407624	
0.00108 0.303632	-0.0250993	0.642542	0.344544	-0.0102721	0.591939	0.303632	-0.0250993	0.642542	0.344529	-0.0108297	0.591719	-4.1275	2.99587	2.04168	0.332842	0.311002	-0.0448516	0.135239	-7.18183	1.28725	-2.10506	0.54181	0.408103	
0.00106 0.303632	-0.0250993	0.642542	0.344657	-0.0102457	0.591872	0.303632	-0.0250993	0.642542	0.344642	-0.010805	0.591651	-3.8487	2.72411	1.98172	0.297032	0.273601	-0.0452114	-0.154208	-6.91534	1.35315	-2.06916	0.579315	0.408641	
0.00139 0.303632	-0.0250993	0.642542	0.344772	-0.0102171	0.591803	0.303632	-0.0250993	0.642542	0.344756	-0.0107781	0.591581	-3.57951	2.46512	1.93278	0.262681	0.237332	-0.0456582	-0.434131	-6.66183	1.40809	-2.03472	0.615698	0.409265	
0.00126 0.303632	-0.0250993	0.642542	0.344887	-0.0101911	0.591735	0.303632	-0.0250993	0.642542	0.344871	-0.0107538	0.591512	-3.29986	2.20184	1.89689	0.227997	0.200123	-0.0462452	-0.724603	-6.40388	1.45017	-1.99995	0.653018	0.410033	
0.00399 0.303632	-0.0250993	0.642542	0.345003	-0.010165	0.591664	0.303632	-0.0250993	0.642542	0.344987	-0.0107295	0.591441	-2.99845	1.92218	1.87055	0.191583	0.160705	-0.0469213	-1.03682	-6.12963	1.48277	-1.96344	0.692548	0.410893	
0.00218 0.303632	-0.0250993	0.642542	0.345119	-0.0101385	0.591592	0.303632	-0.0250993	0.642542	0.345102	-0.0107048	0.591368	-2.6904	1.63683	1.85398	0.154704	0.120864	-0.0476191	-1.35565	-5.84984	1.50581	-1.92647	0.732499	0.411776	
0.00205 0.303632	-0.0250993	0.642542	0.345232	-0.0101154	0.591518	0.303632	-0.0250993	0.642542	0.345215	-0.0106834	0.591293	-2.39802	1.37036	1.84871	0.120234	0.0832119	-0.0484013	-1.65848	-5.58892	1.51781	-1.89191	0.77026	0.412754	
0.005 0.303632	-0.0250993	0.642542	0.345345	-0.0100859	0.591445	0.303632	-0.0250993	0.642542	0.345328	-0.0106557	0.591219	-2.13696	1.14224	1.85359	0.0903973	0.0495551	-0.0492989	-1.93009	-5.36666	1.51923	-1.86198	0.804028	0.413837	
